Year,Month,Model_Name,Variant_Code,Description,Monthly_Sales
2015,1,Model 1,V101,"Premium hatchback with a 1.2L petrol engine, 5-speed manual transmission, seating for five, dual airbags, ABS with EBD, LED DRLs, touchscreen infotainment, Apple CarPlay & Android Auto, excellent fuel efficiency and smooth city driving.",20
2015,1,Model 1,V102,"Premium hatchback powered by a 1.2L petrol engine with automatic transmission, reverse camera, cruise control, alloy wheels, automatic climate control and advanced infotainment for comfortable urban travel.",8
2015,1,Model 1,V103,"Mid-size sedan featuring a 1.5L petrol engine, manual transmission, spacious cabin, LED headlamps, rear AC vents, smart key access and balanced performance for everyday driving.",6
2015,1,Model 1,V104,"Premium sedan equipped with a 1.5L petrol engine and CVT automatic transmission, sunroof, wireless charging, connected car technology, six airbags and refined ride comfort.",12
2015,1,Model 2,V201,"Compact SUV powered by a 1.5L turbo diesel engine with manual gearbox, hill hold assist, rear parking sensors, 17-inch alloy wheels and practical family-oriented features.",44
2015,1,Model 2,V202,"Compact diesel SUV with automatic transmission, premium interior, electronic stability control, rear camera, ABS, spacious cabin and comfortable long-distance performance.",42
2015,1,Model 2,V203,"Sporty compact SUV featuring a 1.5L turbo petrol engine, manual transmission, LED lighting, touchscreen navigation and dynamic styling for enthusiastic drivers.",34
2015,1,Model 2,V204,"Compact SUV with turbo petrol engine and automatic transmission, push-button start, automatic climate control, connected vehicle technology and premium comfort.",31
2015,1,Model 2,V205,"Hybrid compact SUV with 1.5L petrol hybrid engine, e-CVT transmission, regenerative braking, outstanding fuel economy, advanced safety systems and intelligent driving assistance.",72
2015,1,Model 2,V206,"All-electric compact SUV producing 150 kW, fast charging support, approximately 450 km driving range, regenerative braking and connected smart mobility features.",30
2015,1,Model 2,V207,"Premium AWD SUV with 2.0L turbo petrol engine, panoramic sunroof, leather upholstery, 360-degree camera, ADAS safety features and luxury interior.",76
2015,1,Model 2,V208,"Premium diesel SUV equipped with AWD, terrain response modes, seven-seat configuration, premium audio system and excellent highway capability.",60
2015,1,Model 2,V209,"Family SUV powered by a 2.0L turbo petrol engine, automatic transmission, digital instrument cluster, connected navigation and spacious seven-seat layout.",24
2015,1,Model 2,V210,"Hybrid family SUV offering advanced driver assistance, adaptive cruise control, premium comfort, efficient hybrid technology and smooth e-CVT transmission.",24
2015,1,Model 3,V301,"Executive sedan with 1.8L petrol engine, premium cabin, manual transmission, projector LED headlamps and elegant styling.",44
2015,1,Model 3,V302,"Executive automatic sedan with leather upholstery, dual-zone climate control, connected infotainment and refined ride quality.",42
2015,1,Model 3,V303,"Performance sedan featuring a 2.0L petrol engine, paddle shifters, sport suspension, 18-inch alloy wheels and responsive handling.",34
2015,1,Model 3,V304,"Luxury hybrid sedan with intelligent safety systems, premium interior, exceptional fuel efficiency and smooth e-CVT performance.",31
2015,1,Model 3,V305,"Performance edition sedan powered by a turbo petrol engine with premium infotainment, sport exhaust, wireless charging and athletic design.",72
2015,1,Model 3,V306,"Executive diesel sedan offering automatic transmission, spacious rear seating, superior ride comfort and long-distance efficiency.",30
2015,1,Model 3,V307,"Luxury petrol sedan with panoramic sunroof, premium leather interior, ten airbags, connected technology and refined driving dynamics.",76
2015,1,Model 3,V308,"Luxury hybrid sedan equipped with adaptive cruise control, ventilated seats, premium sound system and intelligent safety features.",60
2015,1,Model 3,V309,"Electric luxury sedan delivering approximately 550 km range, fast charging capability, connected vehicle platform and premium comfort.",24
2015,1,Model 3,V310,"High-performance dual-motor electric sedan capable of rapid acceleration, all-wheel drive, advanced driver assistance and cutting-edge technology.",24
2015,1,Model 4,V401,"Luxury seven-seat SUV with 2.5L petrol engine, AWD, panoramic sunroof, leather seats, premium infotainment and exceptional comfort.",11
2015,1,Model 4,V402,"Luxury diesel SUV with terrain management system, electronic parking brake, connected technology and spacious premium cabin.",17
2015,1,Model 4,V403,"Performance SUV featuring a 3.0L turbo petrol engine, adaptive suspension, AWD system and 20-inch alloy wheels.",18
2015,1,Model 4,V404,"Flagship luxury SUV powered by a 3.0L V6 petrol engine, ventilated seats, 360-degree camera, ADAS Level 2 and premium craftsmanship.",30
2015,1,Model 4,V405,"Flagship diesel SUV with air suspension, intelligent AWD, premium leather interior, advanced infotainment and executive comfort.",35
2015,1,Model 4,V406,"Dual-motor electric luxury SUV producing 300 kW, approximately 600 km driving range, ultra-fast charging, autonomous driving features and premium technology.",8
2015,1,Model 4,V407,"Performance electric SUV with dual-motor AWD, sports interior, rapid acceleration, intelligent safety systems and dynamic driving experience.",33
2015,1,Model 4,V408,"Flagship hybrid SUV powered by a 3.5L V6 hybrid engine, captain seats, panoramic glass roof, premium surround audio and comprehensive driver assistance.",16
2015,2,Model 1,V101,"Premium hatchback with a 1.2L petrol engine, 5-speed manual transmission, seating for five, dual airbags, ABS with EBD, LED DRLs, touchscreen infotainment, Apple CarPlay & Android Auto, excellent fuel efficiency and smooth city driving.",22
2015,2,Model 1,V102,"Premium hatchback powered by a 1.2L petrol engine with automatic transmission, reverse camera, cruise control, alloy wheels, automatic climate control and advanced infotainment for comfortable urban travel.",20
2015,2,Model 1,V103,"Mid-size sedan featuring a 1.5L petrol engine, manual transmission, spacious cabin, LED headlamps, rear AC vents, smart key access and balanced performance for everyday driving.",21
2015,2,Model 1,V104,"Premium sedan equipped with a 1.5L petrol engine and CVT automatic transmission, sunroof, wireless charging, connected car technology, six airbags and refined ride comfort.",18
2015,2,Model 2,V201,"Compact SUV powered by a 1.5L turbo diesel engine with manual gearbox, hill hold assist, rear parking sensors, 17-inch alloy wheels and practical family-oriented features.",60
2015,2,Model 2,V202,"Compact diesel SUV with automatic transmission, premium interior, electronic stability control, rear camera, ABS, spacious cabin and comfortable long-distance performance.",42
2015,2,Model 2,V203,"Sporty compact SUV featuring a 1.5L turbo petrol engine, manual transmission, LED lighting, touchscreen navigation and dynamic styling for enthusiastic drivers.",63
2015,2,Model 2,V204,"Compact SUV with turbo petrol engine and automatic transmission, push-button start, automatic climate control, connected vehicle technology and premium comfort.",76
2015,2,Model 2,V205,"Hybrid compact SUV with 1.5L petrol hybrid engine, e-CVT transmission, regenerative braking, outstanding fuel economy, advanced safety systems and intelligent driving assistance.",47
2015,2,Model 2,V206,"All-electric compact SUV producing 150 kW, fast charging support, approximately 450 km driving range, regenerative braking and connected smart mobility features.",22
2015,2,Model 2,V207,"Premium AWD SUV with 2.0L turbo petrol engine, panoramic sunroof, leather upholstery, 360-degree camera, ADAS safety features and luxury interior.",36
2015,2,Model 2,V208,"Premium diesel SUV equipped with AWD, terrain response modes, seven-seat configuration, premium audio system and excellent highway capability.",60
2015,2,Model 2,V209,"Family SUV powered by a 2.0L turbo petrol engine, automatic transmission, digital instrument cluster, connected navigation and spacious seven-seat layout.",53
2015,2,Model 2,V210,"Hybrid family SUV offering advanced driver assistance, adaptive cruise control, premium comfort, efficient hybrid technology and smooth e-CVT transmission.",47
2015,2,Model 3,V301,"Executive sedan with 1.8L petrol engine, premium cabin, manual transmission, projector LED headlamps and elegant styling.",60
2015,2,Model 3,V302,"Executive automatic sedan with leather upholstery, dual-zone climate control, connected infotainment and refined ride quality.",42
2015,2,Model 3,V303,"Performance sedan featuring a 2.0L petrol engine, paddle shifters, sport suspension, 18-inch alloy wheels and responsive handling.",63
2015,2,Model 3,V304,"Luxury hybrid sedan with intelligent safety systems, premium interior, exceptional fuel efficiency and smooth e-CVT performance.",76
2015,2,Model 3,V305,"Performance edition sedan powered by a turbo petrol engine with premium infotainment, sport exhaust, wireless charging and athletic design.",47
2015,2,Model 3,V306,"Executive diesel sedan offering automatic transmission, spacious rear seating, superior ride comfort and long-distance efficiency.",22
2015,2,Model 3,V307,"Luxury petrol sedan with panoramic sunroof, premium leather interior, ten airbags, connected technology and refined driving dynamics.",36
2015,2,Model 3,V308,"Luxury hybrid sedan equipped with adaptive cruise control, ventilated seats, premium sound system and intelligent safety features.",60
2015,2,Model 3,V309,"Electric luxury sedan delivering approximately 550 km range, fast charging capability, connected vehicle platform and premium comfort.",53
2015,2,Model 3,V310,"High-performance dual-motor electric sedan capable of rapid acceleration, all-wheel drive, advanced driver assistance and cutting-edge technology.",47
2015,2,Model 4,V401,"Luxury seven-seat SUV with 2.5L petrol engine, AWD, panoramic sunroof, leather seats, premium infotainment and exceptional comfort.",14
2015,2,Model 4,V402,"Luxury diesel SUV with terrain management system, electronic parking brake, connected technology and spacious premium cabin.",17
2015,2,Model 4,V403,"Performance SUV featuring a 3.0L turbo petrol engine, adaptive suspension, AWD system and 20-inch alloy wheels.",42
2015,2,Model 4,V404,"Flagship luxury SUV powered by a 3.0L V6 petrol engine, ventilated seats, 360-degree camera, ADAS Level 2 and premium craftsmanship.",23
2015,2,Model 4,V405,"Flagship diesel SUV with air suspension, intelligent AWD, premium leather interior, advanced infotainment and executive comfort.",12
2015,2,Model 4,V406,"Dual-motor electric luxury SUV producing 300 kW, approximately 600 km driving range, ultra-fast charging, autonomous driving features and premium technology.",11
2015,2,Model 4,V407,"Performance electric SUV with dual-motor AWD, sports interior, rapid acceleration, intelligent safety systems and dynamic driving experience.",24
2015,2,Model 4,V408,"Flagship hybrid SUV powered by a 3.5L V6 hybrid engine, captain seats, panoramic glass roof, premium surround audio and comprehensive driver assistance.",12
2015,3,Model 1,V101,"Premium hatchback with a 1.2L petrol engine, 5-speed manual transmission, seating for five, dual airbags, ABS with EBD, LED DRLs, touchscreen infotainment, Apple CarPlay & Android Auto, excellent fuel efficiency and smooth city driving.",17
2015,3,Model 1,V102,"Premium hatchback powered by a 1.2L petrol engine with automatic transmission, reverse camera, cruise control, alloy wheels, automatic climate control and advanced infotainment for comfortable urban travel.",17
2015,3,Model 1,V103,"Mid-size sedan featuring a 1.5L petrol engine, manual transmission, spacious cabin, LED headlamps, rear AC vents, smart key access and balanced performance for everyday driving.",24
2015,3,Model 1,V104,"Premium sedan equipped with a 1.5L petrol engine and CVT automatic transmission, sunroof, wireless charging, connected car technology, six airbags and refined ride comfort.",14
2015,3,Model 2,V201,"Compact SUV powered by a 1.5L turbo diesel engine with manual gearbox, hill hold assist, rear parking sensors, 17-inch alloy wheels and practical family-oriented features.",32
2015,3,Model 2,V202,"Compact diesel SUV with automatic transmission, premium interior, electronic stability control, rear camera, ABS, spacious cabin and comfortable long-distance performance.",80
2015,3,Model 2,V203,"Sporty compact SUV featuring a 1.5L turbo petrol engine, manual transmission, LED lighting, touchscreen navigation and dynamic styling for enthusiastic drivers.",89
2015,3,Model 2,V204,"Compact SUV with turbo petrol engine and automatic transmission, push-button start, automatic climate control, connected vehicle technology and premium comfort.",41
2015,3,Model 2,V205,"Hybrid compact SUV with 1.5L petrol hybrid engine, e-CVT transmission, regenerative braking, outstanding fuel economy, advanced safety systems and intelligent driving assistance.",70
2015,3,Model 2,V206,"All-electric compact SUV producing 150 kW, fast charging support, approximately 450 km driving range, regenerative braking and connected smart mobility features.",36
2015,3,Model 2,V207,"Premium AWD SUV with 2.0L turbo petrol engine, panoramic sunroof, leather upholstery, 360-degree camera, ADAS safety features and luxury interior.",90
2015,3,Model 2,V208,"Premium diesel SUV equipped with AWD, terrain response modes, seven-seat configuration, premium audio system and excellent highway capability.",61
2015,3,Model 2,V209,"Family SUV powered by a 2.0L turbo petrol engine, automatic transmission, digital instrument cluster, connected navigation and spacious seven-seat layout.",99
2015,3,Model 2,V210,"Hybrid family SUV offering advanced driver assistance, adaptive cruise control, premium comfort, efficient hybrid technology and smooth e-CVT transmission.",98
2015,3,Model 3,V301,"Executive sedan with 1.8L petrol engine, premium cabin, manual transmission, projector LED headlamps and elegant styling.",32
2015,3,Model 3,V302,"Executive automatic sedan with leather upholstery, dual-zone climate control, connected infotainment and refined ride quality.",80
2015,3,Model 3,V303,"Performance sedan featuring a 2.0L petrol engine, paddle shifters, sport suspension, 18-inch alloy wheels and responsive handling.",89
2015,3,Model 3,V304,"Luxury hybrid sedan with intelligent safety systems, premium interior, exceptional fuel efficiency and smooth e-CVT performance.",41
2015,3,Model 3,V305,"Performance edition sedan powered by a turbo petrol engine with premium infotainment, sport exhaust, wireless charging and athletic design.",70
2015,3,Model 3,V306,"Executive diesel sedan offering automatic transmission, spacious rear seating, superior ride comfort and long-distance efficiency.",36
2015,3,Model 3,V307,"Luxury petrol sedan with panoramic sunroof, premium leather interior, ten airbags, connected technology and refined driving dynamics.",90
2015,3,Model 3,V308,"Luxury hybrid sedan equipped with adaptive cruise control, ventilated seats, premium sound system and intelligent safety features.",61
2015,3,Model 3,V309,"Electric luxury sedan delivering approximately 550 km range, fast charging capability, connected vehicle platform and premium comfort.",99
2015,3,Model 3,V310,"High-performance dual-motor electric sedan capable of rapid acceleration, all-wheel drive, advanced driver assistance and cutting-edge technology.",98
2015,3,Model 4,V401,"Luxury seven-seat SUV with 2.5L petrol engine, AWD, panoramic sunroof, leather seats, premium infotainment and exceptional comfort.",30
2015,3,Model 4,V402,"Luxury diesel SUV with terrain management system, electronic parking brake, connected technology and spacious premium cabin.",42
2015,3,Model 4,V403,"Performance SUV featuring a 3.0L turbo petrol engine, adaptive suspension, AWD system and 20-inch alloy wheels.",20
2015,3,Model 4,V404,"Flagship luxury SUV powered by a 3.0L V6 petrol engine, ventilated seats, 360-degree camera, ADAS Level 2 and premium craftsmanship.",50
2015,3,Model 4,V405,"Flagship diesel SUV with air suspension, intelligent AWD, premium leather interior, advanced infotainment and executive comfort.",13
2015,3,Model 4,V406,"Dual-motor electric luxury SUV producing 300 kW, approximately 600 km driving range, ultra-fast charging, autonomous driving features and premium technology.",11
2015,3,Model 4,V407,"Performance electric SUV with dual-motor AWD, sports interior, rapid acceleration, intelligent safety systems and dynamic driving experience.",47
2015,3,Model 4,V408,"Flagship hybrid SUV powered by a 3.5L V6 hybrid engine, captain seats, panoramic glass roof, premium surround audio and comprehensive driver assistance.",22
2015,4,Model 1,V101,"Premium hatchback with a 1.2L petrol engine, 5-speed manual transmission, seating for five, dual airbags, ABS with EBD, LED DRLs, touchscreen infotainment, Apple CarPlay & Android Auto, excellent fuel efficiency and smooth city driving.",15
2015,4,Model 1,V102,"Premium hatchback powered by a 1.2L petrol engine with automatic transmission, reverse camera, cruise control, alloy wheels, automatic climate control and advanced infotainment for comfortable urban travel.",9
2015,4,Model 1,V103,"Mid-size sedan featuring a 1.5L petrol engine, manual transmission, spacious cabin, LED headlamps, rear AC vents, smart key access and balanced performance for everyday driving.",13
2015,4,Model 1,V104,"Premium sedan equipped with a 1.5L petrol engine and CVT automatic transmission, sunroof, wireless charging, connected car technology, six airbags and refined ride comfort.",9
2015,4,Model 2,V201,"Compact SUV powered by a 1.5L turbo diesel engine with manual gearbox, hill hold assist, rear parking sensors, 17-inch alloy wheels and practical family-oriented features.",71
2015,4,Model 2,V202,"Compact diesel SUV with automatic transmission, premium interior, electronic stability control, rear camera, ABS, spacious cabin and comfortable long-distance performance.",59
2015,4,Model 2,V203,"Sporty compact SUV featuring a 1.5L turbo petrol engine, manual transmission, LED lighting, touchscreen navigation and dynamic styling for enthusiastic drivers.",79
2015,4,Model 2,V204,"Compact SUV with turbo petrol engine and automatic transmission, push-button start, automatic climate control, connected vehicle technology and premium comfort.",69
2015,4,Model 2,V205,"Hybrid compact SUV with 1.5L petrol hybrid engine, e-CVT transmission, regenerative braking, outstanding fuel economy, advanced safety systems and intelligent driving assistance.",45
2015,4,Model 2,V206,"All-electric compact SUV producing 150 kW, fast charging support, approximately 450 km driving range, regenerative braking and connected smart mobility features.",69
2015,4,Model 2,V207,"Premium AWD SUV with 2.0L turbo petrol engine, panoramic sunroof, leather upholstery, 360-degree camera, ADAS safety features and luxury interior.",68
2015,4,Model 2,V208,"Premium diesel SUV equipped with AWD, terrain response modes, seven-seat configuration, premium audio system and excellent highway capability.",51
2015,4,Model 2,V209,"Family SUV powered by a 2.0L turbo petrol engine, automatic transmission, digital instrument cluster, connected navigation and spacious seven-seat layout.",58
2015,4,Model 2,V210,"Hybrid family SUV offering advanced driver assistance, adaptive cruise control, premium comfort, efficient hybrid technology and smooth e-CVT transmission.",35
2015,4,Model 3,V301,"Executive sedan with 1.8L petrol engine, premium cabin, manual transmission, projector LED headlamps and elegant styling.",71
2015,4,Model 3,V302,"Executive automatic sedan with leather upholstery, dual-zone climate control, connected infotainment and refined ride quality.",59
2015,4,Model 3,V303,"Performance sedan featuring a 2.0L petrol engine, paddle shifters, sport suspension, 18-inch alloy wheels and responsive handling.",79
2015,4,Model 3,V304,"Luxury hybrid sedan with intelligent safety systems, premium interior, exceptional fuel efficiency and smooth e-CVT performance.",69
2015,4,Model 3,V305,"Performance edition sedan powered by a turbo petrol engine with premium infotainment, sport exhaust, wireless charging and athletic design.",45
2015,4,Model 3,V306,"Executive diesel sedan offering automatic transmission, spacious rear seating, superior ride comfort and long-distance efficiency.",69
2015,4,Model 3,V307,"Luxury petrol sedan with panoramic sunroof, premium leather interior, ten airbags, connected technology and refined driving dynamics.",68
2015,4,Model 3,V308,"Luxury hybrid sedan equipped with adaptive cruise control, ventilated seats, premium sound system and intelligent safety features.",51
2015,4,Model 3,V309,"Electric luxury sedan delivering approximately 550 km range, fast charging capability, connected vehicle platform and premium comfort.",58
2015,4,Model 3,V310,"High-performance dual-motor electric sedan capable of rapid acceleration, all-wheel drive, advanced driver assistance and cutting-edge technology.",35
2015,4,Model 4,V401,"Luxury seven-seat SUV with 2.5L petrol engine, AWD, panoramic sunroof, leather seats, premium infotainment and exceptional comfort.",44
2015,4,Model 4,V402,"Luxury diesel SUV with terrain management system, electronic parking brake, connected technology and spacious premium cabin.",45
2015,4,Model 4,V403,"Performance SUV featuring a 3.0L turbo petrol engine, adaptive suspension, AWD system and 20-inch alloy wheels.",18
2015,4,Model 4,V404,"Flagship luxury SUV powered by a 3.0L V6 petrol engine, ventilated seats, 360-degree camera, ADAS Level 2 and premium craftsmanship.",40
2015,4,Model 4,V405,"Flagship diesel SUV with air suspension, intelligent AWD, premium leather interior, advanced infotainment and executive comfort.",51
2015,4,Model 4,V406,"Dual-motor electric luxury SUV producing 300 kW, approximately 600 km driving range, ultra-fast charging, autonomous driving features and premium technology.",23
2015,4,Model 4,V407,"Performance electric SUV with dual-motor AWD, sports interior, rapid acceleration, intelligent safety systems and dynamic driving experience.",18
2015,4,Model 4,V408,"Flagship hybrid SUV powered by a 3.5L V6 hybrid engine, captain seats, panoramic glass roof, premium surround audio and comprehensive driver assistance.",36
2015,5,Model 1,V101,"Premium hatchback with a 1.2L petrol engine, 5-speed manual transmission, seating for five, dual airbags, ABS with EBD, LED DRLs, touchscreen infotainment, Apple CarPlay & Android Auto, excellent fuel efficiency and smooth city driving.",18
2015,5,Model 1,V102,"Premium hatchback powered by a 1.2L petrol engine with automatic transmission, reverse camera, cruise control, alloy wheels, automatic climate control and advanced infotainment for comfortable urban travel.",14
2015,5,Model 1,V103,"Mid-size sedan featuring a 1.5L petrol engine, manual transmission, spacious cabin, LED headlamps, rear AC vents, smart key access and balanced performance for everyday driving.",25
2015,5,Model 1,V104,"Premium sedan equipped with a 1.5L petrol engine and CVT automatic transmission, sunroof, wireless charging, connected car technology, six airbags and refined ride comfort.",27
2015,5,Model 2,V201,"Compact SUV powered by a 1.5L turbo diesel engine with manual gearbox, hill hold assist, rear parking sensors, 17-inch alloy wheels and practical family-oriented features.",91
2015,5,Model 2,V202,"Compact diesel SUV with automatic transmission, premium interior, electronic stability control, rear camera, ABS, spacious cabin and comfortable long-distance performance.",52
2015,5,Model 2,V203,"Sporty compact SUV featuring a 1.5L turbo petrol engine, manual transmission, LED lighting, touchscreen navigation and dynamic styling for enthusiastic drivers.",64
2015,5,Model 2,V204,"Compact SUV with turbo petrol engine and automatic transmission, push-button start, automatic climate control, connected vehicle technology and premium comfort.",33
2015,5,Model 2,V205,"Hybrid compact SUV with 1.5L petrol hybrid engine, e-CVT transmission, regenerative braking, outstanding fuel economy, advanced safety systems and intelligent driving assistance.",53
2015,5,Model 2,V206,"All-electric compact SUV producing 150 kW, fast charging support, approximately 450 km driving range, regenerative braking and connected smart mobility features.",31
2015,5,Model 2,V207,"Premium AWD SUV with 2.0L turbo petrol engine, panoramic sunroof, leather upholstery, 360-degree camera, ADAS safety features and luxury interior.",63
2015,5,Model 2,V208,"Premium diesel SUV equipped with AWD, terrain response modes, seven-seat configuration, premium audio system and excellent highway capability.",73
2015,5,Model 2,V209,"Family SUV powered by a 2.0L turbo petrol engine, automatic transmission, digital instrument cluster, connected navigation and spacious seven-seat layout.",58
2015,5,Model 2,V210,"Hybrid family SUV offering advanced driver assistance, adaptive cruise control, premium comfort, efficient hybrid technology and smooth e-CVT transmission.",34
2015,5,Model 3,V301,"Executive sedan with 1.8L petrol engine, premium cabin, manual transmission, projector LED headlamps and elegant styling.",91
2015,5,Model 3,V302,"Executive automatic sedan with leather upholstery, dual-zone climate control, connected infotainment and refined ride quality.",52
2015,5,Model 3,V303,"Performance sedan featuring a 2.0L petrol engine, paddle shifters, sport suspension, 18-inch alloy wheels and responsive handling.",64
2015,5,Model 3,V304,"Luxury hybrid sedan with intelligent safety systems, premium interior, exceptional fuel efficiency and smooth e-CVT performance.",33
2015,5,Model 3,V305,"Performance edition sedan powered by a turbo petrol engine with premium infotainment, sport exhaust, wireless charging and athletic design.",53
2015,5,Model 3,V306,"Executive diesel sedan offering automatic transmission, spacious rear seating, superior ride comfort and long-distance efficiency.",31
2015,5,Model 3,V307,"Luxury petrol sedan with panoramic sunroof, premium leather interior, ten airbags, connected technology and refined driving dynamics.",63
2015,5,Model 3,V308,"Luxury hybrid sedan equipped with adaptive cruise control, ventilated seats, premium sound system and intelligent safety features.",73
2015,5,Model 3,V309,"Electric luxury sedan delivering approximately 550 km range, fast charging capability, connected vehicle platform and premium comfort.",58
2015,5,Model 3,V310,"High-performance dual-motor electric sedan capable of rapid acceleration, all-wheel drive, advanced driver assistance and cutting-edge technology.",34
2015,5,Model 4,V401,"Luxury seven-seat SUV with 2.5L petrol engine, AWD, panoramic sunroof, leather seats, premium infotainment and exceptional comfort.",21
2015,5,Model 4,V402,"Luxury diesel SUV with terrain management system, electronic parking brake, connected technology and spacious premium cabin.",41
2015,5,Model 4,V403,"Performance SUV featuring a 3.0L turbo petrol engine, adaptive suspension, AWD system and 20-inch alloy wheels.",50
2015,5,Model 4,V404,"Flagship luxury SUV powered by a 3.0L V6 petrol engine, ventilated seats, 360-degree camera, ADAS Level 2 and premium craftsmanship.",27
2015,5,Model 4,V405,"Flagship diesel SUV with air suspension, intelligent AWD, premium leather interior, advanced infotainment and executive comfort.",21
2015,5,Model 4,V406,"Dual-motor electric luxury SUV producing 300 kW, approximately 600 km driving range, ultra-fast charging, autonomous driving features and premium technology.",46
2015,5,Model 4,V407,"Performance electric SUV with dual-motor AWD, sports interior, rapid acceleration, intelligent safety systems and dynamic driving experience.",37
2015,5,Model 4,V408,"Flagship hybrid SUV powered by a 3.5L V6 hybrid engine, captain seats, panoramic glass roof, premium surround audio and comprehensive driver assistance.",32
2015,6,Model 1,V101,"Premium hatchback with a 1.2L petrol engine, 5-speed manual transmission, seating for five, dual airbags, ABS with EBD, LED DRLs, touchscreen infotainment, Apple CarPlay & Android Auto, excellent fuel efficiency and smooth city driving.",20
2015,6,Model 1,V102,"Premium hatchback powered by a 1.2L petrol engine with automatic transmission, reverse camera, cruise control, alloy wheels, automatic climate control and advanced infotainment for comfortable urban travel.",16
2015,6,Model 1,V103,"Mid-size sedan featuring a 1.5L petrol engine, manual transmission, spacious cabin, LED headlamps, rear AC vents, smart key access and balanced performance for everyday driving.",9
2015,6,Model 1,V104,"Premium sedan equipped with a 1.5L petrol engine and CVT automatic transmission, sunroof, wireless charging, connected car technology, six airbags and refined ride comfort.",11
2015,6,Model 2,V201,"Compact SUV powered by a 1.5L turbo diesel engine with manual gearbox, hill hold assist, rear parking sensors, 17-inch alloy wheels and practical family-oriented features.",34
2015,6,Model 2,V202,"Compact diesel SUV with automatic transmission, premium interior, electronic stability control, rear camera, ABS, spacious cabin and comfortable long-distance performance.",44
2015,6,Model 2,V203,"Sporty compact SUV featuring a 1.5L turbo petrol engine, manual transmission, LED lighting, touchscreen navigation and dynamic styling for enthusiastic drivers.",73
2015,6,Model 2,V204,"Compact SUV with turbo petrol engine and automatic transmission, push-button start, automatic climate control, connected vehicle technology and premium comfort.",71
2015,6,Model 2,V205,"Hybrid compact SUV with 1.5L petrol hybrid engine, e-CVT transmission, regenerative braking, outstanding fuel economy, advanced safety systems and intelligent driving assistance.",46
2015,6,Model 2,V206,"All-electric compact SUV producing 150 kW, fast charging support, approximately 450 km driving range, regenerative braking and connected smart mobility features.",75
2015,6,Model 2,V207,"Premium AWD SUV with 2.0L turbo petrol engine, panoramic sunroof, leather upholstery, 360-degree camera, ADAS safety features and luxury interior.",61
2015,6,Model 2,V208,"Premium diesel SUV equipped with AWD, terrain response modes, seven-seat configuration, premium audio system and excellent highway capability.",75
2015,6,Model 2,V209,"Family SUV powered by a 2.0L turbo petrol engine, automatic transmission, digital instrument cluster, connected navigation and spacious seven-seat layout.",58
2015,6,Model 2,V210,"Hybrid family SUV offering advanced driver assistance, adaptive cruise control, premium comfort, efficient hybrid technology and smooth e-CVT transmission.",55
2015,6,Model 3,V301,"Executive sedan with 1.8L petrol engine, premium cabin, manual transmission, projector LED headlamps and elegant styling.",34
2015,6,Model 3,V302,"Executive automatic sedan with leather upholstery, dual-zone climate control, connected infotainment and refined ride quality.",44
2015,6,Model 3,V303,"Performance sedan featuring a 2.0L petrol engine, paddle shifters, sport suspension, 18-inch alloy wheels and responsive handling.",73
2015,6,Model 3,V304,"Luxury hybrid sedan with intelligent safety systems, premium interior, exceptional fuel efficiency and smooth e-CVT performance.",71
2015,6,Model 3,V305,"Performance edition sedan powered by a turbo petrol engine with premium infotainment, sport exhaust, wireless charging and athletic design.",46
2015,6,Model 3,V306,"Executive diesel sedan offering automatic transmission, spacious rear seating, superior ride comfort and long-distance efficiency.",75
2015,6,Model 3,V307,"Luxury petrol sedan with panoramic sunroof, premium leather interior, ten airbags, connected technology and refined driving dynamics.",61
2015,6,Model 3,V308,"Luxury hybrid sedan equipped with adaptive cruise control, ventilated seats, premium sound system and intelligent safety features.",75
2015,6,Model 3,V309,"Electric luxury sedan delivering approximately 550 km range, fast charging capability, connected vehicle platform and premium comfort.",58
2015,6,Model 3,V310,"High-performance dual-motor electric sedan capable of rapid acceleration, all-wheel drive, advanced driver assistance and cutting-edge technology.",55
2015,6,Model 4,V401,"Luxury seven-seat SUV with 2.5L petrol engine, AWD, panoramic sunroof, leather seats, premium infotainment and exceptional comfort.",17
2015,6,Model 4,V402,"Luxury diesel SUV with terrain management system, electronic parking brake, connected technology and spacious premium cabin.",13
2015,6,Model 4,V403,"Performance SUV featuring a 3.0L turbo petrol engine, adaptive suspension, AWD system and 20-inch alloy wheels.",31
2015,6,Model 4,V404,"Flagship luxury SUV powered by a 3.0L V6 petrol engine, ventilated seats, 360-degree camera, ADAS Level 2 and premium craftsmanship.",30
2015,6,Model 4,V405,"Flagship diesel SUV with air suspension, intelligent AWD, premium leather interior, advanced infotainment and executive comfort.",11
2015,6,Model 4,V406,"Dual-motor electric luxury SUV producing 300 kW, approximately 600 km driving range, ultra-fast charging, autonomous driving features and premium technology.",42
2015,6,Model 4,V407,"Performance electric SUV with dual-motor AWD, sports interior, rapid acceleration, intelligent safety systems and dynamic driving experience.",9
2015,6,Model 4,V408,"Flagship hybrid SUV powered by a 3.5L V6 hybrid engine, captain seats, panoramic glass roof, premium surround audio and comprehensive driver assistance.",12
2015,7,Model 1,V101,"Premium hatchback with a 1.2L petrol engine, 5-speed manual transmission, seating for five, dual airbags, ABS with EBD, LED DRLs, touchscreen infotainment, Apple CarPlay & Android Auto, excellent fuel efficiency and smooth city driving.",7
2015,7,Model 1,V102,"Premium hatchback powered by a 1.2L petrol engine with automatic transmission, reverse camera, cruise control, alloy wheels, automatic climate control and advanced infotainment for comfortable urban travel.",16
2015,7,Model 1,V103,"Mid-size sedan featuring a 1.5L petrol engine, manual transmission, spacious cabin, LED headlamps, rear AC vents, smart key access and balanced performance for everyday driving.",7
2015,7,Model 1,V104,"Premium sedan equipped with a 1.5L petrol engine and CVT automatic transmission, sunroof, wireless charging, connected car technology, six airbags and refined ride comfort.",17
2015,7,Model 2,V201,"Compact SUV powered by a 1.5L turbo diesel engine with manual gearbox, hill hold assist, rear parking sensors, 17-inch alloy wheels and practical family-oriented features.",48
2015,7,Model 2,V202,"Compact diesel SUV with automatic transmission, premium interior, electronic stability control, rear camera, ABS, spacious cabin and comfortable long-distance performance.",61
2015,7,Model 2,V203,"Sporty compact SUV featuring a 1.5L turbo petrol engine, manual transmission, LED lighting, touchscreen navigation and dynamic styling for enthusiastic drivers.",22
2015,7,Model 2,V204,"Compact SUV with turbo petrol engine and automatic transmission, push-button start, automatic climate control, connected vehicle technology and premium comfort.",45
2015,7,Model 2,V205,"Hybrid compact SUV with 1.5L petrol hybrid engine, e-CVT transmission, regenerative braking, outstanding fuel economy, advanced safety systems and intelligent driving assistance.",45
2015,7,Model 2,V206,"All-electric compact SUV producing 150 kW, fast charging support, approximately 450 km driving range, regenerative braking and connected smart mobility features.",61
2015,7,Model 2,V207,"Premium AWD SUV with 2.0L turbo petrol engine, panoramic sunroof, leather upholstery, 360-degree camera, ADAS safety features and luxury interior.",51
2015,7,Model 2,V208,"Premium diesel SUV equipped with AWD, terrain response modes, seven-seat configuration, premium audio system and excellent highway capability.",56
2015,7,Model 2,V209,"Family SUV powered by a 2.0L turbo petrol engine, automatic transmission, digital instrument cluster, connected navigation and spacious seven-seat layout.",36
2015,7,Model 2,V210,"Hybrid family SUV offering advanced driver assistance, adaptive cruise control, premium comfort, efficient hybrid technology and smooth e-CVT transmission.",58
2015,7,Model 3,V301,"Executive sedan with 1.8L petrol engine, premium cabin, manual transmission, projector LED headlamps and elegant styling.",48
2015,7,Model 3,V302,"Executive automatic sedan with leather upholstery, dual-zone climate control, connected infotainment and refined ride quality.",61
2015,7,Model 3,V303,"Performance sedan featuring a 2.0L petrol engine, paddle shifters, sport suspension, 18-inch alloy wheels and responsive handling.",22
2015,7,Model 3,V304,"Luxury hybrid sedan with intelligent safety systems, premium interior, exceptional fuel efficiency and smooth e-CVT performance.",45
2015,7,Model 3,V305,"Performance edition sedan powered by a turbo petrol engine with premium infotainment, sport exhaust, wireless charging and athletic design.",45
2015,7,Model 3,V306,"Executive diesel sedan offering automatic transmission, spacious rear seating, superior ride comfort and long-distance efficiency.",61
2015,7,Model 3,V307,"Luxury petrol sedan with panoramic sunroof, premium leather interior, ten airbags, connected technology and refined driving dynamics.",51
2015,7,Model 3,V308,"Luxury hybrid sedan equipped with adaptive cruise control, ventilated seats, premium sound system and intelligent safety features.",56
2015,7,Model 3,V309,"Electric luxury sedan delivering approximately 550 km range, fast charging capability, connected vehicle platform and premium comfort.",36
2015,7,Model 3,V310,"High-performance dual-motor electric sedan capable of rapid acceleration, all-wheel drive, advanced driver assistance and cutting-edge technology.",58
2015,7,Model 4,V401,"Luxury seven-seat SUV with 2.5L petrol engine, AWD, panoramic sunroof, leather seats, premium infotainment and exceptional comfort.",6
2015,7,Model 4,V402,"Luxury diesel SUV with terrain management system, electronic parking brake, connected technology and spacious premium cabin.",31
2015,7,Model 4,V403,"Performance SUV featuring a 3.0L turbo petrol engine, adaptive suspension, AWD system and 20-inch alloy wheels.",32
2015,7,Model 4,V404,"Flagship luxury SUV powered by a 3.0L V6 petrol engine, ventilated seats, 360-degree camera, ADAS Level 2 and premium craftsmanship.",10
2015,7,Model 4,V405,"Flagship diesel SUV with air suspension, intelligent AWD, premium leather interior, advanced infotainment and executive comfort.",31
2015,7,Model 4,V406,"Dual-motor electric luxury SUV producing 300 kW, approximately 600 km driving range, ultra-fast charging, autonomous driving features and premium technology.",25
2015,7,Model 4,V407,"Performance electric SUV with dual-motor AWD, sports interior, rapid acceleration, intelligent safety systems and dynamic driving experience.",33
2015,7,Model 4,V408,"Flagship hybrid SUV powered by a 3.5L V6 hybrid engine, captain seats, panoramic glass roof, premium surround audio and comprehensive driver assistance.",15
2015,8,Model 1,V101,"Premium hatchback with a 1.2L petrol engine, 5-speed manual transmission, seating for five, dual airbags, ABS with EBD, LED DRLs, touchscreen infotainment, Apple CarPlay & Android Auto, excellent fuel efficiency and smooth city driving.",16
2015,8,Model 1,V102,"Premium hatchback powered by a 1.2L petrol engine with automatic transmission, reverse camera, cruise control, alloy wheels, automatic climate control and advanced infotainment for comfortable urban travel.",10
2015,8,Model 1,V103,"Mid-size sedan featuring a 1.5L petrol engine, manual transmission, spacious cabin, LED headlamps, rear AC vents, smart key access and balanced performance for everyday driving.",6
2015,8,Model 1,V104,"Premium sedan equipped with a 1.5L petrol engine and CVT automatic transmission, sunroof, wireless charging, connected car technology, six airbags and refined ride comfort.",9
2015,8,Model 2,V201,"Compact SUV powered by a 1.5L turbo diesel engine with manual gearbox, hill hold assist, rear parking sensors, 17-inch alloy wheels and practical family-oriented features.",49
2015,8,Model 2,V202,"Compact diesel SUV with automatic transmission, premium interior, electronic stability control, rear camera, ABS, spacious cabin and comfortable long-distance performance.",29
2015,8,Model 2,V203,"Sporty compact SUV featuring a 1.5L turbo petrol engine, manual transmission, LED lighting, touchscreen navigation and dynamic styling for enthusiastic drivers.",51
2015,8,Model 2,V204,"Compact SUV with turbo petrol engine and automatic transmission, push-button start, automatic climate control, connected vehicle technology and premium comfort.",17
2015,8,Model 2,V205,"Hybrid compact SUV with 1.5L petrol hybrid engine, e-CVT transmission, regenerative braking, outstanding fuel economy, advanced safety systems and intelligent driving assistance.",37
2015,8,Model 2,V206,"All-electric compact SUV producing 150 kW, fast charging support, approximately 450 km driving range, regenerative braking and connected smart mobility features.",54
2015,8,Model 2,V207,"Premium AWD SUV with 2.0L turbo petrol engine, panoramic sunroof, leather upholstery, 360-degree camera, ADAS safety features and luxury interior.",30
2015,8,Model 2,V208,"Premium diesel SUV equipped with AWD, terrain response modes, seven-seat configuration, premium audio system and excellent highway capability.",54
2015,8,Model 2,V209,"Family SUV powered by a 2.0L turbo petrol engine, automatic transmission, digital instrument cluster, connected navigation and spacious seven-seat layout.",25
2015,8,Model 2,V210,"Hybrid family SUV offering advanced driver assistance, adaptive cruise control, premium comfort, efficient hybrid technology and smooth e-CVT transmission.",63
2015,8,Model 3,V301,"Executive sedan with 1.8L petrol engine, premium cabin, manual transmission, projector LED headlamps and elegant styling.",49
2015,8,Model 3,V302,"Executive automatic sedan with leather upholstery, dual-zone climate control, connected infotainment and refined ride quality.",29
2015,8,Model 3,V303,"Performance sedan featuring a 2.0L petrol engine, paddle shifters, sport suspension, 18-inch alloy wheels and responsive handling.",51
2015,8,Model 3,V304,"Luxury hybrid sedan with intelligent safety systems, premium interior, exceptional fuel efficiency and smooth e-CVT performance.",17
2015,8,Model 3,V305,"Performance edition sedan powered by a turbo petrol engine with premium infotainment, sport exhaust, wireless charging and athletic design.",37
2015,8,Model 3,V306,"Executive diesel sedan offering automatic transmission, spacious rear seating, superior ride comfort and long-distance efficiency.",54
2015,8,Model 3,V307,"Luxury petrol sedan with panoramic sunroof, premium leather interior, ten airbags, connected technology and refined driving dynamics.",30
2015,8,Model 3,V308,"Luxury hybrid sedan equipped with adaptive cruise control, ventilated seats, premium sound system and intelligent safety features.",54
2015,8,Model 3,V309,"Electric luxury sedan delivering approximately 550 km range, fast charging capability, connected vehicle platform and premium comfort.",25
2015,8,Model 3,V310,"High-performance dual-motor electric sedan capable of rapid acceleration, all-wheel drive, advanced driver assistance and cutting-edge technology.",63
2015,8,Model 4,V401,"Luxury seven-seat SUV with 2.5L petrol engine, AWD, panoramic sunroof, leather seats, premium infotainment and exceptional comfort.",17
2015,8,Model 4,V402,"Luxury diesel SUV with terrain management system, electronic parking brake, connected technology and spacious premium cabin.",29
2015,8,Model 4,V403,"Performance SUV featuring a 3.0L turbo petrol engine, adaptive suspension, AWD system and 20-inch alloy wheels.",24
2015,8,Model 4,V404,"Flagship luxury SUV powered by a 3.0L V6 petrol engine, ventilated seats, 360-degree camera, ADAS Level 2 and premium craftsmanship.",28
2015,8,Model 4,V405,"Flagship diesel SUV with air suspension, intelligent AWD, premium leather interior, advanced infotainment and executive comfort.",13
2015,8,Model 4,V406,"Dual-motor electric luxury SUV producing 300 kW, approximately 600 km driving range, ultra-fast charging, autonomous driving features and premium technology.",11
2015,8,Model 4,V407,"Performance electric SUV with dual-motor AWD, sports interior, rapid acceleration, intelligent safety systems and dynamic driving experience.",19
2015,8,Model 4,V408,"Flagship hybrid SUV powered by a 3.5L V6 hybrid engine, captain seats, panoramic glass roof, premium surround audio and comprehensive driver assistance.",34
2015,9,Model 1,V101,"Premium hatchback with a 1.2L petrol engine, 5-speed manual transmission, seating for five, dual airbags, ABS with EBD, LED DRLs, touchscreen infotainment, Apple CarPlay & Android Auto, excellent fuel efficiency and smooth city driving.",9
2015,9,Model 1,V102,"Premium hatchback powered by a 1.2L petrol engine with automatic transmission, reverse camera, cruise control, alloy wheels, automatic climate control and advanced infotainment for comfortable urban travel.",18
2015,9,Model 1,V103,"Mid-size sedan featuring a 1.5L petrol engine, manual transmission, spacious cabin, LED headlamps, rear AC vents, smart key access and balanced performance for everyday driving.",17
2015,9,Model 1,V104,"Premium sedan equipped with a 1.5L petrol engine and CVT automatic transmission, sunroof, wireless charging, connected car technology, six airbags and refined ride comfort.",5
2015,9,Model 2,V201,"Compact SUV powered by a 1.5L turbo diesel engine with manual gearbox, hill hold assist, rear parking sensors, 17-inch alloy wheels and practical family-oriented features.",77
2015,9,Model 2,V202,"Compact diesel SUV with automatic transmission, premium interior, electronic stability control, rear camera, ABS, spacious cabin and comfortable long-distance performance.",51
2015,9,Model 2,V203,"Sporty compact SUV featuring a 1.5L turbo petrol engine, manual transmission, LED lighting, touchscreen navigation and dynamic styling for enthusiastic drivers.",67
2015,9,Model 2,V204,"Compact SUV with turbo petrol engine and automatic transmission, push-button start, automatic climate control, connected vehicle technology and premium comfort.",23
2015,9,Model 2,V205,"Hybrid compact SUV with 1.5L petrol hybrid engine, e-CVT transmission, regenerative braking, outstanding fuel economy, advanced safety systems and intelligent driving assistance.",32
2015,9,Model 2,V206,"All-electric compact SUV producing 150 kW, fast charging support, approximately 450 km driving range, regenerative braking and connected smart mobility features.",55
2015,9,Model 2,V207,"Premium AWD SUV with 2.0L turbo petrol engine, panoramic sunroof, leather upholstery, 360-degree camera, ADAS safety features and luxury interior.",50
2015,9,Model 2,V208,"Premium diesel SUV equipped with AWD, terrain response modes, seven-seat configuration, premium audio system and excellent highway capability.",44
2015,9,Model 2,V209,"Family SUV powered by a 2.0L turbo petrol engine, automatic transmission, digital instrument cluster, connected navigation and spacious seven-seat layout.",27
2015,9,Model 2,V210,"Hybrid family SUV offering advanced driver assistance, adaptive cruise control, premium comfort, efficient hybrid technology and smooth e-CVT transmission.",44
2015,9,Model 3,V301,"Executive sedan with 1.8L petrol engine, premium cabin, manual transmission, projector LED headlamps and elegant styling.",77
2015,9,Model 3,V302,"Executive automatic sedan with leather upholstery, dual-zone climate control, connected infotainment and refined ride quality.",51
2015,9,Model 3,V303,"Performance sedan featuring a 2.0L petrol engine, paddle shifters, sport suspension, 18-inch alloy wheels and responsive handling.",67
2015,9,Model 3,V304,"Luxury hybrid sedan with intelligent safety systems, premium interior, exceptional fuel efficiency and smooth e-CVT performance.",23
2015,9,Model 3,V305,"Performance edition sedan powered by a turbo petrol engine with premium infotainment, sport exhaust, wireless charging and athletic design.",32
2015,9,Model 3,V306,"Executive diesel sedan offering automatic transmission, spacious rear seating, superior ride comfort and long-distance efficiency.",55
2015,9,Model 3,V307,"Luxury petrol sedan with panoramic sunroof, premium leather interior, ten airbags, connected technology and refined driving dynamics.",50
2015,9,Model 3,V308,"Luxury hybrid sedan equipped with adaptive cruise control, ventilated seats, premium sound system and intelligent safety features.",44
2015,9,Model 3,V309,"Electric luxury sedan delivering approximately 550 km range, fast charging capability, connected vehicle platform and premium comfort.",27
2015,9,Model 3,V310,"High-performance dual-motor electric sedan capable of rapid acceleration, all-wheel drive, advanced driver assistance and cutting-edge technology.",44
2015,9,Model 4,V401,"Luxury seven-seat SUV with 2.5L petrol engine, AWD, panoramic sunroof, leather seats, premium infotainment and exceptional comfort.",33
2015,9,Model 4,V402,"Luxury diesel SUV with terrain management system, electronic parking brake, connected technology and spacious premium cabin.",11
2015,9,Model 4,V403,"Performance SUV featuring a 3.0L turbo petrol engine, adaptive suspension, AWD system and 20-inch alloy wheels.",11
2015,9,Model 4,V404,"Flagship luxury SUV powered by a 3.0L V6 petrol engine, ventilated seats, 360-degree camera, ADAS Level 2 and premium craftsmanship.",41
2015,9,Model 4,V405,"Flagship diesel SUV with air suspension, intelligent AWD, premium leather interior, advanced infotainment and executive comfort.",30
2015,9,Model 4,V406,"Dual-motor electric luxury SUV producing 300 kW, approximately 600 km driving range, ultra-fast charging, autonomous driving features and premium technology.",10
2015,9,Model 4,V407,"Performance electric SUV with dual-motor AWD, sports interior, rapid acceleration, intelligent safety systems and dynamic driving experience.",42
2015,9,Model 4,V408,"Flagship hybrid SUV powered by a 3.5L V6 hybrid engine, captain seats, panoramic glass roof, premium surround audio and comprehensive driver assistance.",32
2015,10,Model 1,V101,"Premium hatchback with a 1.2L petrol engine, 5-speed manual transmission, seating for five, dual airbags, ABS with EBD, LED DRLs, touchscreen infotainment, Apple CarPlay & Android Auto, excellent fuel efficiency and smooth city driving.",10
2015,10,Model 1,V102,"Premium hatchback powered by a 1.2L petrol engine with automatic transmission, reverse camera, cruise control, alloy wheels, automatic climate control and advanced infotainment for comfortable urban travel.",10
2015,10,Model 1,V103,"Mid-size sedan featuring a 1.5L petrol engine, manual transmission, spacious cabin, LED headlamps, rear AC vents, smart key access and balanced performance for everyday driving.",26
2015,10,Model 1,V104,"Premium sedan equipped with a 1.5L petrol engine and CVT automatic transmission, sunroof, wireless charging, connected car technology, six airbags and refined ride comfort.",20
2015,10,Model 2,V201,"Compact SUV powered by a 1.5L turbo diesel engine with manual gearbox, hill hold assist, rear parking sensors, 17-inch alloy wheels and practical family-oriented features.",90
2015,10,Model 2,V202,"Compact diesel SUV with automatic transmission, premium interior, electronic stability control, rear camera, ABS, spacious cabin and comfortable long-distance performance.",46
2015,10,Model 2,V203,"Sporty compact SUV featuring a 1.5L turbo petrol engine, manual transmission, LED lighting, touchscreen navigation and dynamic styling for enthusiastic drivers.",57
2015,10,Model 2,V204,"Compact SUV with turbo petrol engine and automatic transmission, push-button start, automatic climate control, connected vehicle technology and premium comfort.",88
2015,10,Model 2,V205,"Hybrid compact SUV with 1.5L petrol hybrid engine, e-CVT transmission, regenerative braking, outstanding fuel economy, advanced safety systems and intelligent driving assistance.",97
2015,10,Model 2,V206,"All-electric compact SUV producing 150 kW, fast charging support, approximately 450 km driving range, regenerative braking and connected smart mobility features.",76
2015,10,Model 2,V207,"Premium AWD SUV with 2.0L turbo petrol engine, panoramic sunroof, leather upholstery, 360-degree camera, ADAS safety features and luxury interior.",51
2015,10,Model 2,V208,"Premium diesel SUV equipped with AWD, terrain response modes, seven-seat configuration, premium audio system and excellent highway capability.",89
2015,10,Model 2,V209,"Family SUV powered by a 2.0L turbo petrol engine, automatic transmission, digital instrument cluster, connected navigation and spacious seven-seat layout.",50
2015,10,Model 2,V210,"Hybrid family SUV offering advanced driver assistance, adaptive cruise control, premium comfort, efficient hybrid technology and smooth e-CVT transmission.",63
2015,10,Model 3,V301,"Executive sedan with 1.8L petrol engine, premium cabin, manual transmission, projector LED headlamps and elegant styling.",90
2015,10,Model 3,V302,"Executive automatic sedan with leather upholstery, dual-zone climate control, connected infotainment and refined ride quality.",46
2015,10,Model 3,V303,"Performance sedan featuring a 2.0L petrol engine, paddle shifters, sport suspension, 18-inch alloy wheels and responsive handling.",57
2015,10,Model 3,V304,"Luxury hybrid sedan with intelligent safety systems, premium interior, exceptional fuel efficiency and smooth e-CVT performance.",88
2015,10,Model 3,V305,"Performance edition sedan powered by a turbo petrol engine with premium infotainment, sport exhaust, wireless charging and athletic design.",97
2015,10,Model 3,V306,"Executive diesel sedan offering automatic transmission, spacious rear seating, superior ride comfort and long-distance efficiency.",76
2015,10,Model 3,V307,"Luxury petrol sedan with panoramic sunroof, premium leather interior, ten airbags, connected technology and refined driving dynamics.",51
2015,10,Model 3,V308,"Luxury hybrid sedan equipped with adaptive cruise control, ventilated seats, premium sound system and intelligent safety features.",89
2015,10,Model 3,V309,"Electric luxury sedan delivering approximately 550 km range, fast charging capability, connected vehicle platform and premium comfort.",50
2015,10,Model 3,V310,"High-performance dual-motor electric sedan capable of rapid acceleration, all-wheel drive, advanced driver assistance and cutting-edge technology.",63
2015,10,Model 4,V401,"Luxury seven-seat SUV with 2.5L petrol engine, AWD, panoramic sunroof, leather seats, premium infotainment and exceptional comfort.",32
2015,10,Model 4,V402,"Luxury diesel SUV with terrain management system, electronic parking brake, connected technology and spacious premium cabin.",47
2015,10,Model 4,V403,"Performance SUV featuring a 3.0L turbo petrol engine, adaptive suspension, AWD system and 20-inch alloy wheels.",46
2015,10,Model 4,V404,"Flagship luxury SUV powered by a 3.0L V6 petrol engine, ventilated seats, 360-degree camera, ADAS Level 2 and premium craftsmanship.",30
2015,10,Model 4,V405,"Flagship diesel SUV with air suspension, intelligent AWD, premium leather interior, advanced infotainment and executive comfort.",34
2015,10,Model 4,V406,"Dual-motor electric luxury SUV producing 300 kW, approximately 600 km driving range, ultra-fast charging, autonomous driving features and premium technology.",39
2015,10,Model 4,V407,"Performance electric SUV with dual-motor AWD, sports interior, rapid acceleration, intelligent safety systems and dynamic driving experience.",35
2015,10,Model 4,V408,"Flagship hybrid SUV powered by a 3.5L V6 hybrid engine, captain seats, panoramic glass roof, premium surround audio and comprehensive driver assistance.",16
2015,11,Model 1,V101,"Premium hatchback with a 1.2L petrol engine, 5-speed manual transmission, seating for five, dual airbags, ABS with EBD, LED DRLs, touchscreen infotainment, Apple CarPlay & Android Auto, excellent fuel efficiency and smooth city driving.",14
2015,11,Model 1,V102,"Premium hatchback powered by a 1.2L petrol engine with automatic transmission, reverse camera, cruise control, alloy wheels, automatic climate control and advanced infotainment for comfortable urban travel.",13
2015,11,Model 1,V103,"Mid-size sedan featuring a 1.5L petrol engine, manual transmission, spacious cabin, LED headlamps, rear AC vents, smart key access and balanced performance for everyday driving.",9
2015,11,Model 1,V104,"Premium sedan equipped with a 1.5L petrol engine and CVT automatic transmission, sunroof, wireless charging, connected car technology, six airbags and refined ride comfort.",16
2015,11,Model 2,V201,"Compact SUV powered by a 1.5L turbo diesel engine with manual gearbox, hill hold assist, rear parking sensors, 17-inch alloy wheels and practical family-oriented features.",29
2015,11,Model 2,V202,"Compact diesel SUV with automatic transmission, premium interior, electronic stability control, rear camera, ABS, spacious cabin and comfortable long-distance performance.",94
2015,11,Model 2,V203,"Sporty compact SUV featuring a 1.5L turbo petrol engine, manual transmission, LED lighting, touchscreen navigation and dynamic styling for enthusiastic drivers.",90
2015,11,Model 2,V204,"Compact SUV with turbo petrol engine and automatic transmission, push-button start, automatic climate control, connected vehicle technology and premium comfort.",53
2015,11,Model 2,V205,"Hybrid compact SUV with 1.5L petrol hybrid engine, e-CVT transmission, regenerative braking, outstanding fuel economy, advanced safety systems and intelligent driving assistance.",94
2015,11,Model 2,V206,"All-electric compact SUV producing 150 kW, fast charging support, approximately 450 km driving range, regenerative braking and connected smart mobility features.",52
2015,11,Model 2,V207,"Premium AWD SUV with 2.0L turbo petrol engine, panoramic sunroof, leather upholstery, 360-degree camera, ADAS safety features and luxury interior.",27
2015,11,Model 2,V208,"Premium diesel SUV equipped with AWD, terrain response modes, seven-seat configuration, premium audio system and excellent highway capability.",35
2015,11,Model 2,V209,"Family SUV powered by a 2.0L turbo petrol engine, automatic transmission, digital instrument cluster, connected navigation and spacious seven-seat layout.",34
2015,11,Model 2,V210,"Hybrid family SUV offering advanced driver assistance, adaptive cruise control, premium comfort, efficient hybrid technology and smooth e-CVT transmission.",53
2015,11,Model 3,V301,"Executive sedan with 1.8L petrol engine, premium cabin, manual transmission, projector LED headlamps and elegant styling.",29
2015,11,Model 3,V302,"Executive automatic sedan with leather upholstery, dual-zone climate control, connected infotainment and refined ride quality.",94
2015,11,Model 3,V303,"Performance sedan featuring a 2.0L petrol engine, paddle shifters, sport suspension, 18-inch alloy wheels and responsive handling.",90
2015,11,Model 3,V304,"Luxury hybrid sedan with intelligent safety systems, premium interior, exceptional fuel efficiency and smooth e-CVT performance.",53
2015,11,Model 3,V305,"Performance edition sedan powered by a turbo petrol engine with premium infotainment, sport exhaust, wireless charging and athletic design.",94
2015,11,Model 3,V306,"Executive diesel sedan offering automatic transmission, spacious rear seating, superior ride comfort and long-distance efficiency.",52
2015,11,Model 3,V307,"Luxury petrol sedan with panoramic sunroof, premium leather interior, ten airbags, connected technology and refined driving dynamics.",27
2015,11,Model 3,V308,"Luxury hybrid sedan equipped with adaptive cruise control, ventilated seats, premium sound system and intelligent safety features.",35
2015,11,Model 3,V309,"Electric luxury sedan delivering approximately 550 km range, fast charging capability, connected vehicle platform and premium comfort.",34
2015,11,Model 3,V310,"High-performance dual-motor electric sedan capable of rapid acceleration, all-wheel drive, advanced driver assistance and cutting-edge technology.",53
2015,11,Model 4,V401,"Luxury seven-seat SUV with 2.5L petrol engine, AWD, panoramic sunroof, leather seats, premium infotainment and exceptional comfort.",13
2015,11,Model 4,V402,"Luxury diesel SUV with terrain management system, electronic parking brake, connected technology and spacious premium cabin.",11
2015,11,Model 4,V403,"Performance SUV featuring a 3.0L turbo petrol engine, adaptive suspension, AWD system and 20-inch alloy wheels.",28
2015,11,Model 4,V404,"Flagship luxury SUV powered by a 3.0L V6 petrol engine, ventilated seats, 360-degree camera, ADAS Level 2 and premium craftsmanship.",13
2015,11,Model 4,V405,"Flagship diesel SUV with air suspension, intelligent AWD, premium leather interior, advanced infotainment and executive comfort.",38
2015,11,Model 4,V406,"Dual-motor electric luxury SUV producing 300 kW, approximately 600 km driving range, ultra-fast charging, autonomous driving features and premium technology.",22
2015,11,Model 4,V407,"Performance electric SUV with dual-motor AWD, sports interior, rapid acceleration, intelligent safety systems and dynamic driving experience.",25
2015,11,Model 4,V408,"Flagship hybrid SUV powered by a 3.5L V6 hybrid engine, captain seats, panoramic glass roof, premium surround audio and comprehensive driver assistance.",47
2015,12,Model 1,V101,"Premium hatchback with a 1.2L petrol engine, 5-speed manual transmission, seating for five, dual airbags, ABS with EBD, LED DRLs, touchscreen infotainment, Apple CarPlay & Android Auto, excellent fuel efficiency and smooth city driving.",21
2015,12,Model 1,V102,"Premium hatchback powered by a 1.2L petrol engine with automatic transmission, reverse camera, cruise control, alloy wheels, automatic climate control and advanced infotainment for comfortable urban travel.",13
2015,12,Model 1,V103,"Mid-size sedan featuring a 1.5L petrol engine, manual transmission, spacious cabin, LED headlamps, rear AC vents, smart key access and balanced performance for everyday driving.",22
2015,12,Model 1,V104,"Premium sedan equipped with a 1.5L petrol engine and CVT automatic transmission, sunroof, wireless charging, connected car technology, six airbags and refined ride comfort.",10
2015,12,Model 2,V201,"Compact SUV powered by a 1.5L turbo diesel engine with manual gearbox, hill hold assist, rear parking sensors, 17-inch alloy wheels and practical family-oriented features.",93
2015,12,Model 2,V202,"Compact diesel SUV with automatic transmission, premium interior, electronic stability control, rear camera, ABS, spacious cabin and comfortable long-distance performance.",93
2015,12,Model 2,V203,"Sporty compact SUV featuring a 1.5L turbo petrol engine, manual transmission, LED lighting, touchscreen navigation and dynamic styling for enthusiastic drivers.",81
2015,12,Model 2,V204,"Compact SUV with turbo petrol engine and automatic transmission, push-button start, automatic climate control, connected vehicle technology and premium comfort.",55
2015,12,Model 2,V205,"Hybrid compact SUV with 1.5L petrol hybrid engine, e-CVT transmission, regenerative braking, outstanding fuel economy, advanced safety systems and intelligent driving assistance.",81
2015,12,Model 2,V206,"All-electric compact SUV producing 150 kW, fast charging support, approximately 450 km driving range, regenerative braking and connected smart mobility features.",74
2015,12,Model 2,V207,"Premium AWD SUV with 2.0L turbo petrol engine, panoramic sunroof, leather upholstery, 360-degree camera, ADAS safety features and luxury interior.",49
2015,12,Model 2,V208,"Premium diesel SUV equipped with AWD, terrain response modes, seven-seat configuration, premium audio system and excellent highway capability.",38
2015,12,Model 2,V209,"Family SUV powered by a 2.0L turbo petrol engine, automatic transmission, digital instrument cluster, connected navigation and spacious seven-seat layout.",38
2015,12,Model 2,V210,"Hybrid family SUV offering advanced driver assistance, adaptive cruise control, premium comfort, efficient hybrid technology and smooth e-CVT transmission.",76
2015,12,Model 3,V301,"Executive sedan with 1.8L petrol engine, premium cabin, manual transmission, projector LED headlamps and elegant styling.",93
2015,12,Model 3,V302,"Executive automatic sedan with leather upholstery, dual-zone climate control, connected infotainment and refined ride quality.",93
2015,12,Model 3,V303,"Performance sedan featuring a 2.0L petrol engine, paddle shifters, sport suspension, 18-inch alloy wheels and responsive handling.",81
2015,12,Model 3,V304,"Luxury hybrid sedan with intelligent safety systems, premium interior, exceptional fuel efficiency and smooth e-CVT performance.",55
2015,12,Model 3,V305,"Performance edition sedan powered by a turbo petrol engine with premium infotainment, sport exhaust, wireless charging and athletic design.",81
2015,12,Model 3,V306,"Executive diesel sedan offering automatic transmission, spacious rear seating, superior ride comfort and long-distance efficiency.",74
2015,12,Model 3,V307,"Luxury petrol sedan with panoramic sunroof, premium leather interior, ten airbags, connected technology and refined driving dynamics.",49
2015,12,Model 3,V308,"Luxury hybrid sedan equipped with adaptive cruise control, ventilated seats, premium sound system and intelligent safety features.",38
2015,12,Model 3,V309,"Electric luxury sedan delivering approximately 550 km range, fast charging capability, connected vehicle platform and premium comfort.",38
2015,12,Model 3,V310,"High-performance dual-motor electric sedan capable of rapid acceleration, all-wheel drive, advanced driver assistance and cutting-edge technology.",76
2015,12,Model 4,V401,"Luxury seven-seat SUV with 2.5L petrol engine, AWD, panoramic sunroof, leather seats, premium infotainment and exceptional comfort.",29
2015,12,Model 4,V402,"Luxury diesel SUV with terrain management system, electronic parking brake, connected technology and spacious premium cabin.",33
2015,12,Model 4,V403,"Performance SUV featuring a 3.0L turbo petrol engine, adaptive suspension, AWD system and 20-inch alloy wheels.",32
2015,12,Model 4,V404,"Flagship luxury SUV powered by a 3.0L V6 petrol engine, ventilated seats, 360-degree camera, ADAS Level 2 and premium craftsmanship.",36
2015,12,Model 4,V405,"Flagship diesel SUV with air suspension, intelligent AWD, premium leather interior, advanced infotainment and executive comfort.",51
2015,12,Model 4,V406,"Dual-motor electric luxury SUV producing 300 kW, approximately 600 km driving range, ultra-fast charging, autonomous driving features and premium technology.",12
2015,12,Model 4,V407,"Performance electric SUV with dual-motor AWD, sports interior, rapid acceleration, intelligent safety systems and dynamic driving experience.",48
2015,12,Model 4,V408,"Flagship hybrid SUV powered by a 3.5L V6 hybrid engine, captain seats, panoramic glass roof, premium surround audio and comprehensive driver assistance.",46
2016,1,Model 1,V101,"Premium hatchback with a 1.2L petrol engine, 5-speed manual transmission, seating for five, dual airbags, ABS with EBD, LED DRLs, touchscreen infotainment, Apple CarPlay & Android Auto, excellent fuel efficiency and smooth city driving.",21
2016,1,Model 1,V102,"Premium hatchback powered by a 1.2L petrol engine with automatic transmission, reverse camera, cruise control, alloy wheels, automatic climate control and advanced infotainment for comfortable urban travel.",8
2016,1,Model 1,V103,"Mid-size sedan featuring a 1.5L petrol engine, manual transmission, spacious cabin, LED headlamps, rear AC vents, smart key access and balanced performance for everyday driving.",7
2016,1,Model 1,V104,"Premium sedan equipped with a 1.5L petrol engine and CVT automatic transmission, sunroof, wireless charging, connected car technology, six airbags and refined ride comfort.",15
2016,1,Model 2,V201,"Compact SUV powered by a 1.5L turbo diesel engine with manual gearbox, hill hold assist, rear parking sensors, 17-inch alloy wheels and practical family-oriented features.",55
2016,1,Model 2,V202,"Compact diesel SUV with automatic transmission, premium interior, electronic stability control, rear camera, ABS, spacious cabin and comfortable long-distance performance.",33
2016,1,Model 2,V203,"Sporty compact SUV featuring a 1.5L turbo petrol engine, manual transmission, LED lighting, touchscreen navigation and dynamic styling for enthusiastic drivers.",46
2016,1,Model 2,V204,"Compact SUV with turbo petrol engine and automatic transmission, push-button start, automatic climate control, connected vehicle technology and premium comfort.",41
2016,1,Model 2,V205,"Hybrid compact SUV with 1.5L petrol hybrid engine, e-CVT transmission, regenerative braking, outstanding fuel economy, advanced safety systems and intelligent driving assistance.",41
2016,1,Model 2,V206,"All-electric compact SUV producing 150 kW, fast charging support, approximately 450 km driving range, regenerative braking and connected smart mobility features.",74
2016,1,Model 2,V207,"Premium AWD SUV with 2.0L turbo petrol engine, panoramic sunroof, leather upholstery, 360-degree camera, ADAS safety features and luxury interior.",66
2016,1,Model 2,V208,"Premium diesel SUV equipped with AWD, terrain response modes, seven-seat configuration, premium audio system and excellent highway capability.",36
2016,1,Model 2,V209,"Family SUV powered by a 2.0L turbo petrol engine, automatic transmission, digital instrument cluster, connected navigation and spacious seven-seat layout.",63
2016,1,Model 2,V210,"Hybrid family SUV offering advanced driver assistance, adaptive cruise control, premium comfort, efficient hybrid technology and smooth e-CVT transmission.",40
2016,1,Model 3,V301,"Executive sedan with 1.8L petrol engine, premium cabin, manual transmission, projector LED headlamps and elegant styling.",55
2016,1,Model 3,V302,"Executive automatic sedan with leather upholstery, dual-zone climate control, connected infotainment and refined ride quality.",33
2016,1,Model 3,V303,"Performance sedan featuring a 2.0L petrol engine, paddle shifters, sport suspension, 18-inch alloy wheels and responsive handling.",46
2016,1,Model 3,V304,"Luxury hybrid sedan with intelligent safety systems, premium interior, exceptional fuel efficiency and smooth e-CVT performance.",41
2016,1,Model 3,V305,"Performance edition sedan powered by a turbo petrol engine with premium infotainment, sport exhaust, wireless charging and athletic design.",41
2016,1,Model 3,V306,"Executive diesel sedan offering automatic transmission, spacious rear seating, superior ride comfort and long-distance efficiency.",74
2016,1,Model 3,V307,"Luxury petrol sedan with panoramic sunroof, premium leather interior, ten airbags, connected technology and refined driving dynamics.",66
2016,1,Model 3,V308,"Luxury hybrid sedan equipped with adaptive cruise control, ventilated seats, premium sound system and intelligent safety features.",36
2016,1,Model 3,V309,"Electric luxury sedan delivering approximately 550 km range, fast charging capability, connected vehicle platform and premium comfort.",63
2016,1,Model 3,V310,"High-performance dual-motor electric sedan capable of rapid acceleration, all-wheel drive, advanced driver assistance and cutting-edge technology.",40
2016,1,Model 4,V401,"Luxury seven-seat SUV with 2.5L petrol engine, AWD, panoramic sunroof, leather seats, premium infotainment and exceptional comfort.",21
2016,1,Model 4,V402,"Luxury diesel SUV with terrain management system, electronic parking brake, connected technology and spacious premium cabin.",30
2016,1,Model 4,V403,"Performance SUV featuring a 3.0L turbo petrol engine, adaptive suspension, AWD system and 20-inch alloy wheels.",19
2016,1,Model 4,V404,"Flagship luxury SUV powered by a 3.0L V6 petrol engine, ventilated seats, 360-degree camera, ADAS Level 2 and premium craftsmanship.",11
2016,1,Model 4,V405,"Flagship diesel SUV with air suspension, intelligent AWD, premium leather interior, advanced infotainment and executive comfort.",28
2016,1,Model 4,V406,"Dual-motor electric luxury SUV producing 300 kW, approximately 600 km driving range, ultra-fast charging, autonomous driving features and premium technology.",34
2016,1,Model 4,V407,"Performance electric SUV with dual-motor AWD, sports interior, rapid acceleration, intelligent safety systems and dynamic driving experience.",12
2016,1,Model 4,V408,"Flagship hybrid SUV powered by a 3.5L V6 hybrid engine, captain seats, panoramic glass roof, premium surround audio and comprehensive driver assistance.",10
2016,2,Model 1,V101,"Premium hatchback with a 1.2L petrol engine, 5-speed manual transmission, seating for five, dual airbags, ABS with EBD, LED DRLs, touchscreen infotainment, Apple CarPlay & Android Auto, excellent fuel efficiency and smooth city driving.",21
2016,2,Model 1,V102,"Premium hatchback powered by a 1.2L petrol engine with automatic transmission, reverse camera, cruise control, alloy wheels, automatic climate control and advanced infotainment for comfortable urban travel.",18
2016,2,Model 1,V103,"Mid-size sedan featuring a 1.5L petrol engine, manual transmission, spacious cabin, LED headlamps, rear AC vents, smart key access and balanced performance for everyday driving.",6
2016,2,Model 1,V104,"Premium sedan equipped with a 1.5L petrol engine and CVT automatic transmission, sunroof, wireless charging, connected car technology, six airbags and refined ride comfort.",8
2016,2,Model 2,V201,"Compact SUV powered by a 1.5L turbo diesel engine with manual gearbox, hill hold assist, rear parking sensors, 17-inch alloy wheels and practical family-oriented features.",45
2016,2,Model 2,V202,"Compact diesel SUV with automatic transmission, premium interior, electronic stability control, rear camera, ABS, spacious cabin and comfortable long-distance performance.",39
2016,2,Model 2,V203,"Sporty compact SUV featuring a 1.5L turbo petrol engine, manual transmission, LED lighting, touchscreen navigation and dynamic styling for enthusiastic drivers.",62
2016,2,Model 2,V204,"Compact SUV with turbo petrol engine and automatic transmission, push-button start, automatic climate control, connected vehicle technology and premium comfort.",69
2016,2,Model 2,V205,"Hybrid compact SUV with 1.5L petrol hybrid engine, e-CVT transmission, regenerative braking, outstanding fuel economy, advanced safety systems and intelligent driving assistance.",69
2016,2,Model 2,V206,"All-electric compact SUV producing 150 kW, fast charging support, approximately 450 km driving range, regenerative braking and connected smart mobility features.",43
2016,2,Model 2,V207,"Premium AWD SUV with 2.0L turbo petrol engine, panoramic sunroof, leather upholstery, 360-degree camera, ADAS safety features and luxury interior.",61
2016,2,Model 2,V208,"Premium diesel SUV equipped with AWD, terrain response modes, seven-seat configuration, premium audio system and excellent highway capability.",28
2016,2,Model 2,V209,"Family SUV powered by a 2.0L turbo petrol engine, automatic transmission, digital instrument cluster, connected navigation and spacious seven-seat layout.",39
2016,2,Model 2,V210,"Hybrid family SUV offering advanced driver assistance, adaptive cruise control, premium comfort, efficient hybrid technology and smooth e-CVT transmission.",59
2016,2,Model 3,V301,"Executive sedan with 1.8L petrol engine, premium cabin, manual transmission, projector LED headlamps and elegant styling.",45
2016,2,Model 3,V302,"Executive automatic sedan with leather upholstery, dual-zone climate control, connected infotainment and refined ride quality.",39
2016,2,Model 3,V303,"Performance sedan featuring a 2.0L petrol engine, paddle shifters, sport suspension, 18-inch alloy wheels and responsive handling.",62
2016,2,Model 3,V304,"Luxury hybrid sedan with intelligent safety systems, premium interior, exceptional fuel efficiency and smooth e-CVT performance.",69
2016,2,Model 3,V305,"Performance edition sedan powered by a turbo petrol engine with premium infotainment, sport exhaust, wireless charging and athletic design.",69
2016,2,Model 3,V306,"Executive diesel sedan offering automatic transmission, spacious rear seating, superior ride comfort and long-distance efficiency.",43
2016,2,Model 3,V307,"Luxury petrol sedan with panoramic sunroof, premium leather interior, ten airbags, connected technology and refined driving dynamics.",61
2016,2,Model 3,V308,"Luxury hybrid sedan equipped with adaptive cruise control, ventilated seats, premium sound system and intelligent safety features.",28
2016,2,Model 3,V309,"Electric luxury sedan delivering approximately 550 km range, fast charging capability, connected vehicle platform and premium comfort.",39
2016,2,Model 3,V310,"High-performance dual-motor electric sedan capable of rapid acceleration, all-wheel drive, advanced driver assistance and cutting-edge technology.",59
2016,2,Model 4,V401,"Luxury seven-seat SUV with 2.5L petrol engine, AWD, panoramic sunroof, leather seats, premium infotainment and exceptional comfort.",8
2016,2,Model 4,V402,"Luxury diesel SUV with terrain management system, electronic parking brake, connected technology and spacious premium cabin.",26
2016,2,Model 4,V403,"Performance SUV featuring a 3.0L turbo petrol engine, adaptive suspension, AWD system and 20-inch alloy wheels.",20
2016,2,Model 4,V404,"Flagship luxury SUV powered by a 3.0L V6 petrol engine, ventilated seats, 360-degree camera, ADAS Level 2 and premium craftsmanship.",45
2016,2,Model 4,V405,"Flagship diesel SUV with air suspension, intelligent AWD, premium leather interior, advanced infotainment and executive comfort.",45
2016,2,Model 4,V406,"Dual-motor electric luxury SUV producing 300 kW, approximately 600 km driving range, ultra-fast charging, autonomous driving features and premium technology.",30
2016,2,Model 4,V407,"Performance electric SUV with dual-motor AWD, sports interior, rapid acceleration, intelligent safety systems and dynamic driving experience.",21
2016,2,Model 4,V408,"Flagship hybrid SUV powered by a 3.5L V6 hybrid engine, captain seats, panoramic glass roof, premium surround audio and comprehensive driver assistance.",28
2016,3,Model 1,V101,"Premium hatchback with a 1.2L petrol engine, 5-speed manual transmission, seating for five, dual airbags, ABS with EBD, LED DRLs, touchscreen infotainment, Apple CarPlay & Android Auto, excellent fuel efficiency and smooth city driving.",28
2016,3,Model 1,V102,"Premium hatchback powered by a 1.2L petrol engine with automatic transmission, reverse camera, cruise control, alloy wheels, automatic climate control and advanced infotainment for comfortable urban travel.",23
2016,3,Model 1,V103,"Mid-size sedan featuring a 1.5L petrol engine, manual transmission, spacious cabin, LED headlamps, rear AC vents, smart key access and balanced performance for everyday driving.",27
2016,3,Model 1,V104,"Premium sedan equipped with a 1.5L petrol engine and CVT automatic transmission, sunroof, wireless charging, connected car technology, six airbags and refined ride comfort.",28
2016,3,Model 2,V201,"Compact SUV powered by a 1.5L turbo diesel engine with manual gearbox, hill hold assist, rear parking sensors, 17-inch alloy wheels and practical family-oriented features.",86
2016,3,Model 2,V202,"Compact diesel SUV with automatic transmission, premium interior, electronic stability control, rear camera, ABS, spacious cabin and comfortable long-distance performance.",46
2016,3,Model 2,V203,"Sporty compact SUV featuring a 1.5L turbo petrol engine, manual transmission, LED lighting, touchscreen navigation and dynamic styling for enthusiastic drivers.",51
2016,3,Model 2,V204,"Compact SUV with turbo petrol engine and automatic transmission, push-button start, automatic climate control, connected vehicle technology and premium comfort.",63
2016,3,Model 2,V205,"Hybrid compact SUV with 1.5L petrol hybrid engine, e-CVT transmission, regenerative braking, outstanding fuel economy, advanced safety systems and intelligent driving assistance.",54
2016,3,Model 2,V206,"All-electric compact SUV producing 150 kW, fast charging support, approximately 450 km driving range, regenerative braking and connected smart mobility features.",35
2016,3,Model 2,V207,"Premium AWD SUV with 2.0L turbo petrol engine, panoramic sunroof, leather upholstery, 360-degree camera, ADAS safety features and luxury interior.",98
2016,3,Model 2,V208,"Premium diesel SUV equipped with AWD, terrain response modes, seven-seat configuration, premium audio system and excellent highway capability.",93
2016,3,Model 2,V209,"Family SUV powered by a 2.0L turbo petrol engine, automatic transmission, digital instrument cluster, connected navigation and spacious seven-seat layout.",35
2016,3,Model 2,V210,"Hybrid family SUV offering advanced driver assistance, adaptive cruise control, premium comfort, efficient hybrid technology and smooth e-CVT transmission.",66
2016,3,Model 3,V301,"Executive sedan with 1.8L petrol engine, premium cabin, manual transmission, projector LED headlamps and elegant styling.",86
2016,3,Model 3,V302,"Executive automatic sedan with leather upholstery, dual-zone climate control, connected infotainment and refined ride quality.",46
2016,3,Model 3,V303,"Performance sedan featuring a 2.0L petrol engine, paddle shifters, sport suspension, 18-inch alloy wheels and responsive handling.",51
2016,3,Model 3,V304,"Luxury hybrid sedan with intelligent safety systems, premium interior, exceptional fuel efficiency and smooth e-CVT performance.",63
2016,3,Model 3,V305,"Performance edition sedan powered by a turbo petrol engine with premium infotainment, sport exhaust, wireless charging and athletic design.",54
2016,3,Model 3,V306,"Executive diesel sedan offering automatic transmission, spacious rear seating, superior ride comfort and long-distance efficiency.",35
2016,3,Model 3,V307,"Luxury petrol sedan with panoramic sunroof, premium leather interior, ten airbags, connected technology and refined driving dynamics.",98
2016,3,Model 3,V308,"Luxury hybrid sedan equipped with adaptive cruise control, ventilated seats, premium sound system and intelligent safety features.",93
2016,3,Model 3,V309,"Electric luxury sedan delivering approximately 550 km range, fast charging capability, connected vehicle platform and premium comfort.",35
2016,3,Model 3,V310,"High-performance dual-motor electric sedan capable of rapid acceleration, all-wheel drive, advanced driver assistance and cutting-edge technology.",66
2016,3,Model 4,V401,"Luxury seven-seat SUV with 2.5L petrol engine, AWD, panoramic sunroof, leather seats, premium infotainment and exceptional comfort.",13
2016,3,Model 4,V402,"Luxury diesel SUV with terrain management system, electronic parking brake, connected technology and spacious premium cabin.",12
2016,3,Model 4,V403,"Performance SUV featuring a 3.0L turbo petrol engine, adaptive suspension, AWD system and 20-inch alloy wheels.",44
2016,3,Model 4,V404,"Flagship luxury SUV powered by a 3.0L V6 petrol engine, ventilated seats, 360-degree camera, ADAS Level 2 and premium craftsmanship.",38
2016,3,Model 4,V405,"Flagship diesel SUV with air suspension, intelligent AWD, premium leather interior, advanced infotainment and executive comfort.",40
2016,3,Model 4,V406,"Dual-motor electric luxury SUV producing 300 kW, approximately 600 km driving range, ultra-fast charging, autonomous driving features and premium technology.",41
2016,3,Model 4,V407,"Performance electric SUV with dual-motor AWD, sports interior, rapid acceleration, intelligent safety systems and dynamic driving experience.",19
2016,3,Model 4,V408,"Flagship hybrid SUV powered by a 3.5L V6 hybrid engine, captain seats, panoramic glass roof, premium surround audio and comprehensive driver assistance.",13
2016,4,Model 1,V101,"Premium hatchback with a 1.2L petrol engine, 5-speed manual transmission, seating for five, dual airbags, ABS with EBD, LED DRLs, touchscreen infotainment, Apple CarPlay & Android Auto, excellent fuel efficiency and smooth city driving.",22
2016,4,Model 1,V102,"Premium hatchback powered by a 1.2L petrol engine with automatic transmission, reverse camera, cruise control, alloy wheels, automatic climate control and advanced infotainment for comfortable urban travel.",9
2016,4,Model 1,V103,"Mid-size sedan featuring a 1.5L petrol engine, manual transmission, spacious cabin, LED headlamps, rear AC vents, smart key access and balanced performance for everyday driving.",12
2016,4,Model 1,V104,"Premium sedan equipped with a 1.5L petrol engine and CVT automatic transmission, sunroof, wireless charging, connected car technology, six airbags and refined ride comfort.",9
2016,4,Model 2,V201,"Compact SUV powered by a 1.5L turbo diesel engine with manual gearbox, hill hold assist, rear parking sensors, 17-inch alloy wheels and practical family-oriented features.",100
2016,4,Model 2,V202,"Compact diesel SUV with automatic transmission, premium interior, electronic stability control, rear camera, ABS, spacious cabin and comfortable long-distance performance.",36
2016,4,Model 2,V203,"Sporty compact SUV featuring a 1.5L turbo petrol engine, manual transmission, LED lighting, touchscreen navigation and dynamic styling for enthusiastic drivers.",57
2016,4,Model 2,V204,"Compact SUV with turbo petrol engine and automatic transmission, push-button start, automatic climate control, connected vehicle technology and premium comfort.",77
2016,4,Model 2,V205,"Hybrid compact SUV with 1.5L petrol hybrid engine, e-CVT transmission, regenerative braking, outstanding fuel economy, advanced safety systems and intelligent driving assistance.",42
2016,4,Model 2,V206,"All-electric compact SUV producing 150 kW, fast charging support, approximately 450 km driving range, regenerative braking and connected smart mobility features.",96
2016,4,Model 2,V207,"Premium AWD SUV with 2.0L turbo petrol engine, panoramic sunroof, leather upholstery, 360-degree camera, ADAS safety features and luxury interior.",58
2016,4,Model 2,V208,"Premium diesel SUV equipped with AWD, terrain response modes, seven-seat configuration, premium audio system and excellent highway capability.",98
2016,4,Model 2,V209,"Family SUV powered by a 2.0L turbo petrol engine, automatic transmission, digital instrument cluster, connected navigation and spacious seven-seat layout.",100
2016,4,Model 2,V210,"Hybrid family SUV offering advanced driver assistance, adaptive cruise control, premium comfort, efficient hybrid technology and smooth e-CVT transmission.",33
2016,4,Model 3,V301,"Executive sedan with 1.8L petrol engine, premium cabin, manual transmission, projector LED headlamps and elegant styling.",100
2016,4,Model 3,V302,"Executive automatic sedan with leather upholstery, dual-zone climate control, connected infotainment and refined ride quality.",36
2016,4,Model 3,V303,"Performance sedan featuring a 2.0L petrol engine, paddle shifters, sport suspension, 18-inch alloy wheels and responsive handling.",57
2016,4,Model 3,V304,"Luxury hybrid sedan with intelligent safety systems, premium interior, exceptional fuel efficiency and smooth e-CVT performance.",77
2016,4,Model 3,V305,"Performance edition sedan powered by a turbo petrol engine with premium infotainment, sport exhaust, wireless charging and athletic design.",42
2016,4,Model 3,V306,"Executive diesel sedan offering automatic transmission, spacious rear seating, superior ride comfort and long-distance efficiency.",96
2016,4,Model 3,V307,"Luxury petrol sedan with panoramic sunroof, premium leather interior, ten airbags, connected technology and refined driving dynamics.",58
2016,4,Model 3,V308,"Luxury hybrid sedan equipped with adaptive cruise control, ventilated seats, premium sound system and intelligent safety features.",98
2016,4,Model 3,V309,"Electric luxury sedan delivering approximately 550 km range, fast charging capability, connected vehicle platform and premium comfort.",100
2016,4,Model 3,V310,"High-performance dual-motor electric sedan capable of rapid acceleration, all-wheel drive, advanced driver assistance and cutting-edge technology.",33
2016,4,Model 4,V401,"Luxury seven-seat SUV with 2.5L petrol engine, AWD, panoramic sunroof, leather seats, premium infotainment and exceptional comfort.",46
2016,4,Model 4,V402,"Luxury diesel SUV with terrain management system, electronic parking brake, connected technology and spacious premium cabin.",14
2016,4,Model 4,V403,"Performance SUV featuring a 3.0L turbo petrol engine, adaptive suspension, AWD system and 20-inch alloy wheels.",34
2016,4,Model 4,V404,"Flagship luxury SUV powered by a 3.0L V6 petrol engine, ventilated seats, 360-degree camera, ADAS Level 2 and premium craftsmanship.",49
2016,4,Model 4,V405,"Flagship diesel SUV with air suspension, intelligent AWD, premium leather interior, advanced infotainment and executive comfort.",44
2016,4,Model 4,V406,"Dual-motor electric luxury SUV producing 300 kW, approximately 600 km driving range, ultra-fast charging, autonomous driving features and premium technology.",43
2016,4,Model 4,V407,"Performance electric SUV with dual-motor AWD, sports interior, rapid acceleration, intelligent safety systems and dynamic driving experience.",40
2016,4,Model 4,V408,"Flagship hybrid SUV powered by a 3.5L V6 hybrid engine, captain seats, panoramic glass roof, premium surround audio and comprehensive driver assistance.",28
2016,5,Model 1,V101,"Premium hatchback with a 1.2L petrol engine, 5-speed manual transmission, seating for five, dual airbags, ABS with EBD, LED DRLs, touchscreen infotainment, Apple CarPlay & Android Auto, excellent fuel efficiency and smooth city driving.",14
2016,5,Model 1,V102,"Premium hatchback powered by a 1.2L petrol engine with automatic transmission, reverse camera, cruise control, alloy wheels, automatic climate control and advanced infotainment for comfortable urban travel.",13
2016,5,Model 1,V103,"Mid-size sedan featuring a 1.5L petrol engine, manual transmission, spacious cabin, LED headlamps, rear AC vents, smart key access and balanced performance for everyday driving.",27
2016,5,Model 1,V104,"Premium sedan equipped with a 1.5L petrol engine and CVT automatic transmission, sunroof, wireless charging, connected car technology, six airbags and refined ride comfort.",28
2016,5,Model 2,V201,"Compact SUV powered by a 1.5L turbo diesel engine with manual gearbox, hill hold assist, rear parking sensors, 17-inch alloy wheels and practical family-oriented features.",66
2016,5,Model 2,V202,"Compact diesel SUV with automatic transmission, premium interior, electronic stability control, rear camera, ABS, spacious cabin and comfortable long-distance performance.",57
2016,5,Model 2,V203,"Sporty compact SUV featuring a 1.5L turbo petrol engine, manual transmission, LED lighting, touchscreen navigation and dynamic styling for enthusiastic drivers.",60
2016,5,Model 2,V204,"Compact SUV with turbo petrol engine and automatic transmission, push-button start, automatic climate control, connected vehicle technology and premium comfort.",76
2016,5,Model 2,V205,"Hybrid compact SUV with 1.5L petrol hybrid engine, e-CVT transmission, regenerative braking, outstanding fuel economy, advanced safety systems and intelligent driving assistance.",44
2016,5,Model 2,V206,"All-electric compact SUV producing 150 kW, fast charging support, approximately 450 km driving range, regenerative braking and connected smart mobility features.",64
2016,5,Model 2,V207,"Premium AWD SUV with 2.0L turbo petrol engine, panoramic sunroof, leather upholstery, 360-degree camera, ADAS safety features and luxury interior.",83
2016,5,Model 2,V208,"Premium diesel SUV equipped with AWD, terrain response modes, seven-seat configuration, premium audio system and excellent highway capability.",66
2016,5,Model 2,V209,"Family SUV powered by a 2.0L turbo petrol engine, automatic transmission, digital instrument cluster, connected navigation and spacious seven-seat layout.",37
2016,5,Model 2,V210,"Hybrid family SUV offering advanced driver assistance, adaptive cruise control, premium comfort, efficient hybrid technology and smooth e-CVT transmission.",29
2016,5,Model 3,V301,"Executive sedan with 1.8L petrol engine, premium cabin, manual transmission, projector LED headlamps and elegant styling.",66
2016,5,Model 3,V302,"Executive automatic sedan with leather upholstery, dual-zone climate control, connected infotainment and refined ride quality.",57
2016,5,Model 3,V303,"Performance sedan featuring a 2.0L petrol engine, paddle shifters, sport suspension, 18-inch alloy wheels and responsive handling.",60
2016,5,Model 3,V304,"Luxury hybrid sedan with intelligent safety systems, premium interior, exceptional fuel efficiency and smooth e-CVT performance.",76
2016,5,Model 3,V305,"Performance edition sedan powered by a turbo petrol engine with premium infotainment, sport exhaust, wireless charging and athletic design.",44
2016,5,Model 3,V306,"Executive diesel sedan offering automatic transmission, spacious rear seating, superior ride comfort and long-distance efficiency.",64
2016,5,Model 3,V307,"Luxury petrol sedan with panoramic sunroof, premium leather interior, ten airbags, connected technology and refined driving dynamics.",83
2016,5,Model 3,V308,"Luxury hybrid sedan equipped with adaptive cruise control, ventilated seats, premium sound system and intelligent safety features.",66
2016,5,Model 3,V309,"Electric luxury sedan delivering approximately 550 km range, fast charging capability, connected vehicle platform and premium comfort.",37
2016,5,Model 3,V310,"High-performance dual-motor electric sedan capable of rapid acceleration, all-wheel drive, advanced driver assistance and cutting-edge technology.",29
2016,5,Model 4,V401,"Luxury seven-seat SUV with 2.5L petrol engine, AWD, panoramic sunroof, leather seats, premium infotainment and exceptional comfort.",37
2016,5,Model 4,V402,"Luxury diesel SUV with terrain management system, electronic parking brake, connected technology and spacious premium cabin.",46
2016,5,Model 4,V403,"Performance SUV featuring a 3.0L turbo petrol engine, adaptive suspension, AWD system and 20-inch alloy wheels.",43
2016,5,Model 4,V404,"Flagship luxury SUV powered by a 3.0L V6 petrol engine, ventilated seats, 360-degree camera, ADAS Level 2 and premium craftsmanship.",15
2016,5,Model 4,V405,"Flagship diesel SUV with air suspension, intelligent AWD, premium leather interior, advanced infotainment and executive comfort.",14
2016,5,Model 4,V406,"Dual-motor electric luxury SUV producing 300 kW, approximately 600 km driving range, ultra-fast charging, autonomous driving features and premium technology.",41
2016,5,Model 4,V407,"Performance electric SUV with dual-motor AWD, sports interior, rapid acceleration, intelligent safety systems and dynamic driving experience.",22
2016,5,Model 4,V408,"Flagship hybrid SUV powered by a 3.5L V6 hybrid engine, captain seats, panoramic glass roof, premium surround audio and comprehensive driver assistance.",40
2016,6,Model 1,V101,"Premium hatchback with a 1.2L petrol engine, 5-speed manual transmission, seating for five, dual airbags, ABS with EBD, LED DRLs, touchscreen infotainment, Apple CarPlay & Android Auto, excellent fuel efficiency and smooth city driving.",12
2016,6,Model 1,V102,"Premium hatchback powered by a 1.2L petrol engine with automatic transmission, reverse camera, cruise control, alloy wheels, automatic climate control and advanced infotainment for comfortable urban travel.",9
2016,6,Model 1,V103,"Mid-size sedan featuring a 1.5L petrol engine, manual transmission, spacious cabin, LED headlamps, rear AC vents, smart key access and balanced performance for everyday driving.",14
2016,6,Model 1,V104,"Premium sedan equipped with a 1.5L petrol engine and CVT automatic transmission, sunroof, wireless charging, connected car technology, six airbags and refined ride comfort.",7
2016,6,Model 2,V201,"Compact SUV powered by a 1.5L turbo diesel engine with manual gearbox, hill hold assist, rear parking sensors, 17-inch alloy wheels and practical family-oriented features.",46
2016,6,Model 2,V202,"Compact diesel SUV with automatic transmission, premium interior, electronic stability control, rear camera, ABS, spacious cabin and comfortable long-distance performance.",58
2016,6,Model 2,V203,"Sporty compact SUV featuring a 1.5L turbo petrol engine, manual transmission, LED lighting, touchscreen navigation and dynamic styling for enthusiastic drivers.",50
2016,6,Model 2,V204,"Compact SUV with turbo petrol engine and automatic transmission, push-button start, automatic climate control, connected vehicle technology and premium comfort.",37
2016,6,Model 2,V205,"Hybrid compact SUV with 1.5L petrol hybrid engine, e-CVT transmission, regenerative braking, outstanding fuel economy, advanced safety systems and intelligent driving assistance.",65
2016,6,Model 2,V206,"All-electric compact SUV producing 150 kW, fast charging support, approximately 450 km driving range, regenerative braking and connected smart mobility features.",75
2016,6,Model 2,V207,"Premium AWD SUV with 2.0L turbo petrol engine, panoramic sunroof, leather upholstery, 360-degree camera, ADAS safety features and luxury interior.",51
2016,6,Model 2,V208,"Premium diesel SUV equipped with AWD, terrain response modes, seven-seat configuration, premium audio system and excellent highway capability.",81
2016,6,Model 2,V209,"Family SUV powered by a 2.0L turbo petrol engine, automatic transmission, digital instrument cluster, connected navigation and spacious seven-seat layout.",73
2016,6,Model 2,V210,"Hybrid family SUV offering advanced driver assistance, adaptive cruise control, premium comfort, efficient hybrid technology and smooth e-CVT transmission.",23
2016,6,Model 3,V301,"Executive sedan with 1.8L petrol engine, premium cabin, manual transmission, projector LED headlamps and elegant styling.",46
2016,6,Model 3,V302,"Executive automatic sedan with leather upholstery, dual-zone climate control, connected infotainment and refined ride quality.",58
2016,6,Model 3,V303,"Performance sedan featuring a 2.0L petrol engine, paddle shifters, sport suspension, 18-inch alloy wheels and responsive handling.",50
2016,6,Model 3,V304,"Luxury hybrid sedan with intelligent safety systems, premium interior, exceptional fuel efficiency and smooth e-CVT performance.",37
2016,6,Model 3,V305,"Performance edition sedan powered by a turbo petrol engine with premium infotainment, sport exhaust, wireless charging and athletic design.",65
2016,6,Model 3,V306,"Executive diesel sedan offering automatic transmission, spacious rear seating, superior ride comfort and long-distance efficiency.",75
2016,6,Model 3,V307,"Luxury petrol sedan with panoramic sunroof, premium leather interior, ten airbags, connected technology and refined driving dynamics.",51
2016,6,Model 3,V308,"Luxury hybrid sedan equipped with adaptive cruise control, ventilated seats, premium sound system and intelligent safety features.",81
2016,6,Model 3,V309,"Electric luxury sedan delivering approximately 550 km range, fast charging capability, connected vehicle platform and premium comfort.",73
2016,6,Model 3,V310,"High-performance dual-motor electric sedan capable of rapid acceleration, all-wheel drive, advanced driver assistance and cutting-edge technology.",23
2016,6,Model 4,V401,"Luxury seven-seat SUV with 2.5L petrol engine, AWD, panoramic sunroof, leather seats, premium infotainment and exceptional comfort.",40
2016,6,Model 4,V402,"Luxury diesel SUV with terrain management system, electronic parking brake, connected technology and spacious premium cabin.",34
2016,6,Model 4,V403,"Performance SUV featuring a 3.0L turbo petrol engine, adaptive suspension, AWD system and 20-inch alloy wheels.",22
2016,6,Model 4,V404,"Flagship luxury SUV powered by a 3.0L V6 petrol engine, ventilated seats, 360-degree camera, ADAS Level 2 and premium craftsmanship.",39
2016,6,Model 4,V405,"Flagship diesel SUV with air suspension, intelligent AWD, premium leather interior, advanced infotainment and executive comfort.",12
2016,6,Model 4,V406,"Dual-motor electric luxury SUV producing 300 kW, approximately 600 km driving range, ultra-fast charging, autonomous driving features and premium technology.",14
2016,6,Model 4,V407,"Performance electric SUV with dual-motor AWD, sports interior, rapid acceleration, intelligent safety systems and dynamic driving experience.",20
2016,6,Model 4,V408,"Flagship hybrid SUV powered by a 3.5L V6 hybrid engine, captain seats, panoramic glass roof, premium surround audio and comprehensive driver assistance.",13
2016,7,Model 1,V101,"Premium hatchback with a 1.2L petrol engine, 5-speed manual transmission, seating for five, dual airbags, ABS with EBD, LED DRLs, touchscreen infotainment, Apple CarPlay & Android Auto, excellent fuel efficiency and smooth city driving.",6
2016,7,Model 1,V102,"Premium hatchback powered by a 1.2L petrol engine with automatic transmission, reverse camera, cruise control, alloy wheels, automatic climate control and advanced infotainment for comfortable urban travel.",15
2016,7,Model 1,V103,"Mid-size sedan featuring a 1.5L petrol engine, manual transmission, spacious cabin, LED headlamps, rear AC vents, smart key access and balanced performance for everyday driving.",7
2016,7,Model 1,V104,"Premium sedan equipped with a 1.5L petrol engine and CVT automatic transmission, sunroof, wireless charging, connected car technology, six airbags and refined ride comfort.",10
2016,7,Model 2,V201,"Compact SUV powered by a 1.5L turbo diesel engine with manual gearbox, hill hold assist, rear parking sensors, 17-inch alloy wheels and practical family-oriented features.",40
2016,7,Model 2,V202,"Compact diesel SUV with automatic transmission, premium interior, electronic stability control, rear camera, ABS, spacious cabin and comfortable long-distance performance.",64
2016,7,Model 2,V203,"Sporty compact SUV featuring a 1.5L turbo petrol engine, manual transmission, LED lighting, touchscreen navigation and dynamic styling for enthusiastic drivers.",34
2016,7,Model 2,V204,"Compact SUV with turbo petrol engine and automatic transmission, push-button start, automatic climate control, connected vehicle technology and premium comfort.",44
2016,7,Model 2,V205,"Hybrid compact SUV with 1.5L petrol hybrid engine, e-CVT transmission, regenerative braking, outstanding fuel economy, advanced safety systems and intelligent driving assistance.",34
2016,7,Model 2,V206,"All-electric compact SUV producing 150 kW, fast charging support, approximately 450 km driving range, regenerative braking and connected smart mobility features.",38
2016,7,Model 2,V207,"Premium AWD SUV with 2.0L turbo petrol engine, panoramic sunroof, leather upholstery, 360-degree camera, ADAS safety features and luxury interior.",57
2016,7,Model 2,V208,"Premium diesel SUV equipped with AWD, terrain response modes, seven-seat configuration, premium audio system and excellent highway capability.",56
2016,7,Model 2,V209,"Family SUV powered by a 2.0L turbo petrol engine, automatic transmission, digital instrument cluster, connected navigation and spacious seven-seat layout.",37
2016,7,Model 2,V210,"Hybrid family SUV offering advanced driver assistance, adaptive cruise control, premium comfort, efficient hybrid technology and smooth e-CVT transmission.",22
2016,7,Model 3,V301,"Executive sedan with 1.8L petrol engine, premium cabin, manual transmission, projector LED headlamps and elegant styling.",40
2016,7,Model 3,V302,"Executive automatic sedan with leather upholstery, dual-zone climate control, connected infotainment and refined ride quality.",64
2016,7,Model 3,V303,"Performance sedan featuring a 2.0L petrol engine, paddle shifters, sport suspension, 18-inch alloy wheels and responsive handling.",34
2016,7,Model 3,V304,"Luxury hybrid sedan with intelligent safety systems, premium interior, exceptional fuel efficiency and smooth e-CVT performance.",44
2016,7,Model 3,V305,"Performance edition sedan powered by a turbo petrol engine with premium infotainment, sport exhaust, wireless charging and athletic design.",34
2016,7,Model 3,V306,"Executive diesel sedan offering automatic transmission, spacious rear seating, superior ride comfort and long-distance efficiency.",38
2016,7,Model 3,V307,"Luxury petrol sedan with panoramic sunroof, premium leather interior, ten airbags, connected technology and refined driving dynamics.",57
2016,7,Model 3,V308,"Luxury hybrid sedan equipped with adaptive cruise control, ventilated seats, premium sound system and intelligent safety features.",56
2016,7,Model 3,V309,"Electric luxury sedan delivering approximately 550 km range, fast charging capability, connected vehicle platform and premium comfort.",37
2016,7,Model 3,V310,"High-performance dual-motor electric sedan capable of rapid acceleration, all-wheel drive, advanced driver assistance and cutting-edge technology.",22
2016,7,Model 4,V401,"Luxury seven-seat SUV with 2.5L petrol engine, AWD, panoramic sunroof, leather seats, premium infotainment and exceptional comfort.",9
2016,7,Model 4,V402,"Luxury diesel SUV with terrain management system, electronic parking brake, connected technology and spacious premium cabin.",30
2016,7,Model 4,V403,"Performance SUV featuring a 3.0L turbo petrol engine, adaptive suspension, AWD system and 20-inch alloy wheels.",22
2016,7,Model 4,V404,"Flagship luxury SUV powered by a 3.0L V6 petrol engine, ventilated seats, 360-degree camera, ADAS Level 2 and premium craftsmanship.",17
2016,7,Model 4,V405,"Flagship diesel SUV with air suspension, intelligent AWD, premium leather interior, advanced infotainment and executive comfort.",8
2016,7,Model 4,V406,"Dual-motor electric luxury SUV producing 300 kW, approximately 600 km driving range, ultra-fast charging, autonomous driving features and premium technology.",6
2016,7,Model 4,V407,"Performance electric SUV with dual-motor AWD, sports interior, rapid acceleration, intelligent safety systems and dynamic driving experience.",19
2016,7,Model 4,V408,"Flagship hybrid SUV powered by a 3.5L V6 hybrid engine, captain seats, panoramic glass roof, premium surround audio and comprehensive driver assistance.",36
2016,8,Model 1,V101,"Premium hatchback with a 1.2L petrol engine, 5-speed manual transmission, seating for five, dual airbags, ABS with EBD, LED DRLs, touchscreen infotainment, Apple CarPlay & Android Auto, excellent fuel efficiency and smooth city driving.",7
2016,8,Model 1,V102,"Premium hatchback powered by a 1.2L petrol engine with automatic transmission, reverse camera, cruise control, alloy wheels, automatic climate control and advanced infotainment for comfortable urban travel.",17
2016,8,Model 1,V103,"Mid-size sedan featuring a 1.5L petrol engine, manual transmission, spacious cabin, LED headlamps, rear AC vents, smart key access and balanced performance for everyday driving.",9
2016,8,Model 1,V104,"Premium sedan equipped with a 1.5L petrol engine and CVT automatic transmission, sunroof, wireless charging, connected car technology, six airbags and refined ride comfort.",8
2016,8,Model 2,V201,"Compact SUV powered by a 1.5L turbo diesel engine with manual gearbox, hill hold assist, rear parking sensors, 17-inch alloy wheels and practical family-oriented features.",52
2016,8,Model 2,V202,"Compact diesel SUV with automatic transmission, premium interior, electronic stability control, rear camera, ABS, spacious cabin and comfortable long-distance performance.",60
2016,8,Model 2,V203,"Sporty compact SUV featuring a 1.5L turbo petrol engine, manual transmission, LED lighting, touchscreen navigation and dynamic styling for enthusiastic drivers.",51
2016,8,Model 2,V204,"Compact SUV with turbo petrol engine and automatic transmission, push-button start, automatic climate control, connected vehicle technology and premium comfort.",61
2016,8,Model 2,V205,"Hybrid compact SUV with 1.5L petrol hybrid engine, e-CVT transmission, regenerative braking, outstanding fuel economy, advanced safety systems and intelligent driving assistance.",19
2016,8,Model 2,V206,"All-electric compact SUV producing 150 kW, fast charging support, approximately 450 km driving range, regenerative braking and connected smart mobility features.",27
2016,8,Model 2,V207,"Premium AWD SUV with 2.0L turbo petrol engine, panoramic sunroof, leather upholstery, 360-degree camera, ADAS safety features and luxury interior.",24
2016,8,Model 2,V208,"Premium diesel SUV equipped with AWD, terrain response modes, seven-seat configuration, premium audio system and excellent highway capability.",30
2016,8,Model 2,V209,"Family SUV powered by a 2.0L turbo petrol engine, automatic transmission, digital instrument cluster, connected navigation and spacious seven-seat layout.",60
2016,8,Model 2,V210,"Hybrid family SUV offering advanced driver assistance, adaptive cruise control, premium comfort, efficient hybrid technology and smooth e-CVT transmission.",21
2016,8,Model 3,V301,"Executive sedan with 1.8L petrol engine, premium cabin, manual transmission, projector LED headlamps and elegant styling.",52
2016,8,Model 3,V302,"Executive automatic sedan with leather upholstery, dual-zone climate control, connected infotainment and refined ride quality.",60
2016,8,Model 3,V303,"Performance sedan featuring a 2.0L petrol engine, paddle shifters, sport suspension, 18-inch alloy wheels and responsive handling.",51
2016,8,Model 3,V304,"Luxury hybrid sedan with intelligent safety systems, premium interior, exceptional fuel efficiency and smooth e-CVT performance.",61
2016,8,Model 3,V305,"Performance edition sedan powered by a turbo petrol engine with premium infotainment, sport exhaust, wireless charging and athletic design.",19
2016,8,Model 3,V306,"Executive diesel sedan offering automatic transmission, spacious rear seating, superior ride comfort and long-distance efficiency.",27
2016,8,Model 3,V307,"Luxury petrol sedan with panoramic sunroof, premium leather interior, ten airbags, connected technology and refined driving dynamics.",24
2016,8,Model 3,V308,"Luxury hybrid sedan equipped with adaptive cruise control, ventilated seats, premium sound system and intelligent safety features.",30
2016,8,Model 3,V309,"Electric luxury sedan delivering approximately 550 km range, fast charging capability, connected vehicle platform and premium comfort.",60
2016,8,Model 3,V310,"High-performance dual-motor electric sedan capable of rapid acceleration, all-wheel drive, advanced driver assistance and cutting-edge technology.",21
2016,8,Model 4,V401,"Luxury seven-seat SUV with 2.5L petrol engine, AWD, panoramic sunroof, leather seats, premium infotainment and exceptional comfort.",20
2016,8,Model 4,V402,"Luxury diesel SUV with terrain management system, electronic parking brake, connected technology and spacious premium cabin.",28
2016,8,Model 4,V403,"Performance SUV featuring a 3.0L turbo petrol engine, adaptive suspension, AWD system and 20-inch alloy wheels.",27
2016,8,Model 4,V404,"Flagship luxury SUV powered by a 3.0L V6 petrol engine, ventilated seats, 360-degree camera, ADAS Level 2 and premium craftsmanship.",12
2016,8,Model 4,V405,"Flagship diesel SUV with air suspension, intelligent AWD, premium leather interior, advanced infotainment and executive comfort.",23
2016,8,Model 4,V406,"Dual-motor electric luxury SUV producing 300 kW, approximately 600 km driving range, ultra-fast charging, autonomous driving features and premium technology.",11
2016,8,Model 4,V407,"Performance electric SUV with dual-motor AWD, sports interior, rapid acceleration, intelligent safety systems and dynamic driving experience.",8
2016,8,Model 4,V408,"Flagship hybrid SUV powered by a 3.5L V6 hybrid engine, captain seats, panoramic glass roof, premium surround audio and comprehensive driver assistance.",18
2016,9,Model 1,V101,"Premium hatchback with a 1.2L petrol engine, 5-speed manual transmission, seating for five, dual airbags, ABS with EBD, LED DRLs, touchscreen infotainment, Apple CarPlay & Android Auto, excellent fuel efficiency and smooth city driving.",14
2016,9,Model 1,V102,"Premium hatchback powered by a 1.2L petrol engine with automatic transmission, reverse camera, cruise control, alloy wheels, automatic climate control and advanced infotainment for comfortable urban travel.",6
2016,9,Model 1,V103,"Mid-size sedan featuring a 1.5L petrol engine, manual transmission, spacious cabin, LED headlamps, rear AC vents, smart key access and balanced performance for everyday driving.",14
2016,9,Model 1,V104,"Premium sedan equipped with a 1.5L petrol engine and CVT automatic transmission, sunroof, wireless charging, connected car technology, six airbags and refined ride comfort.",10
2016,9,Model 2,V201,"Compact SUV powered by a 1.5L turbo diesel engine with manual gearbox, hill hold assist, rear parking sensors, 17-inch alloy wheels and practical family-oriented features.",46
2016,9,Model 2,V202,"Compact diesel SUV with automatic transmission, premium interior, electronic stability control, rear camera, ABS, spacious cabin and comfortable long-distance performance.",32
2016,9,Model 2,V203,"Sporty compact SUV featuring a 1.5L turbo petrol engine, manual transmission, LED lighting, touchscreen navigation and dynamic styling for enthusiastic drivers.",57
2016,9,Model 2,V204,"Compact SUV with turbo petrol engine and automatic transmission, push-button start, automatic climate control, connected vehicle technology and premium comfort.",76
2016,9,Model 2,V205,"Hybrid compact SUV with 1.5L petrol hybrid engine, e-CVT transmission, regenerative braking, outstanding fuel economy, advanced safety systems and intelligent driving assistance.",62
2016,9,Model 2,V206,"All-electric compact SUV producing 150 kW, fast charging support, approximately 450 km driving range, regenerative braking and connected smart mobility features.",82
2016,9,Model 2,V207,"Premium AWD SUV with 2.0L turbo petrol engine, panoramic sunroof, leather upholstery, 360-degree camera, ADAS safety features and luxury interior.",37
2016,9,Model 2,V208,"Premium diesel SUV equipped with AWD, terrain response modes, seven-seat configuration, premium audio system and excellent highway capability.",45
2016,9,Model 2,V209,"Family SUV powered by a 2.0L turbo petrol engine, automatic transmission, digital instrument cluster, connected navigation and spacious seven-seat layout.",38
2016,9,Model 2,V210,"Hybrid family SUV offering advanced driver assistance, adaptive cruise control, premium comfort, efficient hybrid technology and smooth e-CVT transmission.",40
2016,9,Model 3,V301,"Executive sedan with 1.8L petrol engine, premium cabin, manual transmission, projector LED headlamps and elegant styling.",46
2016,9,Model 3,V302,"Executive automatic sedan with leather upholstery, dual-zone climate control, connected infotainment and refined ride quality.",32
2016,9,Model 3,V303,"Performance sedan featuring a 2.0L petrol engine, paddle shifters, sport suspension, 18-inch alloy wheels and responsive handling.",57
2016,9,Model 3,V304,"Luxury hybrid sedan with intelligent safety systems, premium interior, exceptional fuel efficiency and smooth e-CVT performance.",76
2016,9,Model 3,V305,"Performance edition sedan powered by a turbo petrol engine with premium infotainment, sport exhaust, wireless charging and athletic design.",62
2016,9,Model 3,V306,"Executive diesel sedan offering automatic transmission, spacious rear seating, superior ride comfort and long-distance efficiency.",82
2016,9,Model 3,V307,"Luxury petrol sedan with panoramic sunroof, premium leather interior, ten airbags, connected technology and refined driving dynamics.",37
2016,9,Model 3,V308,"Luxury hybrid sedan equipped with adaptive cruise control, ventilated seats, premium sound system and intelligent safety features.",45
2016,9,Model 3,V309,"Electric luxury sedan delivering approximately 550 km range, fast charging capability, connected vehicle platform and premium comfort.",38
2016,9,Model 3,V310,"High-performance dual-motor electric sedan capable of rapid acceleration, all-wheel drive, advanced driver assistance and cutting-edge technology.",40
2016,9,Model 4,V401,"Luxury seven-seat SUV with 2.5L petrol engine, AWD, panoramic sunroof, leather seats, premium infotainment and exceptional comfort.",27
2016,9,Model 4,V402,"Luxury diesel SUV with terrain management system, electronic parking brake, connected technology and spacious premium cabin.",9
2016,9,Model 4,V403,"Performance SUV featuring a 3.0L turbo petrol engine, adaptive suspension, AWD system and 20-inch alloy wheels.",16
2016,9,Model 4,V404,"Flagship luxury SUV powered by a 3.0L V6 petrol engine, ventilated seats, 360-degree camera, ADAS Level 2 and premium craftsmanship.",43
2016,9,Model 4,V405,"Flagship diesel SUV with air suspension, intelligent AWD, premium leather interior, advanced infotainment and executive comfort.",23
2016,9,Model 4,V406,"Dual-motor electric luxury SUV producing 300 kW, approximately 600 km driving range, ultra-fast charging, autonomous driving features and premium technology.",45
2016,9,Model 4,V407,"Performance electric SUV with dual-motor AWD, sports interior, rapid acceleration, intelligent safety systems and dynamic driving experience.",27
2016,9,Model 4,V408,"Flagship hybrid SUV powered by a 3.5L V6 hybrid engine, captain seats, panoramic glass roof, premium surround audio and comprehensive driver assistance.",40
2016,10,Model 1,V101,"Premium hatchback with a 1.2L petrol engine, 5-speed manual transmission, seating for five, dual airbags, ABS with EBD, LED DRLs, touchscreen infotainment, Apple CarPlay & Android Auto, excellent fuel efficiency and smooth city driving.",14
2016,10,Model 1,V102,"Premium hatchback powered by a 1.2L petrol engine with automatic transmission, reverse camera, cruise control, alloy wheels, automatic climate control and advanced infotainment for comfortable urban travel.",15
2016,10,Model 1,V103,"Mid-size sedan featuring a 1.5L petrol engine, manual transmission, spacious cabin, LED headlamps, rear AC vents, smart key access and balanced performance for everyday driving.",12
2016,10,Model 1,V104,"Premium sedan equipped with a 1.5L petrol engine and CVT automatic transmission, sunroof, wireless charging, connected car technology, six airbags and refined ride comfort.",28
2016,10,Model 2,V201,"Compact SUV powered by a 1.5L turbo diesel engine with manual gearbox, hill hold assist, rear parking sensors, 17-inch alloy wheels and practical family-oriented features.",41
2016,10,Model 2,V202,"Compact diesel SUV with automatic transmission, premium interior, electronic stability control, rear camera, ABS, spacious cabin and comfortable long-distance performance.",74
2016,10,Model 2,V203,"Sporty compact SUV featuring a 1.5L turbo petrol engine, manual transmission, LED lighting, touchscreen navigation and dynamic styling for enthusiastic drivers.",32
2016,10,Model 2,V204,"Compact SUV with turbo petrol engine and automatic transmission, push-button start, automatic climate control, connected vehicle technology and premium comfort.",85
2016,10,Model 2,V205,"Hybrid compact SUV with 1.5L petrol hybrid engine, e-CVT transmission, regenerative braking, outstanding fuel economy, advanced safety systems and intelligent driving assistance.",55
2016,10,Model 2,V206,"All-electric compact SUV producing 150 kW, fast charging support, approximately 450 km driving range, regenerative braking and connected smart mobility features.",52
2016,10,Model 2,V207,"Premium AWD SUV with 2.0L turbo petrol engine, panoramic sunroof, leather upholstery, 360-degree camera, ADAS safety features and luxury interior.",83
2016,10,Model 2,V208,"Premium diesel SUV equipped with AWD, terrain response modes, seven-seat configuration, premium audio system and excellent highway capability.",70
2016,10,Model 2,V209,"Family SUV powered by a 2.0L turbo petrol engine, automatic transmission, digital instrument cluster, connected navigation and spacious seven-seat layout.",65
2016,10,Model 2,V210,"Hybrid family SUV offering advanced driver assistance, adaptive cruise control, premium comfort, efficient hybrid technology and smooth e-CVT transmission.",55
2016,10,Model 3,V301,"Executive sedan with 1.8L petrol engine, premium cabin, manual transmission, projector LED headlamps and elegant styling.",41
2016,10,Model 3,V302,"Executive automatic sedan with leather upholstery, dual-zone climate control, connected infotainment and refined ride quality.",74
2016,10,Model 3,V303,"Performance sedan featuring a 2.0L petrol engine, paddle shifters, sport suspension, 18-inch alloy wheels and responsive handling.",32
2016,10,Model 3,V304,"Luxury hybrid sedan with intelligent safety systems, premium interior, exceptional fuel efficiency and smooth e-CVT performance.",85
2016,10,Model 3,V305,"Performance edition sedan powered by a turbo petrol engine with premium infotainment, sport exhaust, wireless charging and athletic design.",55
2016,10,Model 3,V306,"Executive diesel sedan offering automatic transmission, spacious rear seating, superior ride comfort and long-distance efficiency.",52
2016,10,Model 3,V307,"Luxury petrol sedan with panoramic sunroof, premium leather interior, ten airbags, connected technology and refined driving dynamics.",83
2016,10,Model 3,V308,"Luxury hybrid sedan equipped with adaptive cruise control, ventilated seats, premium sound system and intelligent safety features.",70
2016,10,Model 3,V309,"Electric luxury sedan delivering approximately 550 km range, fast charging capability, connected vehicle platform and premium comfort.",65
2016,10,Model 3,V310,"High-performance dual-motor electric sedan capable of rapid acceleration, all-wheel drive, advanced driver assistance and cutting-edge technology.",55
2016,10,Model 4,V401,"Luxury seven-seat SUV with 2.5L petrol engine, AWD, panoramic sunroof, leather seats, premium infotainment and exceptional comfort.",23
2016,10,Model 4,V402,"Luxury diesel SUV with terrain management system, electronic parking brake, connected technology and spacious premium cabin.",11
2016,10,Model 4,V403,"Performance SUV featuring a 3.0L turbo petrol engine, adaptive suspension, AWD system and 20-inch alloy wheels.",49
2016,10,Model 4,V404,"Flagship luxury SUV powered by a 3.0L V6 petrol engine, ventilated seats, 360-degree camera, ADAS Level 2 and premium craftsmanship.",21
2016,10,Model 4,V405,"Flagship diesel SUV with air suspension, intelligent AWD, premium leather interior, advanced infotainment and executive comfort.",33
2016,10,Model 4,V406,"Dual-motor electric luxury SUV producing 300 kW, approximately 600 km driving range, ultra-fast charging, autonomous driving features and premium technology.",29
2016,10,Model 4,V407,"Performance electric SUV with dual-motor AWD, sports interior, rapid acceleration, intelligent safety systems and dynamic driving experience.",26
2016,10,Model 4,V408,"Flagship hybrid SUV powered by a 3.5L V6 hybrid engine, captain seats, panoramic glass roof, premium surround audio and comprehensive driver assistance.",13
2016,11,Model 1,V101,"Premium hatchback with a 1.2L petrol engine, 5-speed manual transmission, seating for five, dual airbags, ABS with EBD, LED DRLs, touchscreen infotainment, Apple CarPlay & Android Auto, excellent fuel efficiency and smooth city driving.",15
2016,11,Model 1,V102,"Premium hatchback powered by a 1.2L petrol engine with automatic transmission, reverse camera, cruise control, alloy wheels, automatic climate control and advanced infotainment for comfortable urban travel.",17
2016,11,Model 1,V103,"Mid-size sedan featuring a 1.5L petrol engine, manual transmission, spacious cabin, LED headlamps, rear AC vents, smart key access and balanced performance for everyday driving.",26
2016,11,Model 1,V104,"Premium sedan equipped with a 1.5L petrol engine and CVT automatic transmission, sunroof, wireless charging, connected car technology, six airbags and refined ride comfort.",22
2016,11,Model 2,V201,"Compact SUV powered by a 1.5L turbo diesel engine with manual gearbox, hill hold assist, rear parking sensors, 17-inch alloy wheels and practical family-oriented features.",76
2016,11,Model 2,V202,"Compact diesel SUV with automatic transmission, premium interior, electronic stability control, rear camera, ABS, spacious cabin and comfortable long-distance performance.",93
2016,11,Model 2,V203,"Sporty compact SUV featuring a 1.5L turbo petrol engine, manual transmission, LED lighting, touchscreen navigation and dynamic styling for enthusiastic drivers.",68
2016,11,Model 2,V204,"Compact SUV with turbo petrol engine and automatic transmission, push-button start, automatic climate control, connected vehicle technology and premium comfort.",32
2016,11,Model 2,V205,"Hybrid compact SUV with 1.5L petrol hybrid engine, e-CVT transmission, regenerative braking, outstanding fuel economy, advanced safety systems and intelligent driving assistance.",42
2016,11,Model 2,V206,"All-electric compact SUV producing 150 kW, fast charging support, approximately 450 km driving range, regenerative braking and connected smart mobility features.",59
2016,11,Model 2,V207,"Premium AWD SUV with 2.0L turbo petrol engine, panoramic sunroof, leather upholstery, 360-degree camera, ADAS safety features and luxury interior.",49
2016,11,Model 2,V208,"Premium diesel SUV equipped with AWD, terrain response modes, seven-seat configuration, premium audio system and excellent highway capability.",98
2016,11,Model 2,V209,"Family SUV powered by a 2.0L turbo petrol engine, automatic transmission, digital instrument cluster, connected navigation and spacious seven-seat layout.",60
2016,11,Model 2,V210,"Hybrid family SUV offering advanced driver assistance, adaptive cruise control, premium comfort, efficient hybrid technology and smooth e-CVT transmission.",32
2016,11,Model 3,V301,"Executive sedan with 1.8L petrol engine, premium cabin, manual transmission, projector LED headlamps and elegant styling.",76
2016,11,Model 3,V302,"Executive automatic sedan with leather upholstery, dual-zone climate control, connected infotainment and refined ride quality.",93
2016,11,Model 3,V303,"Performance sedan featuring a 2.0L petrol engine, paddle shifters, sport suspension, 18-inch alloy wheels and responsive handling.",68
2016,11,Model 3,V304,"Luxury hybrid sedan with intelligent safety systems, premium interior, exceptional fuel efficiency and smooth e-CVT performance.",32
2016,11,Model 3,V305,"Performance edition sedan powered by a turbo petrol engine with premium infotainment, sport exhaust, wireless charging and athletic design.",42
2016,11,Model 3,V306,"Executive diesel sedan offering automatic transmission, spacious rear seating, superior ride comfort and long-distance efficiency.",59
2016,11,Model 3,V307,"Luxury petrol sedan with panoramic sunroof, premium leather interior, ten airbags, connected technology and refined driving dynamics.",49
2016,11,Model 3,V308,"Luxury hybrid sedan equipped with adaptive cruise control, ventilated seats, premium sound system and intelligent safety features.",98
2016,11,Model 3,V309,"Electric luxury sedan delivering approximately 550 km range, fast charging capability, connected vehicle platform and premium comfort.",60
2016,11,Model 3,V310,"High-performance dual-motor electric sedan capable of rapid acceleration, all-wheel drive, advanced driver assistance and cutting-edge technology.",32
2016,11,Model 4,V401,"Luxury seven-seat SUV with 2.5L petrol engine, AWD, panoramic sunroof, leather seats, premium infotainment and exceptional comfort.",15
2016,11,Model 4,V402,"Luxury diesel SUV with terrain management system, electronic parking brake, connected technology and spacious premium cabin.",45
2016,11,Model 4,V403,"Performance SUV featuring a 3.0L turbo petrol engine, adaptive suspension, AWD system and 20-inch alloy wheels.",35
2016,11,Model 4,V404,"Flagship luxury SUV powered by a 3.0L V6 petrol engine, ventilated seats, 360-degree camera, ADAS Level 2 and premium craftsmanship.",30
2016,11,Model 4,V405,"Flagship diesel SUV with air suspension, intelligent AWD, premium leather interior, advanced infotainment and executive comfort.",53
2016,11,Model 4,V406,"Dual-motor electric luxury SUV producing 300 kW, approximately 600 km driving range, ultra-fast charging, autonomous driving features and premium technology.",57
2016,11,Model 4,V407,"Performance electric SUV with dual-motor AWD, sports interior, rapid acceleration, intelligent safety systems and dynamic driving experience.",28
2016,11,Model 4,V408,"Flagship hybrid SUV powered by a 3.5L V6 hybrid engine, captain seats, panoramic glass roof, premium surround audio and comprehensive driver assistance.",35
2016,12,Model 1,V101,"Premium hatchback with a 1.2L petrol engine, 5-speed manual transmission, seating for five, dual airbags, ABS with EBD, LED DRLs, touchscreen infotainment, Apple CarPlay & Android Auto, excellent fuel efficiency and smooth city driving.",25
2016,12,Model 1,V102,"Premium hatchback powered by a 1.2L petrol engine with automatic transmission, reverse camera, cruise control, alloy wheels, automatic climate control and advanced infotainment for comfortable urban travel.",22
2016,12,Model 1,V103,"Mid-size sedan featuring a 1.5L petrol engine, manual transmission, spacious cabin, LED headlamps, rear AC vents, smart key access and balanced performance for everyday driving.",10
2016,12,Model 1,V104,"Premium sedan equipped with a 1.5L petrol engine and CVT automatic transmission, sunroof, wireless charging, connected car technology, six airbags and refined ride comfort.",18
2016,12,Model 2,V201,"Compact SUV powered by a 1.5L turbo diesel engine with manual gearbox, hill hold assist, rear parking sensors, 17-inch alloy wheels and practical family-oriented features.",97
2016,12,Model 2,V202,"Compact diesel SUV with automatic transmission, premium interior, electronic stability control, rear camera, ABS, spacious cabin and comfortable long-distance performance.",51
2016,12,Model 2,V203,"Sporty compact SUV featuring a 1.5L turbo petrol engine, manual transmission, LED lighting, touchscreen navigation and dynamic styling for enthusiastic drivers.",59
2016,12,Model 2,V204,"Compact SUV with turbo petrol engine and automatic transmission, push-button start, automatic climate control, connected vehicle technology and premium comfort.",33
2016,12,Model 2,V205,"Hybrid compact SUV with 1.5L petrol hybrid engine, e-CVT transmission, regenerative braking, outstanding fuel economy, advanced safety systems and intelligent driving assistance.",80
2016,12,Model 2,V206,"All-electric compact SUV producing 150 kW, fast charging support, approximately 450 km driving range, regenerative braking and connected smart mobility features.",28
2016,12,Model 2,V207,"Premium AWD SUV with 2.0L turbo petrol engine, panoramic sunroof, leather upholstery, 360-degree camera, ADAS safety features and luxury interior.",91
2016,12,Model 2,V208,"Premium diesel SUV equipped with AWD, terrain response modes, seven-seat configuration, premium audio system and excellent highway capability.",93
2016,12,Model 2,V209,"Family SUV powered by a 2.0L turbo petrol engine, automatic transmission, digital instrument cluster, connected navigation and spacious seven-seat layout.",52
2016,12,Model 2,V210,"Hybrid family SUV offering advanced driver assistance, adaptive cruise control, premium comfort, efficient hybrid technology and smooth e-CVT transmission.",72
2016,12,Model 3,V301,"Executive sedan with 1.8L petrol engine, premium cabin, manual transmission, projector LED headlamps and elegant styling.",97
2016,12,Model 3,V302,"Executive automatic sedan with leather upholstery, dual-zone climate control, connected infotainment and refined ride quality.",51
2016,12,Model 3,V303,"Performance sedan featuring a 2.0L petrol engine, paddle shifters, sport suspension, 18-inch alloy wheels and responsive handling.",59
2016,12,Model 3,V304,"Luxury hybrid sedan with intelligent safety systems, premium interior, exceptional fuel efficiency and smooth e-CVT performance.",33
2016,12,Model 3,V305,"Performance edition sedan powered by a turbo petrol engine with premium infotainment, sport exhaust, wireless charging and athletic design.",80
2016,12,Model 3,V306,"Executive diesel sedan offering automatic transmission, spacious rear seating, superior ride comfort and long-distance efficiency.",28
2016,12,Model 3,V307,"Luxury petrol sedan with panoramic sunroof, premium leather interior, ten airbags, connected technology and refined driving dynamics.",91
2016,12,Model 3,V308,"Luxury hybrid sedan equipped with adaptive cruise control, ventilated seats, premium sound system and intelligent safety features.",93
2016,12,Model 3,V309,"Electric luxury sedan delivering approximately 550 km range, fast charging capability, connected vehicle platform and premium comfort.",52
2016,12,Model 3,V310,"High-performance dual-motor electric sedan capable of rapid acceleration, all-wheel drive, advanced driver assistance and cutting-edge technology.",72
2016,12,Model 4,V401,"Luxury seven-seat SUV with 2.5L petrol engine, AWD, panoramic sunroof, leather seats, premium infotainment and exceptional comfort.",35
2016,12,Model 4,V402,"Luxury diesel SUV with terrain management system, electronic parking brake, connected technology and spacious premium cabin.",13
2016,12,Model 4,V403,"Performance SUV featuring a 3.0L turbo petrol engine, adaptive suspension, AWD system and 20-inch alloy wheels.",49
2016,12,Model 4,V404,"Flagship luxury SUV powered by a 3.0L V6 petrol engine, ventilated seats, 360-degree camera, ADAS Level 2 and premium craftsmanship.",29
2016,12,Model 4,V405,"Flagship diesel SUV with air suspension, intelligent AWD, premium leather interior, advanced infotainment and executive comfort.",46
2016,12,Model 4,V406,"Dual-motor electric luxury SUV producing 300 kW, approximately 600 km driving range, ultra-fast charging, autonomous driving features and premium technology.",28
2016,12,Model 4,V407,"Performance electric SUV with dual-motor AWD, sports interior, rapid acceleration, intelligent safety systems and dynamic driving experience.",49
2016,12,Model 4,V408,"Flagship hybrid SUV powered by a 3.5L V6 hybrid engine, captain seats, panoramic glass roof, premium surround audio and comprehensive driver assistance.",17
2017,1,Model 1,V101,"Premium hatchback with a 1.2L petrol engine, 5-speed manual transmission, seating for five, dual airbags, ABS with EBD, LED DRLs, touchscreen infotainment, Apple CarPlay & Android Auto, excellent fuel efficiency and smooth city driving.",13
2017,1,Model 1,V102,"Premium hatchback powered by a 1.2L petrol engine with automatic transmission, reverse camera, cruise control, alloy wheels, automatic climate control and advanced infotainment for comfortable urban travel.",18
2017,1,Model 1,V103,"Mid-size sedan featuring a 1.5L petrol engine, manual transmission, spacious cabin, LED headlamps, rear AC vents, smart key access and balanced performance for everyday driving.",13
2017,1,Model 1,V104,"Premium sedan equipped with a 1.5L petrol engine and CVT automatic transmission, sunroof, wireless charging, connected car technology, six airbags and refined ride comfort.",22
2017,1,Model 2,V201,"Compact SUV powered by a 1.5L turbo diesel engine with manual gearbox, hill hold assist, rear parking sensors, 17-inch alloy wheels and practical family-oriented features.",64
2017,1,Model 2,V202,"Compact diesel SUV with automatic transmission, premium interior, electronic stability control, rear camera, ABS, spacious cabin and comfortable long-distance performance.",56
2017,1,Model 2,V203,"Sporty compact SUV featuring a 1.5L turbo petrol engine, manual transmission, LED lighting, touchscreen navigation and dynamic styling for enthusiastic drivers.",64
2017,1,Model 2,V204,"Compact SUV with turbo petrol engine and automatic transmission, push-button start, automatic climate control, connected vehicle technology and premium comfort.",53
2017,1,Model 2,V205,"Hybrid compact SUV with 1.5L petrol hybrid engine, e-CVT transmission, regenerative braking, outstanding fuel economy, advanced safety systems and intelligent driving assistance.",79
2017,1,Model 2,V206,"All-electric compact SUV producing 150 kW, fast charging support, approximately 450 km driving range, regenerative braking and connected smart mobility features.",36
2017,1,Model 2,V207,"Premium AWD SUV with 2.0L turbo petrol engine, panoramic sunroof, leather upholstery, 360-degree camera, ADAS safety features and luxury interior.",43
2017,1,Model 2,V208,"Premium diesel SUV equipped with AWD, terrain response modes, seven-seat configuration, premium audio system and excellent highway capability.",66
2017,1,Model 2,V209,"Family SUV powered by a 2.0L turbo petrol engine, automatic transmission, digital instrument cluster, connected navigation and spacious seven-seat layout.",62
2017,1,Model 2,V210,"Hybrid family SUV offering advanced driver assistance, adaptive cruise control, premium comfort, efficient hybrid technology and smooth e-CVT transmission.",41
2017,1,Model 3,V301,"Executive sedan with 1.8L petrol engine, premium cabin, manual transmission, projector LED headlamps and elegant styling.",64
2017,1,Model 3,V302,"Executive automatic sedan with leather upholstery, dual-zone climate control, connected infotainment and refined ride quality.",56
2017,1,Model 3,V303,"Performance sedan featuring a 2.0L petrol engine, paddle shifters, sport suspension, 18-inch alloy wheels and responsive handling.",64
2017,1,Model 3,V304,"Luxury hybrid sedan with intelligent safety systems, premium interior, exceptional fuel efficiency and smooth e-CVT performance.",53
2017,1,Model 3,V305,"Performance edition sedan powered by a turbo petrol engine with premium infotainment, sport exhaust, wireless charging and athletic design.",79
2017,1,Model 3,V306,"Executive diesel sedan offering automatic transmission, spacious rear seating, superior ride comfort and long-distance efficiency.",36
2017,1,Model 3,V307,"Luxury petrol sedan with panoramic sunroof, premium leather interior, ten airbags, connected technology and refined driving dynamics.",43
2017,1,Model 3,V308,"Luxury hybrid sedan equipped with adaptive cruise control, ventilated seats, premium sound system and intelligent safety features.",66
2017,1,Model 3,V309,"Electric luxury sedan delivering approximately 550 km range, fast charging capability, connected vehicle platform and premium comfort.",62
2017,1,Model 3,V310,"High-performance dual-motor electric sedan capable of rapid acceleration, all-wheel drive, advanced driver assistance and cutting-edge technology.",41
2017,1,Model 4,V401,"Luxury seven-seat SUV with 2.5L petrol engine, AWD, panoramic sunroof, leather seats, premium infotainment and exceptional comfort.",39
2017,1,Model 4,V402,"Luxury diesel SUV with terrain management system, electronic parking brake, connected technology and spacious premium cabin.",36
2017,1,Model 4,V403,"Performance SUV featuring a 3.0L turbo petrol engine, adaptive suspension, AWD system and 20-inch alloy wheels.",23
2017,1,Model 4,V404,"Flagship luxury SUV powered by a 3.0L V6 petrol engine, ventilated seats, 360-degree camera, ADAS Level 2 and premium craftsmanship.",28
2017,1,Model 4,V405,"Flagship diesel SUV with air suspension, intelligent AWD, premium leather interior, advanced infotainment and executive comfort.",35
2017,1,Model 4,V406,"Dual-motor electric luxury SUV producing 300 kW, approximately 600 km driving range, ultra-fast charging, autonomous driving features and premium technology.",8
2017,1,Model 4,V407,"Performance electric SUV with dual-motor AWD, sports interior, rapid acceleration, intelligent safety systems and dynamic driving experience.",23
2017,1,Model 4,V408,"Flagship hybrid SUV powered by a 3.5L V6 hybrid engine, captain seats, panoramic glass roof, premium surround audio and comprehensive driver assistance.",22
2017,2,Model 1,V101,"Premium hatchback with a 1.2L petrol engine, 5-speed manual transmission, seating for five, dual airbags, ABS with EBD, LED DRLs, touchscreen infotainment, Apple CarPlay & Android Auto, excellent fuel efficiency and smooth city driving.",11
2017,2,Model 1,V102,"Premium hatchback powered by a 1.2L petrol engine with automatic transmission, reverse camera, cruise control, alloy wheels, automatic climate control and advanced infotainment for comfortable urban travel.",17
2017,2,Model 1,V103,"Mid-size sedan featuring a 1.5L petrol engine, manual transmission, spacious cabin, LED headlamps, rear AC vents, smart key access and balanced performance for everyday driving.",21
2017,2,Model 1,V104,"Premium sedan equipped with a 1.5L petrol engine and CVT automatic transmission, sunroof, wireless charging, connected car technology, six airbags and refined ride comfort.",21
2017,2,Model 2,V201,"Compact SUV powered by a 1.5L turbo diesel engine with manual gearbox, hill hold assist, rear parking sensors, 17-inch alloy wheels and practical family-oriented features.",56
2017,2,Model 2,V202,"Compact diesel SUV with automatic transmission, premium interior, electronic stability control, rear camera, ABS, spacious cabin and comfortable long-distance performance.",70
2017,2,Model 2,V203,"Sporty compact SUV featuring a 1.5L turbo petrol engine, manual transmission, LED lighting, touchscreen navigation and dynamic styling for enthusiastic drivers.",68
2017,2,Model 2,V204,"Compact SUV with turbo petrol engine and automatic transmission, push-button start, automatic climate control, connected vehicle technology and premium comfort.",68
2017,2,Model 2,V205,"Hybrid compact SUV with 1.5L petrol hybrid engine, e-CVT transmission, regenerative braking, outstanding fuel economy, advanced safety systems and intelligent driving assistance.",45
2017,2,Model 2,V206,"All-electric compact SUV producing 150 kW, fast charging support, approximately 450 km driving range, regenerative braking and connected smart mobility features.",75
2017,2,Model 2,V207,"Premium AWD SUV with 2.0L turbo petrol engine, panoramic sunroof, leather upholstery, 360-degree camera, ADAS safety features and luxury interior.",71
2017,2,Model 2,V208,"Premium diesel SUV equipped with AWD, terrain response modes, seven-seat configuration, premium audio system and excellent highway capability.",40
2017,2,Model 2,V209,"Family SUV powered by a 2.0L turbo petrol engine, automatic transmission, digital instrument cluster, connected navigation and spacious seven-seat layout.",32
2017,2,Model 2,V210,"Hybrid family SUV offering advanced driver assistance, adaptive cruise control, premium comfort, efficient hybrid technology and smooth e-CVT transmission.",52
2017,2,Model 3,V301,"Executive sedan with 1.8L petrol engine, premium cabin, manual transmission, projector LED headlamps and elegant styling.",56
2017,2,Model 3,V302,"Executive automatic sedan with leather upholstery, dual-zone climate control, connected infotainment and refined ride quality.",70
2017,2,Model 3,V303,"Performance sedan featuring a 2.0L petrol engine, paddle shifters, sport suspension, 18-inch alloy wheels and responsive handling.",68
2017,2,Model 3,V304,"Luxury hybrid sedan with intelligent safety systems, premium interior, exceptional fuel efficiency and smooth e-CVT performance.",68
2017,2,Model 3,V305,"Performance edition sedan powered by a turbo petrol engine with premium infotainment, sport exhaust, wireless charging and athletic design.",45
2017,2,Model 3,V306,"Executive diesel sedan offering automatic transmission, spacious rear seating, superior ride comfort and long-distance efficiency.",75
2017,2,Model 3,V307,"Luxury petrol sedan with panoramic sunroof, premium leather interior, ten airbags, connected technology and refined driving dynamics.",71
2017,2,Model 3,V308,"Luxury hybrid sedan equipped with adaptive cruise control, ventilated seats, premium sound system and intelligent safety features.",40
2017,2,Model 3,V309,"Electric luxury sedan delivering approximately 550 km range, fast charging capability, connected vehicle platform and premium comfort.",32
2017,2,Model 3,V310,"High-performance dual-motor electric sedan capable of rapid acceleration, all-wheel drive, advanced driver assistance and cutting-edge technology.",52
2017,2,Model 4,V401,"Luxury seven-seat SUV with 2.5L petrol engine, AWD, panoramic sunroof, leather seats, premium infotainment and exceptional comfort.",33
2017,2,Model 4,V402,"Luxury diesel SUV with terrain management system, electronic parking brake, connected technology and spacious premium cabin.",41
2017,2,Model 4,V403,"Performance SUV featuring a 3.0L turbo petrol engine, adaptive suspension, AWD system and 20-inch alloy wheels.",40
2017,2,Model 4,V404,"Flagship luxury SUV powered by a 3.0L V6 petrol engine, ventilated seats, 360-degree camera, ADAS Level 2 and premium craftsmanship.",39
2017,2,Model 4,V405,"Flagship diesel SUV with air suspension, intelligent AWD, premium leather interior, advanced infotainment and executive comfort.",24
2017,2,Model 4,V406,"Dual-motor electric luxury SUV producing 300 kW, approximately 600 km driving range, ultra-fast charging, autonomous driving features and premium technology.",12
2017,2,Model 4,V407,"Performance electric SUV with dual-motor AWD, sports interior, rapid acceleration, intelligent safety systems and dynamic driving experience.",45
2017,2,Model 4,V408,"Flagship hybrid SUV powered by a 3.5L V6 hybrid engine, captain seats, panoramic glass roof, premium surround audio and comprehensive driver assistance.",20
2017,3,Model 1,V101,"Premium hatchback with a 1.2L petrol engine, 5-speed manual transmission, seating for five, dual airbags, ABS with EBD, LED DRLs, touchscreen infotainment, Apple CarPlay & Android Auto, excellent fuel efficiency and smooth city driving.",28
2017,3,Model 1,V102,"Premium hatchback powered by a 1.2L petrol engine with automatic transmission, reverse camera, cruise control, alloy wheels, automatic climate control and advanced infotainment for comfortable urban travel.",17
2017,3,Model 1,V103,"Mid-size sedan featuring a 1.5L petrol engine, manual transmission, spacious cabin, LED headlamps, rear AC vents, smart key access and balanced performance for everyday driving.",14
2017,3,Model 1,V104,"Premium sedan equipped with a 1.5L petrol engine and CVT automatic transmission, sunroof, wireless charging, connected car technology, six airbags and refined ride comfort.",13
2017,3,Model 2,V201,"Compact SUV powered by a 1.5L turbo diesel engine with manual gearbox, hill hold assist, rear parking sensors, 17-inch alloy wheels and practical family-oriented features.",48
2017,3,Model 2,V202,"Compact diesel SUV with automatic transmission, premium interior, electronic stability control, rear camera, ABS, spacious cabin and comfortable long-distance performance.",32
2017,3,Model 2,V203,"Sporty compact SUV featuring a 1.5L turbo petrol engine, manual transmission, LED lighting, touchscreen navigation and dynamic styling for enthusiastic drivers.",35
2017,3,Model 2,V204,"Compact SUV with turbo petrol engine and automatic transmission, push-button start, automatic climate control, connected vehicle technology and premium comfort.",60
2017,3,Model 2,V205,"Hybrid compact SUV with 1.5L petrol hybrid engine, e-CVT transmission, regenerative braking, outstanding fuel economy, advanced safety systems and intelligent driving assistance.",89
2017,3,Model 2,V206,"All-electric compact SUV producing 150 kW, fast charging support, approximately 450 km driving range, regenerative braking and connected smart mobility features.",106
2017,3,Model 2,V207,"Premium AWD SUV with 2.0L turbo petrol engine, panoramic sunroof, leather upholstery, 360-degree camera, ADAS safety features and luxury interior.",38
2017,3,Model 2,V208,"Premium diesel SUV equipped with AWD, terrain response modes, seven-seat configuration, premium audio system and excellent highway capability.",86
2017,3,Model 2,V209,"Family SUV powered by a 2.0L turbo petrol engine, automatic transmission, digital instrument cluster, connected navigation and spacious seven-seat layout.",81
2017,3,Model 2,V210,"Hybrid family SUV offering advanced driver assistance, adaptive cruise control, premium comfort, efficient hybrid technology and smooth e-CVT transmission.",102
2017,3,Model 3,V301,"Executive sedan with 1.8L petrol engine, premium cabin, manual transmission, projector LED headlamps and elegant styling.",48
2017,3,Model 3,V302,"Executive automatic sedan with leather upholstery, dual-zone climate control, connected infotainment and refined ride quality.",32
2017,3,Model 3,V303,"Performance sedan featuring a 2.0L petrol engine, paddle shifters, sport suspension, 18-inch alloy wheels and responsive handling.",35
2017,3,Model 3,V304,"Luxury hybrid sedan with intelligent safety systems, premium interior, exceptional fuel efficiency and smooth e-CVT performance.",60
2017,3,Model 3,V305,"Performance edition sedan powered by a turbo petrol engine with premium infotainment, sport exhaust, wireless charging and athletic design.",89
2017,3,Model 3,V306,"Executive diesel sedan offering automatic transmission, spacious rear seating, superior ride comfort and long-distance efficiency.",106
2017,3,Model 3,V307,"Luxury petrol sedan with panoramic sunroof, premium leather interior, ten airbags, connected technology and refined driving dynamics.",38
2017,3,Model 3,V308,"Luxury hybrid sedan equipped with adaptive cruise control, ventilated seats, premium sound system and intelligent safety features.",86
2017,3,Model 3,V309,"Electric luxury sedan delivering approximately 550 km range, fast charging capability, connected vehicle platform and premium comfort.",81
2017,3,Model 3,V310,"High-performance dual-motor electric sedan capable of rapid acceleration, all-wheel drive, advanced driver assistance and cutting-edge technology.",102
2017,3,Model 4,V401,"Luxury seven-seat SUV with 2.5L petrol engine, AWD, panoramic sunroof, leather seats, premium infotainment and exceptional comfort.",22
2017,3,Model 4,V402,"Luxury diesel SUV with terrain management system, electronic parking brake, connected technology and spacious premium cabin.",54
2017,3,Model 4,V403,"Performance SUV featuring a 3.0L turbo petrol engine, adaptive suspension, AWD system and 20-inch alloy wheels.",54
2017,3,Model 4,V404,"Flagship luxury SUV powered by a 3.0L V6 petrol engine, ventilated seats, 360-degree camera, ADAS Level 2 and premium craftsmanship.",34
2017,3,Model 4,V405,"Flagship diesel SUV with air suspension, intelligent AWD, premium leather interior, advanced infotainment and executive comfort.",41
2017,3,Model 4,V406,"Dual-motor electric luxury SUV producing 300 kW, approximately 600 km driving range, ultra-fast charging, autonomous driving features and premium technology.",35
2017,3,Model 4,V407,"Performance electric SUV with dual-motor AWD, sports interior, rapid acceleration, intelligent safety systems and dynamic driving experience.",25
2017,3,Model 4,V408,"Flagship hybrid SUV powered by a 3.5L V6 hybrid engine, captain seats, panoramic glass roof, premium surround audio and comprehensive driver assistance.",19
2017,4,Model 1,V101,"Premium hatchback with a 1.2L petrol engine, 5-speed manual transmission, seating for five, dual airbags, ABS with EBD, LED DRLs, touchscreen infotainment, Apple CarPlay & Android Auto, excellent fuel efficiency and smooth city driving.",27
2017,4,Model 1,V102,"Premium hatchback powered by a 1.2L petrol engine with automatic transmission, reverse camera, cruise control, alloy wheels, automatic climate control and advanced infotainment for comfortable urban travel.",29
2017,4,Model 1,V103,"Mid-size sedan featuring a 1.5L petrol engine, manual transmission, spacious cabin, LED headlamps, rear AC vents, smart key access and balanced performance for everyday driving.",7
2017,4,Model 1,V104,"Premium sedan equipped with a 1.5L petrol engine and CVT automatic transmission, sunroof, wireless charging, connected car technology, six airbags and refined ride comfort.",10
2017,4,Model 2,V201,"Compact SUV powered by a 1.5L turbo diesel engine with manual gearbox, hill hold assist, rear parking sensors, 17-inch alloy wheels and practical family-oriented features.",82
2017,4,Model 2,V202,"Compact diesel SUV with automatic transmission, premium interior, electronic stability control, rear camera, ABS, spacious cabin and comfortable long-distance performance.",57
2017,4,Model 2,V203,"Sporty compact SUV featuring a 1.5L turbo petrol engine, manual transmission, LED lighting, touchscreen navigation and dynamic styling for enthusiastic drivers.",51
2017,4,Model 2,V204,"Compact SUV with turbo petrol engine and automatic transmission, push-button start, automatic climate control, connected vehicle technology and premium comfort.",94
2017,4,Model 2,V205,"Hybrid compact SUV with 1.5L petrol hybrid engine, e-CVT transmission, regenerative braking, outstanding fuel economy, advanced safety systems and intelligent driving assistance.",87
2017,4,Model 2,V206,"All-electric compact SUV producing 150 kW, fast charging support, approximately 450 km driving range, regenerative braking and connected smart mobility features.",35
2017,4,Model 2,V207,"Premium AWD SUV with 2.0L turbo petrol engine, panoramic sunroof, leather upholstery, 360-degree camera, ADAS safety features and luxury interior.",99
2017,4,Model 2,V208,"Premium diesel SUV equipped with AWD, terrain response modes, seven-seat configuration, premium audio system and excellent highway capability.",60
2017,4,Model 2,V209,"Family SUV powered by a 2.0L turbo petrol engine, automatic transmission, digital instrument cluster, connected navigation and spacious seven-seat layout.",45
2017,4,Model 2,V210,"Hybrid family SUV offering advanced driver assistance, adaptive cruise control, premium comfort, efficient hybrid technology and smooth e-CVT transmission.",86
2017,4,Model 3,V301,"Executive sedan with 1.8L petrol engine, premium cabin, manual transmission, projector LED headlamps and elegant styling.",82
2017,4,Model 3,V302,"Executive automatic sedan with leather upholstery, dual-zone climate control, connected infotainment and refined ride quality.",57
2017,4,Model 3,V303,"Performance sedan featuring a 2.0L petrol engine, paddle shifters, sport suspension, 18-inch alloy wheels and responsive handling.",51
2017,4,Model 3,V304,"Luxury hybrid sedan with intelligent safety systems, premium interior, exceptional fuel efficiency and smooth e-CVT performance.",94
2017,4,Model 3,V305,"Performance edition sedan powered by a turbo petrol engine with premium infotainment, sport exhaust, wireless charging and athletic design.",87
2017,4,Model 3,V306,"Executive diesel sedan offering automatic transmission, spacious rear seating, superior ride comfort and long-distance efficiency.",35
2017,4,Model 3,V307,"Luxury petrol sedan with panoramic sunroof, premium leather interior, ten airbags, connected technology and refined driving dynamics.",99
2017,4,Model 3,V308,"Luxury hybrid sedan equipped with adaptive cruise control, ventilated seats, premium sound system and intelligent safety features.",60
2017,4,Model 3,V309,"Electric luxury sedan delivering approximately 550 km range, fast charging capability, connected vehicle platform and premium comfort.",45
2017,4,Model 3,V310,"High-performance dual-motor electric sedan capable of rapid acceleration, all-wheel drive, advanced driver assistance and cutting-edge technology.",86
2017,4,Model 4,V401,"Luxury seven-seat SUV with 2.5L petrol engine, AWD, panoramic sunroof, leather seats, premium infotainment and exceptional comfort.",18
2017,4,Model 4,V402,"Luxury diesel SUV with terrain management system, electronic parking brake, connected technology and spacious premium cabin.",39
2017,4,Model 4,V403,"Performance SUV featuring a 3.0L turbo petrol engine, adaptive suspension, AWD system and 20-inch alloy wheels.",51
2017,4,Model 4,V404,"Flagship luxury SUV powered by a 3.0L V6 petrol engine, ventilated seats, 360-degree camera, ADAS Level 2 and premium craftsmanship.",43
2017,4,Model 4,V405,"Flagship diesel SUV with air suspension, intelligent AWD, premium leather interior, advanced infotainment and executive comfort.",45
2017,4,Model 4,V406,"Dual-motor electric luxury SUV producing 300 kW, approximately 600 km driving range, ultra-fast charging, autonomous driving features and premium technology.",47
2017,4,Model 4,V407,"Performance electric SUV with dual-motor AWD, sports interior, rapid acceleration, intelligent safety systems and dynamic driving experience.",30
2017,4,Model 4,V408,"Flagship hybrid SUV powered by a 3.5L V6 hybrid engine, captain seats, panoramic glass roof, premium surround audio and comprehensive driver assistance.",57
2017,5,Model 1,V101,"Premium hatchback with a 1.2L petrol engine, 5-speed manual transmission, seating for five, dual airbags, ABS with EBD, LED DRLs, touchscreen infotainment, Apple CarPlay & Android Auto, excellent fuel efficiency and smooth city driving.",21
2017,5,Model 1,V102,"Premium hatchback powered by a 1.2L petrol engine with automatic transmission, reverse camera, cruise control, alloy wheels, automatic climate control and advanced infotainment for comfortable urban travel.",27
2017,5,Model 1,V103,"Mid-size sedan featuring a 1.5L petrol engine, manual transmission, spacious cabin, LED headlamps, rear AC vents, smart key access and balanced performance for everyday driving.",23
2017,5,Model 1,V104,"Premium sedan equipped with a 1.5L petrol engine and CVT automatic transmission, sunroof, wireless charging, connected car technology, six airbags and refined ride comfort.",21
2017,5,Model 2,V201,"Compact SUV powered by a 1.5L turbo diesel engine with manual gearbox, hill hold assist, rear parking sensors, 17-inch alloy wheels and practical family-oriented features.",98
2017,5,Model 2,V202,"Compact diesel SUV with automatic transmission, premium interior, electronic stability control, rear camera, ABS, spacious cabin and comfortable long-distance performance.",85
2017,5,Model 2,V203,"Sporty compact SUV featuring a 1.5L turbo petrol engine, manual transmission, LED lighting, touchscreen navigation and dynamic styling for enthusiastic drivers.",49
2017,5,Model 2,V204,"Compact SUV with turbo petrol engine and automatic transmission, push-button start, automatic climate control, connected vehicle technology and premium comfort.",89
2017,5,Model 2,V205,"Hybrid compact SUV with 1.5L petrol hybrid engine, e-CVT transmission, regenerative braking, outstanding fuel economy, advanced safety systems and intelligent driving assistance.",86
2017,5,Model 2,V206,"All-electric compact SUV producing 150 kW, fast charging support, approximately 450 km driving range, regenerative braking and connected smart mobility features.",62
2017,5,Model 2,V207,"Premium AWD SUV with 2.0L turbo petrol engine, panoramic sunroof, leather upholstery, 360-degree camera, ADAS safety features and luxury interior.",60
2017,5,Model 2,V208,"Premium diesel SUV equipped with AWD, terrain response modes, seven-seat configuration, premium audio system and excellent highway capability.",64
2017,5,Model 2,V209,"Family SUV powered by a 2.0L turbo petrol engine, automatic transmission, digital instrument cluster, connected navigation and spacious seven-seat layout.",95
2017,5,Model 2,V210,"Hybrid family SUV offering advanced driver assistance, adaptive cruise control, premium comfort, efficient hybrid technology and smooth e-CVT transmission.",90
2017,5,Model 3,V301,"Executive sedan with 1.8L petrol engine, premium cabin, manual transmission, projector LED headlamps and elegant styling.",98
2017,5,Model 3,V302,"Executive automatic sedan with leather upholstery, dual-zone climate control, connected infotainment and refined ride quality.",85
2017,5,Model 3,V303,"Performance sedan featuring a 2.0L petrol engine, paddle shifters, sport suspension, 18-inch alloy wheels and responsive handling.",49
2017,5,Model 3,V304,"Luxury hybrid sedan with intelligent safety systems, premium interior, exceptional fuel efficiency and smooth e-CVT performance.",89
2017,5,Model 3,V305,"Performance edition sedan powered by a turbo petrol engine with premium infotainment, sport exhaust, wireless charging and athletic design.",86
2017,5,Model 3,V306,"Executive diesel sedan offering automatic transmission, spacious rear seating, superior ride comfort and long-distance efficiency.",62
2017,5,Model 3,V307,"Luxury petrol sedan with panoramic sunroof, premium leather interior, ten airbags, connected technology and refined driving dynamics.",60
2017,5,Model 3,V308,"Luxury hybrid sedan equipped with adaptive cruise control, ventilated seats, premium sound system and intelligent safety features.",64
2017,5,Model 3,V309,"Electric luxury sedan delivering approximately 550 km range, fast charging capability, connected vehicle platform and premium comfort.",95
2017,5,Model 3,V310,"High-performance dual-motor electric sedan capable of rapid acceleration, all-wheel drive, advanced driver assistance and cutting-edge technology.",90
2017,5,Model 4,V401,"Luxury seven-seat SUV with 2.5L petrol engine, AWD, panoramic sunroof, leather seats, premium infotainment and exceptional comfort.",49
2017,5,Model 4,V402,"Luxury diesel SUV with terrain management system, electronic parking brake, connected technology and spacious premium cabin.",24
2017,5,Model 4,V403,"Performance SUV featuring a 3.0L turbo petrol engine, adaptive suspension, AWD system and 20-inch alloy wheels.",27
2017,5,Model 4,V404,"Flagship luxury SUV powered by a 3.0L V6 petrol engine, ventilated seats, 360-degree camera, ADAS Level 2 and premium craftsmanship.",37
2017,5,Model 4,V405,"Flagship diesel SUV with air suspension, intelligent AWD, premium leather interior, advanced infotainment and executive comfort.",14
2017,5,Model 4,V406,"Dual-motor electric luxury SUV producing 300 kW, approximately 600 km driving range, ultra-fast charging, autonomous driving features and premium technology.",54
2017,5,Model 4,V407,"Performance electric SUV with dual-motor AWD, sports interior, rapid acceleration, intelligent safety systems and dynamic driving experience.",27
2017,5,Model 4,V408,"Flagship hybrid SUV powered by a 3.5L V6 hybrid engine, captain seats, panoramic glass roof, premium surround audio and comprehensive driver assistance.",24
2017,6,Model 1,V101,"Premium hatchback with a 1.2L petrol engine, 5-speed manual transmission, seating for five, dual airbags, ABS with EBD, LED DRLs, touchscreen infotainment, Apple CarPlay & Android Auto, excellent fuel efficiency and smooth city driving.",13
2017,6,Model 1,V102,"Premium hatchback powered by a 1.2L petrol engine with automatic transmission, reverse camera, cruise control, alloy wheels, automatic climate control and advanced infotainment for comfortable urban travel.",14
2017,6,Model 1,V103,"Mid-size sedan featuring a 1.5L petrol engine, manual transmission, spacious cabin, LED headlamps, rear AC vents, smart key access and balanced performance for everyday driving.",14
2017,6,Model 1,V104,"Premium sedan equipped with a 1.5L petrol engine and CVT automatic transmission, sunroof, wireless charging, connected car technology, six airbags and refined ride comfort.",19
2017,6,Model 2,V201,"Compact SUV powered by a 1.5L turbo diesel engine with manual gearbox, hill hold assist, rear parking sensors, 17-inch alloy wheels and practical family-oriented features.",31
2017,6,Model 2,V202,"Compact diesel SUV with automatic transmission, premium interior, electronic stability control, rear camera, ABS, spacious cabin and comfortable long-distance performance.",37
2017,6,Model 2,V203,"Sporty compact SUV featuring a 1.5L turbo petrol engine, manual transmission, LED lighting, touchscreen navigation and dynamic styling for enthusiastic drivers.",39
2017,6,Model 2,V204,"Compact SUV with turbo petrol engine and automatic transmission, push-button start, automatic climate control, connected vehicle technology and premium comfort.",47
2017,6,Model 2,V205,"Hybrid compact SUV with 1.5L petrol hybrid engine, e-CVT transmission, regenerative braking, outstanding fuel economy, advanced safety systems and intelligent driving assistance.",62
2017,6,Model 2,V206,"All-electric compact SUV producing 150 kW, fast charging support, approximately 450 km driving range, regenerative braking and connected smart mobility features.",39
2017,6,Model 2,V207,"Premium AWD SUV with 2.0L turbo petrol engine, panoramic sunroof, leather upholstery, 360-degree camera, ADAS safety features and luxury interior.",45
2017,6,Model 2,V208,"Premium diesel SUV equipped with AWD, terrain response modes, seven-seat configuration, premium audio system and excellent highway capability.",30
2017,6,Model 2,V209,"Family SUV powered by a 2.0L turbo petrol engine, automatic transmission, digital instrument cluster, connected navigation and spacious seven-seat layout.",65
2017,6,Model 2,V210,"Hybrid family SUV offering advanced driver assistance, adaptive cruise control, premium comfort, efficient hybrid technology and smooth e-CVT transmission.",64
2017,6,Model 3,V301,"Executive sedan with 1.8L petrol engine, premium cabin, manual transmission, projector LED headlamps and elegant styling.",31
2017,6,Model 3,V302,"Executive automatic sedan with leather upholstery, dual-zone climate control, connected infotainment and refined ride quality.",37
2017,6,Model 3,V303,"Performance sedan featuring a 2.0L petrol engine, paddle shifters, sport suspension, 18-inch alloy wheels and responsive handling.",39
2017,6,Model 3,V304,"Luxury hybrid sedan with intelligent safety systems, premium interior, exceptional fuel efficiency and smooth e-CVT performance.",47
2017,6,Model 3,V305,"Performance edition sedan powered by a turbo petrol engine with premium infotainment, sport exhaust, wireless charging and athletic design.",62
2017,6,Model 3,V306,"Executive diesel sedan offering automatic transmission, spacious rear seating, superior ride comfort and long-distance efficiency.",39
2017,6,Model 3,V307,"Luxury petrol sedan with panoramic sunroof, premium leather interior, ten airbags, connected technology and refined driving dynamics.",45
2017,6,Model 3,V308,"Luxury hybrid sedan equipped with adaptive cruise control, ventilated seats, premium sound system and intelligent safety features.",30
2017,6,Model 3,V309,"Electric luxury sedan delivering approximately 550 km range, fast charging capability, connected vehicle platform and premium comfort.",65
2017,6,Model 3,V310,"High-performance dual-motor electric sedan capable of rapid acceleration, all-wheel drive, advanced driver assistance and cutting-edge technology.",64
2017,6,Model 4,V401,"Luxury seven-seat SUV with 2.5L petrol engine, AWD, panoramic sunroof, leather seats, premium infotainment and exceptional comfort.",24
2017,6,Model 4,V402,"Luxury diesel SUV with terrain management system, electronic parking brake, connected technology and spacious premium cabin.",35
2017,6,Model 4,V403,"Performance SUV featuring a 3.0L turbo petrol engine, adaptive suspension, AWD system and 20-inch alloy wheels.",31
2017,6,Model 4,V404,"Flagship luxury SUV powered by a 3.0L V6 petrol engine, ventilated seats, 360-degree camera, ADAS Level 2 and premium craftsmanship.",29
2017,6,Model 4,V405,"Flagship diesel SUV with air suspension, intelligent AWD, premium leather interior, advanced infotainment and executive comfort.",10
2017,6,Model 4,V406,"Dual-motor electric luxury SUV producing 300 kW, approximately 600 km driving range, ultra-fast charging, autonomous driving features and premium technology.",18
2017,6,Model 4,V407,"Performance electric SUV with dual-motor AWD, sports interior, rapid acceleration, intelligent safety systems and dynamic driving experience.",29
2017,6,Model 4,V408,"Flagship hybrid SUV powered by a 3.5L V6 hybrid engine, captain seats, panoramic glass roof, premium surround audio and comprehensive driver assistance.",27
2017,7,Model 1,V101,"Premium hatchback with a 1.2L petrol engine, 5-speed manual transmission, seating for five, dual airbags, ABS with EBD, LED DRLs, touchscreen infotainment, Apple CarPlay & Android Auto, excellent fuel efficiency and smooth city driving.",16
2017,7,Model 1,V102,"Premium hatchback powered by a 1.2L petrol engine with automatic transmission, reverse camera, cruise control, alloy wheels, automatic climate control and advanced infotainment for comfortable urban travel.",18
2017,7,Model 1,V103,"Mid-size sedan featuring a 1.5L petrol engine, manual transmission, spacious cabin, LED headlamps, rear AC vents, smart key access and balanced performance for everyday driving.",5
2017,7,Model 1,V104,"Premium sedan equipped with a 1.5L petrol engine and CVT automatic transmission, sunroof, wireless charging, connected car technology, six airbags and refined ride comfort.",16
2017,7,Model 2,V201,"Compact SUV powered by a 1.5L turbo diesel engine with manual gearbox, hill hold assist, rear parking sensors, 17-inch alloy wheels and practical family-oriented features.",49
2017,7,Model 2,V202,"Compact diesel SUV with automatic transmission, premium interior, electronic stability control, rear camera, ABS, spacious cabin and comfortable long-distance performance.",57
2017,7,Model 2,V203,"Sporty compact SUV featuring a 1.5L turbo petrol engine, manual transmission, LED lighting, touchscreen navigation and dynamic styling for enthusiastic drivers.",19
2017,7,Model 2,V204,"Compact SUV with turbo petrol engine and automatic transmission, push-button start, automatic climate control, connected vehicle technology and premium comfort.",47
2017,7,Model 2,V205,"Hybrid compact SUV with 1.5L petrol hybrid engine, e-CVT transmission, regenerative braking, outstanding fuel economy, advanced safety systems and intelligent driving assistance.",43
2017,7,Model 2,V206,"All-electric compact SUV producing 150 kW, fast charging support, approximately 450 km driving range, regenerative braking and connected smart mobility features.",50
2017,7,Model 2,V207,"Premium AWD SUV with 2.0L turbo petrol engine, panoramic sunroof, leather upholstery, 360-degree camera, ADAS safety features and luxury interior.",53
2017,7,Model 2,V208,"Premium diesel SUV equipped with AWD, terrain response modes, seven-seat configuration, premium audio system and excellent highway capability.",62
2017,7,Model 2,V209,"Family SUV powered by a 2.0L turbo petrol engine, automatic transmission, digital instrument cluster, connected navigation and spacious seven-seat layout.",63
2017,7,Model 2,V210,"Hybrid family SUV offering advanced driver assistance, adaptive cruise control, premium comfort, efficient hybrid technology and smooth e-CVT transmission.",67
2017,7,Model 3,V301,"Executive sedan with 1.8L petrol engine, premium cabin, manual transmission, projector LED headlamps and elegant styling.",49
2017,7,Model 3,V302,"Executive automatic sedan with leather upholstery, dual-zone climate control, connected infotainment and refined ride quality.",57
2017,7,Model 3,V303,"Performance sedan featuring a 2.0L petrol engine, paddle shifters, sport suspension, 18-inch alloy wheels and responsive handling.",19
2017,7,Model 3,V304,"Luxury hybrid sedan with intelligent safety systems, premium interior, exceptional fuel efficiency and smooth e-CVT performance.",47
2017,7,Model 3,V305,"Performance edition sedan powered by a turbo petrol engine with premium infotainment, sport exhaust, wireless charging and athletic design.",43
2017,7,Model 3,V306,"Executive diesel sedan offering automatic transmission, spacious rear seating, superior ride comfort and long-distance efficiency.",50
2017,7,Model 3,V307,"Luxury petrol sedan with panoramic sunroof, premium leather interior, ten airbags, connected technology and refined driving dynamics.",53
2017,7,Model 3,V308,"Luxury hybrid sedan equipped with adaptive cruise control, ventilated seats, premium sound system and intelligent safety features.",62
2017,7,Model 3,V309,"Electric luxury sedan delivering approximately 550 km range, fast charging capability, connected vehicle platform and premium comfort.",63
2017,7,Model 3,V310,"High-performance dual-motor electric sedan capable of rapid acceleration, all-wheel drive, advanced driver assistance and cutting-edge technology.",67
2017,7,Model 4,V401,"Luxury seven-seat SUV with 2.5L petrol engine, AWD, panoramic sunroof, leather seats, premium infotainment and exceptional comfort.",15
2017,7,Model 4,V402,"Luxury diesel SUV with terrain management system, electronic parking brake, connected technology and spacious premium cabin.",26
2017,7,Model 4,V403,"Performance SUV featuring a 3.0L turbo petrol engine, adaptive suspension, AWD system and 20-inch alloy wheels.",15
2017,7,Model 4,V404,"Flagship luxury SUV powered by a 3.0L V6 petrol engine, ventilated seats, 360-degree camera, ADAS Level 2 and premium craftsmanship.",17
2017,7,Model 4,V405,"Flagship diesel SUV with air suspension, intelligent AWD, premium leather interior, advanced infotainment and executive comfort.",23
2017,7,Model 4,V406,"Dual-motor electric luxury SUV producing 300 kW, approximately 600 km driving range, ultra-fast charging, autonomous driving features and premium technology.",26
2017,7,Model 4,V407,"Performance electric SUV with dual-motor AWD, sports interior, rapid acceleration, intelligent safety systems and dynamic driving experience.",7
2017,7,Model 4,V408,"Flagship hybrid SUV powered by a 3.5L V6 hybrid engine, captain seats, panoramic glass roof, premium surround audio and comprehensive driver assistance.",22
2017,8,Model 1,V101,"Premium hatchback with a 1.2L petrol engine, 5-speed manual transmission, seating for five, dual airbags, ABS with EBD, LED DRLs, touchscreen infotainment, Apple CarPlay & Android Auto, excellent fuel efficiency and smooth city driving.",11
2017,8,Model 1,V102,"Premium hatchback powered by a 1.2L petrol engine with automatic transmission, reverse camera, cruise control, alloy wheels, automatic climate control and advanced infotainment for comfortable urban travel.",18
2017,8,Model 1,V103,"Mid-size sedan featuring a 1.5L petrol engine, manual transmission, spacious cabin, LED headlamps, rear AC vents, smart key access and balanced performance for everyday driving.",18
2017,8,Model 1,V104,"Premium sedan equipped with a 1.5L petrol engine and CVT automatic transmission, sunroof, wireless charging, connected car technology, six airbags and refined ride comfort.",13
2017,8,Model 2,V201,"Compact SUV powered by a 1.5L turbo diesel engine with manual gearbox, hill hold assist, rear parking sensors, 17-inch alloy wheels and practical family-oriented features.",32
2017,8,Model 2,V202,"Compact diesel SUV with automatic transmission, premium interior, electronic stability control, rear camera, ABS, spacious cabin and comfortable long-distance performance.",56
2017,8,Model 2,V203,"Sporty compact SUV featuring a 1.5L turbo petrol engine, manual transmission, LED lighting, touchscreen navigation and dynamic styling for enthusiastic drivers.",29
2017,8,Model 2,V204,"Compact SUV with turbo petrol engine and automatic transmission, push-button start, automatic climate control, connected vehicle technology and premium comfort.",69
2017,8,Model 2,V205,"Hybrid compact SUV with 1.5L petrol hybrid engine, e-CVT transmission, regenerative braking, outstanding fuel economy, advanced safety systems and intelligent driving assistance.",62
2017,8,Model 2,V206,"All-electric compact SUV producing 150 kW, fast charging support, approximately 450 km driving range, regenerative braking and connected smart mobility features.",21
2017,8,Model 2,V207,"Premium AWD SUV with 2.0L turbo petrol engine, panoramic sunroof, leather upholstery, 360-degree camera, ADAS safety features and luxury interior.",50
2017,8,Model 2,V208,"Premium diesel SUV equipped with AWD, terrain response modes, seven-seat configuration, premium audio system and excellent highway capability.",66
2017,8,Model 2,V209,"Family SUV powered by a 2.0L turbo petrol engine, automatic transmission, digital instrument cluster, connected navigation and spacious seven-seat layout.",64
2017,8,Model 2,V210,"Hybrid family SUV offering advanced driver assistance, adaptive cruise control, premium comfort, efficient hybrid technology and smooth e-CVT transmission.",21
2017,8,Model 3,V301,"Executive sedan with 1.8L petrol engine, premium cabin, manual transmission, projector LED headlamps and elegant styling.",32
2017,8,Model 3,V302,"Executive automatic sedan with leather upholstery, dual-zone climate control, connected infotainment and refined ride quality.",56
2017,8,Model 3,V303,"Performance sedan featuring a 2.0L petrol engine, paddle shifters, sport suspension, 18-inch alloy wheels and responsive handling.",29
2017,8,Model 3,V304,"Luxury hybrid sedan with intelligent safety systems, premium interior, exceptional fuel efficiency and smooth e-CVT performance.",69
2017,8,Model 3,V305,"Performance edition sedan powered by a turbo petrol engine with premium infotainment, sport exhaust, wireless charging and athletic design.",62
2017,8,Model 3,V306,"Executive diesel sedan offering automatic transmission, spacious rear seating, superior ride comfort and long-distance efficiency.",21
2017,8,Model 3,V307,"Luxury petrol sedan with panoramic sunroof, premium leather interior, ten airbags, connected technology and refined driving dynamics.",50
2017,8,Model 3,V308,"Luxury hybrid sedan equipped with adaptive cruise control, ventilated seats, premium sound system and intelligent safety features.",66
2017,8,Model 3,V309,"Electric luxury sedan delivering approximately 550 km range, fast charging capability, connected vehicle platform and premium comfort.",64
2017,8,Model 3,V310,"High-performance dual-motor electric sedan capable of rapid acceleration, all-wheel drive, advanced driver assistance and cutting-edge technology.",21
2017,8,Model 4,V401,"Luxury seven-seat SUV with 2.5L petrol engine, AWD, panoramic sunroof, leather seats, premium infotainment and exceptional comfort.",9
2017,8,Model 4,V402,"Luxury diesel SUV with terrain management system, electronic parking brake, connected technology and spacious premium cabin.",32
2017,8,Model 4,V403,"Performance SUV featuring a 3.0L turbo petrol engine, adaptive suspension, AWD system and 20-inch alloy wheels.",23
2017,8,Model 4,V404,"Flagship luxury SUV powered by a 3.0L V6 petrol engine, ventilated seats, 360-degree camera, ADAS Level 2 and premium craftsmanship.",12
2017,8,Model 4,V405,"Flagship diesel SUV with air suspension, intelligent AWD, premium leather interior, advanced infotainment and executive comfort.",25
2017,8,Model 4,V406,"Dual-motor electric luxury SUV producing 300 kW, approximately 600 km driving range, ultra-fast charging, autonomous driving features and premium technology.",13
2017,8,Model 4,V407,"Performance electric SUV with dual-motor AWD, sports interior, rapid acceleration, intelligent safety systems and dynamic driving experience.",8
2017,8,Model 4,V408,"Flagship hybrid SUV powered by a 3.5L V6 hybrid engine, captain seats, panoramic glass roof, premium surround audio and comprehensive driver assistance.",17
2017,9,Model 1,V101,"Premium hatchback with a 1.2L petrol engine, 5-speed manual transmission, seating for five, dual airbags, ABS with EBD, LED DRLs, touchscreen infotainment, Apple CarPlay & Android Auto, excellent fuel efficiency and smooth city driving.",15
2017,9,Model 1,V102,"Premium hatchback powered by a 1.2L petrol engine with automatic transmission, reverse camera, cruise control, alloy wheels, automatic climate control and advanced infotainment for comfortable urban travel.",14
2017,9,Model 1,V103,"Mid-size sedan featuring a 1.5L petrol engine, manual transmission, spacious cabin, LED headlamps, rear AC vents, smart key access and balanced performance for everyday driving.",11
2017,9,Model 1,V104,"Premium sedan equipped with a 1.5L petrol engine and CVT automatic transmission, sunroof, wireless charging, connected car technology, six airbags and refined ride comfort.",17
2017,9,Model 2,V201,"Compact SUV powered by a 1.5L turbo diesel engine with manual gearbox, hill hold assist, rear parking sensors, 17-inch alloy wheels and practical family-oriented features.",56
2017,9,Model 2,V202,"Compact diesel SUV with automatic transmission, premium interior, electronic stability control, rear camera, ABS, spacious cabin and comfortable long-distance performance.",57
2017,9,Model 2,V203,"Sporty compact SUV featuring a 1.5L turbo petrol engine, manual transmission, LED lighting, touchscreen navigation and dynamic styling for enthusiastic drivers.",62
2017,9,Model 2,V204,"Compact SUV with turbo petrol engine and automatic transmission, push-button start, automatic climate control, connected vehicle technology and premium comfort.",51
2017,9,Model 2,V205,"Hybrid compact SUV with 1.5L petrol hybrid engine, e-CVT transmission, regenerative braking, outstanding fuel economy, advanced safety systems and intelligent driving assistance.",66
2017,9,Model 2,V206,"All-electric compact SUV producing 150 kW, fast charging support, approximately 450 km driving range, regenerative braking and connected smart mobility features.",49
2017,9,Model 2,V207,"Premium AWD SUV with 2.0L turbo petrol engine, panoramic sunroof, leather upholstery, 360-degree camera, ADAS safety features and luxury interior.",31
2017,9,Model 2,V208,"Premium diesel SUV equipped with AWD, terrain response modes, seven-seat configuration, premium audio system and excellent highway capability.",71
2017,9,Model 2,V209,"Family SUV powered by a 2.0L turbo petrol engine, automatic transmission, digital instrument cluster, connected navigation and spacious seven-seat layout.",25
2017,9,Model 2,V210,"Hybrid family SUV offering advanced driver assistance, adaptive cruise control, premium comfort, efficient hybrid technology and smooth e-CVT transmission.",78
2017,9,Model 3,V301,"Executive sedan with 1.8L petrol engine, premium cabin, manual transmission, projector LED headlamps and elegant styling.",56
2017,9,Model 3,V302,"Executive automatic sedan with leather upholstery, dual-zone climate control, connected infotainment and refined ride quality.",57
2017,9,Model 3,V303,"Performance sedan featuring a 2.0L petrol engine, paddle shifters, sport suspension, 18-inch alloy wheels and responsive handling.",62
2017,9,Model 3,V304,"Luxury hybrid sedan with intelligent safety systems, premium interior, exceptional fuel efficiency and smooth e-CVT performance.",51
2017,9,Model 3,V305,"Performance edition sedan powered by a turbo petrol engine with premium infotainment, sport exhaust, wireless charging and athletic design.",66
2017,9,Model 3,V306,"Executive diesel sedan offering automatic transmission, spacious rear seating, superior ride comfort and long-distance efficiency.",49
2017,9,Model 3,V307,"Luxury petrol sedan with panoramic sunroof, premium leather interior, ten airbags, connected technology and refined driving dynamics.",31
2017,9,Model 3,V308,"Luxury hybrid sedan equipped with adaptive cruise control, ventilated seats, premium sound system and intelligent safety features.",71
2017,9,Model 3,V309,"Electric luxury sedan delivering approximately 550 km range, fast charging capability, connected vehicle platform and premium comfort.",25
2017,9,Model 3,V310,"High-performance dual-motor electric sedan capable of rapid acceleration, all-wheel drive, advanced driver assistance and cutting-edge technology.",78
2017,9,Model 4,V401,"Luxury seven-seat SUV with 2.5L petrol engine, AWD, panoramic sunroof, leather seats, premium infotainment and exceptional comfort.",10
2017,9,Model 4,V402,"Luxury diesel SUV with terrain management system, electronic parking brake, connected technology and spacious premium cabin.",25
2017,9,Model 4,V403,"Performance SUV featuring a 3.0L turbo petrol engine, adaptive suspension, AWD system and 20-inch alloy wheels.",19
2017,9,Model 4,V404,"Flagship luxury SUV powered by a 3.0L V6 petrol engine, ventilated seats, 360-degree camera, ADAS Level 2 and premium craftsmanship.",40
2017,9,Model 4,V405,"Flagship diesel SUV with air suspension, intelligent AWD, premium leather interior, advanced infotainment and executive comfort.",11
2017,9,Model 4,V406,"Dual-motor electric luxury SUV producing 300 kW, approximately 600 km driving range, ultra-fast charging, autonomous driving features and premium technology.",47
2017,9,Model 4,V407,"Performance electric SUV with dual-motor AWD, sports interior, rapid acceleration, intelligent safety systems and dynamic driving experience.",40
2017,9,Model 4,V408,"Flagship hybrid SUV powered by a 3.5L V6 hybrid engine, captain seats, panoramic glass roof, premium surround audio and comprehensive driver assistance.",10
2017,10,Model 1,V101,"Premium hatchback with a 1.2L petrol engine, 5-speed manual transmission, seating for five, dual airbags, ABS with EBD, LED DRLs, touchscreen infotainment, Apple CarPlay & Android Auto, excellent fuel efficiency and smooth city driving.",8
2017,10,Model 1,V102,"Premium hatchback powered by a 1.2L petrol engine with automatic transmission, reverse camera, cruise control, alloy wheels, automatic climate control and advanced infotainment for comfortable urban travel.",15
2017,10,Model 1,V103,"Mid-size sedan featuring a 1.5L petrol engine, manual transmission, spacious cabin, LED headlamps, rear AC vents, smart key access and balanced performance for everyday driving.",13
2017,10,Model 1,V104,"Premium sedan equipped with a 1.5L petrol engine and CVT automatic transmission, sunroof, wireless charging, connected car technology, six airbags and refined ride comfort.",8
2017,10,Model 2,V201,"Compact SUV powered by a 1.5L turbo diesel engine with manual gearbox, hill hold assist, rear parking sensors, 17-inch alloy wheels and practical family-oriented features.",107
2017,10,Model 2,V202,"Compact diesel SUV with automatic transmission, premium interior, electronic stability control, rear camera, ABS, spacious cabin and comfortable long-distance performance.",49
2017,10,Model 2,V203,"Sporty compact SUV featuring a 1.5L turbo petrol engine, manual transmission, LED lighting, touchscreen navigation and dynamic styling for enthusiastic drivers.",59
2017,10,Model 2,V204,"Compact SUV with turbo petrol engine and automatic transmission, push-button start, automatic climate control, connected vehicle technology and premium comfort.",45
2017,10,Model 2,V205,"Hybrid compact SUV with 1.5L petrol hybrid engine, e-CVT transmission, regenerative braking, outstanding fuel economy, advanced safety systems and intelligent driving assistance.",89
2017,10,Model 2,V206,"All-electric compact SUV producing 150 kW, fast charging support, approximately 450 km driving range, regenerative braking and connected smart mobility features.",44
2017,10,Model 2,V207,"Premium AWD SUV with 2.0L turbo petrol engine, panoramic sunroof, leather upholstery, 360-degree camera, ADAS safety features and luxury interior.",100
2017,10,Model 2,V208,"Premium diesel SUV equipped with AWD, terrain response modes, seven-seat configuration, premium audio system and excellent highway capability.",57
2017,10,Model 2,V209,"Family SUV powered by a 2.0L turbo petrol engine, automatic transmission, digital instrument cluster, connected navigation and spacious seven-seat layout.",88
2017,10,Model 2,V210,"Hybrid family SUV offering advanced driver assistance, adaptive cruise control, premium comfort, efficient hybrid technology and smooth e-CVT transmission.",61
2017,10,Model 3,V301,"Executive sedan with 1.8L petrol engine, premium cabin, manual transmission, projector LED headlamps and elegant styling.",107
2017,10,Model 3,V302,"Executive automatic sedan with leather upholstery, dual-zone climate control, connected infotainment and refined ride quality.",49
2017,10,Model 3,V303,"Performance sedan featuring a 2.0L petrol engine, paddle shifters, sport suspension, 18-inch alloy wheels and responsive handling.",59
2017,10,Model 3,V304,"Luxury hybrid sedan with intelligent safety systems, premium interior, exceptional fuel efficiency and smooth e-CVT performance.",45
2017,10,Model 3,V305,"Performance edition sedan powered by a turbo petrol engine with premium infotainment, sport exhaust, wireless charging and athletic design.",89
2017,10,Model 3,V306,"Executive diesel sedan offering automatic transmission, spacious rear seating, superior ride comfort and long-distance efficiency.",44
2017,10,Model 3,V307,"Luxury petrol sedan with panoramic sunroof, premium leather interior, ten airbags, connected technology and refined driving dynamics.",100
2017,10,Model 3,V308,"Luxury hybrid sedan equipped with adaptive cruise control, ventilated seats, premium sound system and intelligent safety features.",57
2017,10,Model 3,V309,"Electric luxury sedan delivering approximately 550 km range, fast charging capability, connected vehicle platform and premium comfort.",88
2017,10,Model 3,V310,"High-performance dual-motor electric sedan capable of rapid acceleration, all-wheel drive, advanced driver assistance and cutting-edge technology.",61
2017,10,Model 4,V401,"Luxury seven-seat SUV with 2.5L petrol engine, AWD, panoramic sunroof, leather seats, premium infotainment and exceptional comfort.",58
2017,10,Model 4,V402,"Luxury diesel SUV with terrain management system, electronic parking brake, connected technology and spacious premium cabin.",33
2017,10,Model 4,V403,"Performance SUV featuring a 3.0L turbo petrol engine, adaptive suspension, AWD system and 20-inch alloy wheels.",20
2017,10,Model 4,V404,"Flagship luxury SUV powered by a 3.0L V6 petrol engine, ventilated seats, 360-degree camera, ADAS Level 2 and premium craftsmanship.",48
2017,10,Model 4,V405,"Flagship diesel SUV with air suspension, intelligent AWD, premium leather interior, advanced infotainment and executive comfort.",48
2017,10,Model 4,V406,"Dual-motor electric luxury SUV producing 300 kW, approximately 600 km driving range, ultra-fast charging, autonomous driving features and premium technology.",57
2017,10,Model 4,V407,"Performance electric SUV with dual-motor AWD, sports interior, rapid acceleration, intelligent safety systems and dynamic driving experience.",54
2017,10,Model 4,V408,"Flagship hybrid SUV powered by a 3.5L V6 hybrid engine, captain seats, panoramic glass roof, premium surround audio and comprehensive driver assistance.",17
2017,11,Model 1,V101,"Premium hatchback with a 1.2L petrol engine, 5-speed manual transmission, seating for five, dual airbags, ABS with EBD, LED DRLs, touchscreen infotainment, Apple CarPlay & Android Auto, excellent fuel efficiency and smooth city driving.",12
2017,11,Model 1,V102,"Premium hatchback powered by a 1.2L petrol engine with automatic transmission, reverse camera, cruise control, alloy wheels, automatic climate control and advanced infotainment for comfortable urban travel.",17
2017,11,Model 1,V103,"Mid-size sedan featuring a 1.5L petrol engine, manual transmission, spacious cabin, LED headlamps, rear AC vents, smart key access and balanced performance for everyday driving.",10
2017,11,Model 1,V104,"Premium sedan equipped with a 1.5L petrol engine and CVT automatic transmission, sunroof, wireless charging, connected car technology, six airbags and refined ride comfort.",26
2017,11,Model 2,V201,"Compact SUV powered by a 1.5L turbo diesel engine with manual gearbox, hill hold assist, rear parking sensors, 17-inch alloy wheels and practical family-oriented features.",32
2017,11,Model 2,V202,"Compact diesel SUV with automatic transmission, premium interior, electronic stability control, rear camera, ABS, spacious cabin and comfortable long-distance performance.",68
2017,11,Model 2,V203,"Sporty compact SUV featuring a 1.5L turbo petrol engine, manual transmission, LED lighting, touchscreen navigation and dynamic styling for enthusiastic drivers.",102
2017,11,Model 2,V204,"Compact SUV with turbo petrol engine and automatic transmission, push-button start, automatic climate control, connected vehicle technology and premium comfort.",77
2017,11,Model 2,V205,"Hybrid compact SUV with 1.5L petrol hybrid engine, e-CVT transmission, regenerative braking, outstanding fuel economy, advanced safety systems and intelligent driving assistance.",79
2017,11,Model 2,V206,"All-electric compact SUV producing 150 kW, fast charging support, approximately 450 km driving range, regenerative braking and connected smart mobility features.",54
2017,11,Model 2,V207,"Premium AWD SUV with 2.0L turbo petrol engine, panoramic sunroof, leather upholstery, 360-degree camera, ADAS safety features and luxury interior.",39
2017,11,Model 2,V208,"Premium diesel SUV equipped with AWD, terrain response modes, seven-seat configuration, premium audio system and excellent highway capability.",103
2017,11,Model 2,V209,"Family SUV powered by a 2.0L turbo petrol engine, automatic transmission, digital instrument cluster, connected navigation and spacious seven-seat layout.",108
2017,11,Model 2,V210,"Hybrid family SUV offering advanced driver assistance, adaptive cruise control, premium comfort, efficient hybrid technology and smooth e-CVT transmission.",60
2017,11,Model 3,V301,"Executive sedan with 1.8L petrol engine, premium cabin, manual transmission, projector LED headlamps and elegant styling.",32
2017,11,Model 3,V302,"Executive automatic sedan with leather upholstery, dual-zone climate control, connected infotainment and refined ride quality.",68
2017,11,Model 3,V303,"Performance sedan featuring a 2.0L petrol engine, paddle shifters, sport suspension, 18-inch alloy wheels and responsive handling.",102
2017,11,Model 3,V304,"Luxury hybrid sedan with intelligent safety systems, premium interior, exceptional fuel efficiency and smooth e-CVT performance.",77
2017,11,Model 3,V305,"Performance edition sedan powered by a turbo petrol engine with premium infotainment, sport exhaust, wireless charging and athletic design.",79
2017,11,Model 3,V306,"Executive diesel sedan offering automatic transmission, spacious rear seating, superior ride comfort and long-distance efficiency.",54
2017,11,Model 3,V307,"Luxury petrol sedan with panoramic sunroof, premium leather interior, ten airbags, connected technology and refined driving dynamics.",39
2017,11,Model 3,V308,"Luxury hybrid sedan equipped with adaptive cruise control, ventilated seats, premium sound system and intelligent safety features.",103
2017,11,Model 3,V309,"Electric luxury sedan delivering approximately 550 km range, fast charging capability, connected vehicle platform and premium comfort.",108
2017,11,Model 3,V310,"High-performance dual-motor electric sedan capable of rapid acceleration, all-wheel drive, advanced driver assistance and cutting-edge technology.",60
2017,11,Model 4,V401,"Luxury seven-seat SUV with 2.5L petrol engine, AWD, panoramic sunroof, leather seats, premium infotainment and exceptional comfort.",16
2017,11,Model 4,V402,"Luxury diesel SUV with terrain management system, electronic parking brake, connected technology and spacious premium cabin.",54
2017,11,Model 4,V403,"Performance SUV featuring a 3.0L turbo petrol engine, adaptive suspension, AWD system and 20-inch alloy wheels.",58
2017,11,Model 4,V404,"Flagship luxury SUV powered by a 3.0L V6 petrol engine, ventilated seats, 360-degree camera, ADAS Level 2 and premium craftsmanship.",28
2017,11,Model 4,V405,"Flagship diesel SUV with air suspension, intelligent AWD, premium leather interior, advanced infotainment and executive comfort.",53
2017,11,Model 4,V406,"Dual-motor electric luxury SUV producing 300 kW, approximately 600 km driving range, ultra-fast charging, autonomous driving features and premium technology.",47
2017,11,Model 4,V407,"Performance electric SUV with dual-motor AWD, sports interior, rapid acceleration, intelligent safety systems and dynamic driving experience.",17
2017,11,Model 4,V408,"Flagship hybrid SUV powered by a 3.5L V6 hybrid engine, captain seats, panoramic glass roof, premium surround audio and comprehensive driver assistance.",45
2017,12,Model 1,V101,"Premium hatchback with a 1.2L petrol engine, 5-speed manual transmission, seating for five, dual airbags, ABS with EBD, LED DRLs, touchscreen infotainment, Apple CarPlay & Android Auto, excellent fuel efficiency and smooth city driving.",8
2017,12,Model 1,V102,"Premium hatchback powered by a 1.2L petrol engine with automatic transmission, reverse camera, cruise control, alloy wheels, automatic climate control and advanced infotainment for comfortable urban travel.",18
2017,12,Model 1,V103,"Mid-size sedan featuring a 1.5L petrol engine, manual transmission, spacious cabin, LED headlamps, rear AC vents, smart key access and balanced performance for everyday driving.",24
2017,12,Model 1,V104,"Premium sedan equipped with a 1.5L petrol engine and CVT automatic transmission, sunroof, wireless charging, connected car technology, six airbags and refined ride comfort.",21
2017,12,Model 2,V201,"Compact SUV powered by a 1.5L turbo diesel engine with manual gearbox, hill hold assist, rear parking sensors, 17-inch alloy wheels and practical family-oriented features.",76
2017,12,Model 2,V202,"Compact diesel SUV with automatic transmission, premium interior, electronic stability control, rear camera, ABS, spacious cabin and comfortable long-distance performance.",38
2017,12,Model 2,V203,"Sporty compact SUV featuring a 1.5L turbo petrol engine, manual transmission, LED lighting, touchscreen navigation and dynamic styling for enthusiastic drivers.",93
2017,12,Model 2,V204,"Compact SUV with turbo petrol engine and automatic transmission, push-button start, automatic climate control, connected vehicle technology and premium comfort.",72
2017,12,Model 2,V205,"Hybrid compact SUV with 1.5L petrol hybrid engine, e-CVT transmission, regenerative braking, outstanding fuel economy, advanced safety systems and intelligent driving assistance.",31
2017,12,Model 2,V206,"All-electric compact SUV producing 150 kW, fast charging support, approximately 450 km driving range, regenerative braking and connected smart mobility features.",82
2017,12,Model 2,V207,"Premium AWD SUV with 2.0L turbo petrol engine, panoramic sunroof, leather upholstery, 360-degree camera, ADAS safety features and luxury interior.",91
2017,12,Model 2,V208,"Premium diesel SUV equipped with AWD, terrain response modes, seven-seat configuration, premium audio system and excellent highway capability.",43
2017,12,Model 2,V209,"Family SUV powered by a 2.0L turbo petrol engine, automatic transmission, digital instrument cluster, connected navigation and spacious seven-seat layout.",84
2017,12,Model 2,V210,"Hybrid family SUV offering advanced driver assistance, adaptive cruise control, premium comfort, efficient hybrid technology and smooth e-CVT transmission.",75
2017,12,Model 3,V301,"Executive sedan with 1.8L petrol engine, premium cabin, manual transmission, projector LED headlamps and elegant styling.",76
2017,12,Model 3,V302,"Executive automatic sedan with leather upholstery, dual-zone climate control, connected infotainment and refined ride quality.",38
2017,12,Model 3,V303,"Performance sedan featuring a 2.0L petrol engine, paddle shifters, sport suspension, 18-inch alloy wheels and responsive handling.",93
2017,12,Model 3,V304,"Luxury hybrid sedan with intelligent safety systems, premium interior, exceptional fuel efficiency and smooth e-CVT performance.",72
2017,12,Model 3,V305,"Performance edition sedan powered by a turbo petrol engine with premium infotainment, sport exhaust, wireless charging and athletic design.",31
2017,12,Model 3,V306,"Executive diesel sedan offering automatic transmission, spacious rear seating, superior ride comfort and long-distance efficiency.",82
2017,12,Model 3,V307,"Luxury petrol sedan with panoramic sunroof, premium leather interior, ten airbags, connected technology and refined driving dynamics.",91
2017,12,Model 3,V308,"Luxury hybrid sedan equipped with adaptive cruise control, ventilated seats, premium sound system and intelligent safety features.",43
2017,12,Model 3,V309,"Electric luxury sedan delivering approximately 550 km range, fast charging capability, connected vehicle platform and premium comfort.",84
2017,12,Model 3,V310,"High-performance dual-motor electric sedan capable of rapid acceleration, all-wheel drive, advanced driver assistance and cutting-edge technology.",75
2017,12,Model 4,V401,"Luxury seven-seat SUV with 2.5L petrol engine, AWD, panoramic sunroof, leather seats, premium infotainment and exceptional comfort.",50
2017,12,Model 4,V402,"Luxury diesel SUV with terrain management system, electronic parking brake, connected technology and spacious premium cabin.",38
2017,12,Model 4,V403,"Performance SUV featuring a 3.0L turbo petrol engine, adaptive suspension, AWD system and 20-inch alloy wheels.",54
2017,12,Model 4,V404,"Flagship luxury SUV powered by a 3.0L V6 petrol engine, ventilated seats, 360-degree camera, ADAS Level 2 and premium craftsmanship.",19
2017,12,Model 4,V405,"Flagship diesel SUV with air suspension, intelligent AWD, premium leather interior, advanced infotainment and executive comfort.",37
2017,12,Model 4,V406,"Dual-motor electric luxury SUV producing 300 kW, approximately 600 km driving range, ultra-fast charging, autonomous driving features and premium technology.",21
2017,12,Model 4,V407,"Performance electric SUV with dual-motor AWD, sports interior, rapid acceleration, intelligent safety systems and dynamic driving experience.",55
2017,12,Model 4,V408,"Flagship hybrid SUV powered by a 3.5L V6 hybrid engine, captain seats, panoramic glass roof, premium surround audio and comprehensive driver assistance.",42
2018,1,Model 1,V101,"Premium hatchback with a 1.2L petrol engine, 5-speed manual transmission, seating for five, dual airbags, ABS with EBD, LED DRLs, touchscreen infotainment, Apple CarPlay & Android Auto, excellent fuel efficiency and smooth city driving.",23
2018,1,Model 1,V102,"Premium hatchback powered by a 1.2L petrol engine with automatic transmission, reverse camera, cruise control, alloy wheels, automatic climate control and advanced infotainment for comfortable urban travel.",13
2018,1,Model 1,V103,"Mid-size sedan featuring a 1.5L petrol engine, manual transmission, spacious cabin, LED headlamps, rear AC vents, smart key access and balanced performance for everyday driving.",22
2018,1,Model 1,V104,"Premium sedan equipped with a 1.5L petrol engine and CVT automatic transmission, sunroof, wireless charging, connected car technology, six airbags and refined ride comfort.",20
2018,1,Model 2,V201,"Compact SUV powered by a 1.5L turbo diesel engine with manual gearbox, hill hold assist, rear parking sensors, 17-inch alloy wheels and practical family-oriented features.",75
2018,1,Model 2,V202,"Compact diesel SUV with automatic transmission, premium interior, electronic stability control, rear camera, ABS, spacious cabin and comfortable long-distance performance.",73
2018,1,Model 2,V203,"Sporty compact SUV featuring a 1.5L turbo petrol engine, manual transmission, LED lighting, touchscreen navigation and dynamic styling for enthusiastic drivers.",70
2018,1,Model 2,V204,"Compact SUV with turbo petrol engine and automatic transmission, push-button start, automatic climate control, connected vehicle technology and premium comfort.",86
2018,1,Model 2,V205,"Hybrid compact SUV with 1.5L petrol hybrid engine, e-CVT transmission, regenerative braking, outstanding fuel economy, advanced safety systems and intelligent driving assistance.",52
2018,1,Model 2,V206,"All-electric compact SUV producing 150 kW, fast charging support, approximately 450 km driving range, regenerative braking and connected smart mobility features.",58
2018,1,Model 2,V207,"Premium AWD SUV with 2.0L turbo petrol engine, panoramic sunroof, leather upholstery, 360-degree camera, ADAS safety features and luxury interior.",50
2018,1,Model 2,V208,"Premium diesel SUV equipped with AWD, terrain response modes, seven-seat configuration, premium audio system and excellent highway capability.",33
2018,1,Model 2,V209,"Family SUV powered by a 2.0L turbo petrol engine, automatic transmission, digital instrument cluster, connected navigation and spacious seven-seat layout.",54
2018,1,Model 2,V210,"Hybrid family SUV offering advanced driver assistance, adaptive cruise control, premium comfort, efficient hybrid technology and smooth e-CVT transmission.",72
2018,1,Model 3,V301,"Executive sedan with 1.8L petrol engine, premium cabin, manual transmission, projector LED headlamps and elegant styling.",75
2018,1,Model 3,V302,"Executive automatic sedan with leather upholstery, dual-zone climate control, connected infotainment and refined ride quality.",73
2018,1,Model 3,V303,"Performance sedan featuring a 2.0L petrol engine, paddle shifters, sport suspension, 18-inch alloy wheels and responsive handling.",70
2018,1,Model 3,V304,"Luxury hybrid sedan with intelligent safety systems, premium interior, exceptional fuel efficiency and smooth e-CVT performance.",86
2018,1,Model 3,V305,"Performance edition sedan powered by a turbo petrol engine with premium infotainment, sport exhaust, wireless charging and athletic design.",52
2018,1,Model 3,V306,"Executive diesel sedan offering automatic transmission, spacious rear seating, superior ride comfort and long-distance efficiency.",58
2018,1,Model 3,V307,"Luxury petrol sedan with panoramic sunroof, premium leather interior, ten airbags, connected technology and refined driving dynamics.",50
2018,1,Model 3,V308,"Luxury hybrid sedan equipped with adaptive cruise control, ventilated seats, premium sound system and intelligent safety features.",33
2018,1,Model 3,V309,"Electric luxury sedan delivering approximately 550 km range, fast charging capability, connected vehicle platform and premium comfort.",54
2018,1,Model 3,V310,"High-performance dual-motor electric sedan capable of rapid acceleration, all-wheel drive, advanced driver assistance and cutting-edge technology.",72
2018,1,Model 4,V401,"Luxury seven-seat SUV with 2.5L petrol engine, AWD, panoramic sunroof, leather seats, premium infotainment and exceptional comfort.",21
2018,1,Model 4,V402,"Luxury diesel SUV with terrain management system, electronic parking brake, connected technology and spacious premium cabin.",48
2018,1,Model 4,V403,"Performance SUV featuring a 3.0L turbo petrol engine, adaptive suspension, AWD system and 20-inch alloy wheels.",32
2018,1,Model 4,V404,"Flagship luxury SUV powered by a 3.0L V6 petrol engine, ventilated seats, 360-degree camera, ADAS Level 2 and premium craftsmanship.",37
2018,1,Model 4,V405,"Flagship diesel SUV with air suspension, intelligent AWD, premium leather interior, advanced infotainment and executive comfort.",40
2018,1,Model 4,V406,"Dual-motor electric luxury SUV producing 300 kW, approximately 600 km driving range, ultra-fast charging, autonomous driving features and premium technology.",43
2018,1,Model 4,V407,"Performance electric SUV with dual-motor AWD, sports interior, rapid acceleration, intelligent safety systems and dynamic driving experience.",28
2018,1,Model 4,V408,"Flagship hybrid SUV powered by a 3.5L V6 hybrid engine, captain seats, panoramic glass roof, premium surround audio and comprehensive driver assistance.",26
2018,2,Model 1,V101,"Premium hatchback with a 1.2L petrol engine, 5-speed manual transmission, seating for five, dual airbags, ABS with EBD, LED DRLs, touchscreen infotainment, Apple CarPlay & Android Auto, excellent fuel efficiency and smooth city driving.",6
2018,2,Model 1,V102,"Premium hatchback powered by a 1.2L petrol engine with automatic transmission, reverse camera, cruise control, alloy wheels, automatic climate control and advanced infotainment for comfortable urban travel.",19
2018,2,Model 1,V103,"Mid-size sedan featuring a 1.5L petrol engine, manual transmission, spacious cabin, LED headlamps, rear AC vents, smart key access and balanced performance for everyday driving.",14
2018,2,Model 1,V104,"Premium sedan equipped with a 1.5L petrol engine and CVT automatic transmission, sunroof, wireless charging, connected car technology, six airbags and refined ride comfort.",11
2018,2,Model 2,V201,"Compact SUV powered by a 1.5L turbo diesel engine with manual gearbox, hill hold assist, rear parking sensors, 17-inch alloy wheels and practical family-oriented features.",75
2018,2,Model 2,V202,"Compact diesel SUV with automatic transmission, premium interior, electronic stability control, rear camera, ABS, spacious cabin and comfortable long-distance performance.",46
2018,2,Model 2,V203,"Sporty compact SUV featuring a 1.5L turbo petrol engine, manual transmission, LED lighting, touchscreen navigation and dynamic styling for enthusiastic drivers.",61
2018,2,Model 2,V204,"Compact SUV with turbo petrol engine and automatic transmission, push-button start, automatic climate control, connected vehicle technology and premium comfort.",51
2018,2,Model 2,V205,"Hybrid compact SUV with 1.5L petrol hybrid engine, e-CVT transmission, regenerative braking, outstanding fuel economy, advanced safety systems and intelligent driving assistance.",60
2018,2,Model 2,V206,"All-electric compact SUV producing 150 kW, fast charging support, approximately 450 km driving range, regenerative braking and connected smart mobility features.",54
2018,2,Model 2,V207,"Premium AWD SUV with 2.0L turbo petrol engine, panoramic sunroof, leather upholstery, 360-degree camera, ADAS safety features and luxury interior.",87
2018,2,Model 2,V208,"Premium diesel SUV equipped with AWD, terrain response modes, seven-seat configuration, premium audio system and excellent highway capability.",53
2018,2,Model 2,V209,"Family SUV powered by a 2.0L turbo petrol engine, automatic transmission, digital instrument cluster, connected navigation and spacious seven-seat layout.",82
2018,2,Model 2,V210,"Hybrid family SUV offering advanced driver assistance, adaptive cruise control, premium comfort, efficient hybrid technology and smooth e-CVT transmission.",25
2018,2,Model 3,V301,"Executive sedan with 1.8L petrol engine, premium cabin, manual transmission, projector LED headlamps and elegant styling.",75
2018,2,Model 3,V302,"Executive automatic sedan with leather upholstery, dual-zone climate control, connected infotainment and refined ride quality.",46
2018,2,Model 3,V303,"Performance sedan featuring a 2.0L petrol engine, paddle shifters, sport suspension, 18-inch alloy wheels and responsive handling.",61
2018,2,Model 3,V304,"Luxury hybrid sedan with intelligent safety systems, premium interior, exceptional fuel efficiency and smooth e-CVT performance.",51
2018,2,Model 3,V305,"Performance edition sedan powered by a turbo petrol engine with premium infotainment, sport exhaust, wireless charging and athletic design.",60
2018,2,Model 3,V306,"Executive diesel sedan offering automatic transmission, spacious rear seating, superior ride comfort and long-distance efficiency.",54
2018,2,Model 3,V307,"Luxury petrol sedan with panoramic sunroof, premium leather interior, ten airbags, connected technology and refined driving dynamics.",87
2018,2,Model 3,V308,"Luxury hybrid sedan equipped with adaptive cruise control, ventilated seats, premium sound system and intelligent safety features.",53
2018,2,Model 3,V309,"Electric luxury sedan delivering approximately 550 km range, fast charging capability, connected vehicle platform and premium comfort.",82
2018,2,Model 3,V310,"High-performance dual-motor electric sedan capable of rapid acceleration, all-wheel drive, advanced driver assistance and cutting-edge technology.",25
2018,2,Model 4,V401,"Luxury seven-seat SUV with 2.5L petrol engine, AWD, panoramic sunroof, leather seats, premium infotainment and exceptional comfort.",35
2018,2,Model 4,V402,"Luxury diesel SUV with terrain management system, electronic parking brake, connected technology and spacious premium cabin.",18
2018,2,Model 4,V403,"Performance SUV featuring a 3.0L turbo petrol engine, adaptive suspension, AWD system and 20-inch alloy wheels.",12
2018,2,Model 4,V404,"Flagship luxury SUV powered by a 3.0L V6 petrol engine, ventilated seats, 360-degree camera, ADAS Level 2 and premium craftsmanship.",21
2018,2,Model 4,V405,"Flagship diesel SUV with air suspension, intelligent AWD, premium leather interior, advanced infotainment and executive comfort.",46
2018,2,Model 4,V406,"Dual-motor electric luxury SUV producing 300 kW, approximately 600 km driving range, ultra-fast charging, autonomous driving features and premium technology.",30
2018,2,Model 4,V407,"Performance electric SUV with dual-motor AWD, sports interior, rapid acceleration, intelligent safety systems and dynamic driving experience.",33
2018,2,Model 4,V408,"Flagship hybrid SUV powered by a 3.5L V6 hybrid engine, captain seats, panoramic glass roof, premium surround audio and comprehensive driver assistance.",37
2018,3,Model 1,V101,"Premium hatchback with a 1.2L petrol engine, 5-speed manual transmission, seating for five, dual airbags, ABS with EBD, LED DRLs, touchscreen infotainment, Apple CarPlay & Android Auto, excellent fuel efficiency and smooth city driving.",15
2018,3,Model 1,V102,"Premium hatchback powered by a 1.2L petrol engine with automatic transmission, reverse camera, cruise control, alloy wheels, automatic climate control and advanced infotainment for comfortable urban travel.",30
2018,3,Model 1,V103,"Mid-size sedan featuring a 1.5L petrol engine, manual transmission, spacious cabin, LED headlamps, rear AC vents, smart key access and balanced performance for everyday driving.",23
2018,3,Model 1,V104,"Premium sedan equipped with a 1.5L petrol engine and CVT automatic transmission, sunroof, wireless charging, connected car technology, six airbags and refined ride comfort.",28
2018,3,Model 2,V201,"Compact SUV powered by a 1.5L turbo diesel engine with manual gearbox, hill hold assist, rear parking sensors, 17-inch alloy wheels and practical family-oriented features.",94
2018,3,Model 2,V202,"Compact diesel SUV with automatic transmission, premium interior, electronic stability control, rear camera, ABS, spacious cabin and comfortable long-distance performance.",89
2018,3,Model 2,V203,"Sporty compact SUV featuring a 1.5L turbo petrol engine, manual transmission, LED lighting, touchscreen navigation and dynamic styling for enthusiastic drivers.",33
2018,3,Model 2,V204,"Compact SUV with turbo petrol engine and automatic transmission, push-button start, automatic climate control, connected vehicle technology and premium comfort.",42
2018,3,Model 2,V205,"Hybrid compact SUV with 1.5L petrol hybrid engine, e-CVT transmission, regenerative braking, outstanding fuel economy, advanced safety systems and intelligent driving assistance.",69
2018,3,Model 2,V206,"All-electric compact SUV producing 150 kW, fast charging support, approximately 450 km driving range, regenerative braking and connected smart mobility features.",59
2018,3,Model 2,V207,"Premium AWD SUV with 2.0L turbo petrol engine, panoramic sunroof, leather upholstery, 360-degree camera, ADAS safety features and luxury interior.",83
2018,3,Model 2,V208,"Premium diesel SUV equipped with AWD, terrain response modes, seven-seat configuration, premium audio system and excellent highway capability.",62
2018,3,Model 2,V209,"Family SUV powered by a 2.0L turbo petrol engine, automatic transmission, digital instrument cluster, connected navigation and spacious seven-seat layout.",71
2018,3,Model 2,V210,"Hybrid family SUV offering advanced driver assistance, adaptive cruise control, premium comfort, efficient hybrid technology and smooth e-CVT transmission.",106
2018,3,Model 3,V301,"Executive sedan with 1.8L petrol engine, premium cabin, manual transmission, projector LED headlamps and elegant styling.",94
2018,3,Model 3,V302,"Executive automatic sedan with leather upholstery, dual-zone climate control, connected infotainment and refined ride quality.",89
2018,3,Model 3,V303,"Performance sedan featuring a 2.0L petrol engine, paddle shifters, sport suspension, 18-inch alloy wheels and responsive handling.",33
2018,3,Model 3,V304,"Luxury hybrid sedan with intelligent safety systems, premium interior, exceptional fuel efficiency and smooth e-CVT performance.",42
2018,3,Model 3,V305,"Performance edition sedan powered by a turbo petrol engine with premium infotainment, sport exhaust, wireless charging and athletic design.",69
2018,3,Model 3,V306,"Executive diesel sedan offering automatic transmission, spacious rear seating, superior ride comfort and long-distance efficiency.",59
2018,3,Model 3,V307,"Luxury petrol sedan with panoramic sunroof, premium leather interior, ten airbags, connected technology and refined driving dynamics.",83
2018,3,Model 3,V308,"Luxury hybrid sedan equipped with adaptive cruise control, ventilated seats, premium sound system and intelligent safety features.",62
2018,3,Model 3,V309,"Electric luxury sedan delivering approximately 550 km range, fast charging capability, connected vehicle platform and premium comfort.",71
2018,3,Model 3,V310,"High-performance dual-motor electric sedan capable of rapid acceleration, all-wheel drive, advanced driver assistance and cutting-edge technology.",106
2018,3,Model 4,V401,"Luxury seven-seat SUV with 2.5L petrol engine, AWD, panoramic sunroof, leather seats, premium infotainment and exceptional comfort.",34
2018,3,Model 4,V402,"Luxury diesel SUV with terrain management system, electronic parking brake, connected technology and spacious premium cabin.",41
2018,3,Model 4,V403,"Performance SUV featuring a 3.0L turbo petrol engine, adaptive suspension, AWD system and 20-inch alloy wheels.",46
2018,3,Model 4,V404,"Flagship luxury SUV powered by a 3.0L V6 petrol engine, ventilated seats, 360-degree camera, ADAS Level 2 and premium craftsmanship.",44
2018,3,Model 4,V405,"Flagship diesel SUV with air suspension, intelligent AWD, premium leather interior, advanced infotainment and executive comfort.",33
2018,3,Model 4,V406,"Dual-motor electric luxury SUV producing 300 kW, approximately 600 km driving range, ultra-fast charging, autonomous driving features and premium technology.",38
2018,3,Model 4,V407,"Performance electric SUV with dual-motor AWD, sports interior, rapid acceleration, intelligent safety systems and dynamic driving experience.",59
2018,3,Model 4,V408,"Flagship hybrid SUV powered by a 3.5L V6 hybrid engine, captain seats, panoramic glass roof, premium surround audio and comprehensive driver assistance.",46
2018,4,Model 1,V101,"Premium hatchback with a 1.2L petrol engine, 5-speed manual transmission, seating for five, dual airbags, ABS with EBD, LED DRLs, touchscreen infotainment, Apple CarPlay & Android Auto, excellent fuel efficiency and smooth city driving.",18
2018,4,Model 1,V102,"Premium hatchback powered by a 1.2L petrol engine with automatic transmission, reverse camera, cruise control, alloy wheels, automatic climate control and advanced infotainment for comfortable urban travel.",19
2018,4,Model 1,V103,"Mid-size sedan featuring a 1.5L petrol engine, manual transmission, spacious cabin, LED headlamps, rear AC vents, smart key access and balanced performance for everyday driving.",30
2018,4,Model 1,V104,"Premium sedan equipped with a 1.5L petrol engine and CVT automatic transmission, sunroof, wireless charging, connected car technology, six airbags and refined ride comfort.",22
2018,4,Model 2,V201,"Compact SUV powered by a 1.5L turbo diesel engine with manual gearbox, hill hold assist, rear parking sensors, 17-inch alloy wheels and practical family-oriented features.",66
2018,4,Model 2,V202,"Compact diesel SUV with automatic transmission, premium interior, electronic stability control, rear camera, ABS, spacious cabin and comfortable long-distance performance.",71
2018,4,Model 2,V203,"Sporty compact SUV featuring a 1.5L turbo petrol engine, manual transmission, LED lighting, touchscreen navigation and dynamic styling for enthusiastic drivers.",63
2018,4,Model 2,V204,"Compact SUV with turbo petrol engine and automatic transmission, push-button start, automatic climate control, connected vehicle technology and premium comfort.",61
2018,4,Model 2,V205,"Hybrid compact SUV with 1.5L petrol hybrid engine, e-CVT transmission, regenerative braking, outstanding fuel economy, advanced safety systems and intelligent driving assistance.",46
2018,4,Model 2,V206,"All-electric compact SUV producing 150 kW, fast charging support, approximately 450 km driving range, regenerative braking and connected smart mobility features.",56
2018,4,Model 2,V207,"Premium AWD SUV with 2.0L turbo petrol engine, panoramic sunroof, leather upholstery, 360-degree camera, ADAS safety features and luxury interior.",72
2018,4,Model 2,V208,"Premium diesel SUV equipped with AWD, terrain response modes, seven-seat configuration, premium audio system and excellent highway capability.",46
2018,4,Model 2,V209,"Family SUV powered by a 2.0L turbo petrol engine, automatic transmission, digital instrument cluster, connected navigation and spacious seven-seat layout.",100
2018,4,Model 2,V210,"Hybrid family SUV offering advanced driver assistance, adaptive cruise control, premium comfort, efficient hybrid technology and smooth e-CVT transmission.",55
2018,4,Model 3,V301,"Executive sedan with 1.8L petrol engine, premium cabin, manual transmission, projector LED headlamps and elegant styling.",66
2018,4,Model 3,V302,"Executive automatic sedan with leather upholstery, dual-zone climate control, connected infotainment and refined ride quality.",71
2018,4,Model 3,V303,"Performance sedan featuring a 2.0L petrol engine, paddle shifters, sport suspension, 18-inch alloy wheels and responsive handling.",63
2018,4,Model 3,V304,"Luxury hybrid sedan with intelligent safety systems, premium interior, exceptional fuel efficiency and smooth e-CVT performance.",61
2018,4,Model 3,V305,"Performance edition sedan powered by a turbo petrol engine with premium infotainment, sport exhaust, wireless charging and athletic design.",46
2018,4,Model 3,V306,"Executive diesel sedan offering automatic transmission, spacious rear seating, superior ride comfort and long-distance efficiency.",56
2018,4,Model 3,V307,"Luxury petrol sedan with panoramic sunroof, premium leather interior, ten airbags, connected technology and refined driving dynamics.",72
2018,4,Model 3,V308,"Luxury hybrid sedan equipped with adaptive cruise control, ventilated seats, premium sound system and intelligent safety features.",46
2018,4,Model 3,V309,"Electric luxury sedan delivering approximately 550 km range, fast charging capability, connected vehicle platform and premium comfort.",100
2018,4,Model 3,V310,"High-performance dual-motor electric sedan capable of rapid acceleration, all-wheel drive, advanced driver assistance and cutting-edge technology.",55
2018,4,Model 4,V401,"Luxury seven-seat SUV with 2.5L petrol engine, AWD, panoramic sunroof, leather seats, premium infotainment and exceptional comfort.",22
2018,4,Model 4,V402,"Luxury diesel SUV with terrain management system, electronic parking brake, connected technology and spacious premium cabin.",24
2018,4,Model 4,V403,"Performance SUV featuring a 3.0L turbo petrol engine, adaptive suspension, AWD system and 20-inch alloy wheels.",58
2018,4,Model 4,V404,"Flagship luxury SUV powered by a 3.0L V6 petrol engine, ventilated seats, 360-degree camera, ADAS Level 2 and premium craftsmanship.",41
2018,4,Model 4,V405,"Flagship diesel SUV with air suspension, intelligent AWD, premium leather interior, advanced infotainment and executive comfort.",28
2018,4,Model 4,V406,"Dual-motor electric luxury SUV producing 300 kW, approximately 600 km driving range, ultra-fast charging, autonomous driving features and premium technology.",57
2018,4,Model 4,V407,"Performance electric SUV with dual-motor AWD, sports interior, rapid acceleration, intelligent safety systems and dynamic driving experience.",49
2018,4,Model 4,V408,"Flagship hybrid SUV powered by a 3.5L V6 hybrid engine, captain seats, panoramic glass roof, premium surround audio and comprehensive driver assistance.",60
2018,5,Model 1,V101,"Premium hatchback with a 1.2L petrol engine, 5-speed manual transmission, seating for five, dual airbags, ABS with EBD, LED DRLs, touchscreen infotainment, Apple CarPlay & Android Auto, excellent fuel efficiency and smooth city driving.",24
2018,5,Model 1,V102,"Premium hatchback powered by a 1.2L petrol engine with automatic transmission, reverse camera, cruise control, alloy wheels, automatic climate control and advanced infotainment for comfortable urban travel.",27
2018,5,Model 1,V103,"Mid-size sedan featuring a 1.5L petrol engine, manual transmission, spacious cabin, LED headlamps, rear AC vents, smart key access and balanced performance for everyday driving.",17
2018,5,Model 1,V104,"Premium sedan equipped with a 1.5L petrol engine and CVT automatic transmission, sunroof, wireless charging, connected car technology, six airbags and refined ride comfort.",11
2018,5,Model 2,V201,"Compact SUV powered by a 1.5L turbo diesel engine with manual gearbox, hill hold assist, rear parking sensors, 17-inch alloy wheels and practical family-oriented features.",56
2018,5,Model 2,V202,"Compact diesel SUV with automatic transmission, premium interior, electronic stability control, rear camera, ABS, spacious cabin and comfortable long-distance performance.",69
2018,5,Model 2,V203,"Sporty compact SUV featuring a 1.5L turbo petrol engine, manual transmission, LED lighting, touchscreen navigation and dynamic styling for enthusiastic drivers.",60
2018,5,Model 2,V204,"Compact SUV with turbo petrol engine and automatic transmission, push-button start, automatic climate control, connected vehicle technology and premium comfort.",78
2018,5,Model 2,V205,"Hybrid compact SUV with 1.5L petrol hybrid engine, e-CVT transmission, regenerative braking, outstanding fuel economy, advanced safety systems and intelligent driving assistance.",54
2018,5,Model 2,V206,"All-electric compact SUV producing 150 kW, fast charging support, approximately 450 km driving range, regenerative braking and connected smart mobility features.",70
2018,5,Model 2,V207,"Premium AWD SUV with 2.0L turbo petrol engine, panoramic sunroof, leather upholstery, 360-degree camera, ADAS safety features and luxury interior.",32
2018,5,Model 2,V208,"Premium diesel SUV equipped with AWD, terrain response modes, seven-seat configuration, premium audio system and excellent highway capability.",100
2018,5,Model 2,V209,"Family SUV powered by a 2.0L turbo petrol engine, automatic transmission, digital instrument cluster, connected navigation and spacious seven-seat layout.",47
2018,5,Model 2,V210,"Hybrid family SUV offering advanced driver assistance, adaptive cruise control, premium comfort, efficient hybrid technology and smooth e-CVT transmission.",66
2018,5,Model 3,V301,"Executive sedan with 1.8L petrol engine, premium cabin, manual transmission, projector LED headlamps and elegant styling.",56
2018,5,Model 3,V302,"Executive automatic sedan with leather upholstery, dual-zone climate control, connected infotainment and refined ride quality.",69
2018,5,Model 3,V303,"Performance sedan featuring a 2.0L petrol engine, paddle shifters, sport suspension, 18-inch alloy wheels and responsive handling.",60
2018,5,Model 3,V304,"Luxury hybrid sedan with intelligent safety systems, premium interior, exceptional fuel efficiency and smooth e-CVT performance.",78
2018,5,Model 3,V305,"Performance edition sedan powered by a turbo petrol engine with premium infotainment, sport exhaust, wireless charging and athletic design.",54
2018,5,Model 3,V306,"Executive diesel sedan offering automatic transmission, spacious rear seating, superior ride comfort and long-distance efficiency.",70
2018,5,Model 3,V307,"Luxury petrol sedan with panoramic sunroof, premium leather interior, ten airbags, connected technology and refined driving dynamics.",32
2018,5,Model 3,V308,"Luxury hybrid sedan equipped with adaptive cruise control, ventilated seats, premium sound system and intelligent safety features.",100
2018,5,Model 3,V309,"Electric luxury sedan delivering approximately 550 km range, fast charging capability, connected vehicle platform and premium comfort.",47
2018,5,Model 3,V310,"High-performance dual-motor electric sedan capable of rapid acceleration, all-wheel drive, advanced driver assistance and cutting-edge technology.",66
2018,5,Model 4,V401,"Luxury seven-seat SUV with 2.5L petrol engine, AWD, panoramic sunroof, leather seats, premium infotainment and exceptional comfort.",13
2018,5,Model 4,V402,"Luxury diesel SUV with terrain management system, electronic parking brake, connected technology and spacious premium cabin.",13
2018,5,Model 4,V403,"Performance SUV featuring a 3.0L turbo petrol engine, adaptive suspension, AWD system and 20-inch alloy wheels.",46
2018,5,Model 4,V404,"Flagship luxury SUV powered by a 3.0L V6 petrol engine, ventilated seats, 360-degree camera, ADAS Level 2 and premium craftsmanship.",29
2018,5,Model 4,V405,"Flagship diesel SUV with air suspension, intelligent AWD, premium leather interior, advanced infotainment and executive comfort.",56
2018,5,Model 4,V406,"Dual-motor electric luxury SUV producing 300 kW, approximately 600 km driving range, ultra-fast charging, autonomous driving features and premium technology.",18
2018,5,Model 4,V407,"Performance electric SUV with dual-motor AWD, sports interior, rapid acceleration, intelligent safety systems and dynamic driving experience.",51
2018,5,Model 4,V408,"Flagship hybrid SUV powered by a 3.5L V6 hybrid engine, captain seats, panoramic glass roof, premium surround audio and comprehensive driver assistance.",59
2018,6,Model 1,V101,"Premium hatchback with a 1.2L petrol engine, 5-speed manual transmission, seating for five, dual airbags, ABS with EBD, LED DRLs, touchscreen infotainment, Apple CarPlay & Android Auto, excellent fuel efficiency and smooth city driving.",19
2018,6,Model 1,V102,"Premium hatchback powered by a 1.2L petrol engine with automatic transmission, reverse camera, cruise control, alloy wheels, automatic climate control and advanced infotainment for comfortable urban travel.",9
2018,6,Model 1,V103,"Mid-size sedan featuring a 1.5L petrol engine, manual transmission, spacious cabin, LED headlamps, rear AC vents, smart key access and balanced performance for everyday driving.",6
2018,6,Model 1,V104,"Premium sedan equipped with a 1.5L petrol engine and CVT automatic transmission, sunroof, wireless charging, connected car technology, six airbags and refined ride comfort.",21
2018,6,Model 2,V201,"Compact SUV powered by a 1.5L turbo diesel engine with manual gearbox, hill hold assist, rear parking sensors, 17-inch alloy wheels and practical family-oriented features.",54
2018,6,Model 2,V202,"Compact diesel SUV with automatic transmission, premium interior, electronic stability control, rear camera, ABS, spacious cabin and comfortable long-distance performance.",73
2018,6,Model 2,V203,"Sporty compact SUV featuring a 1.5L turbo petrol engine, manual transmission, LED lighting, touchscreen navigation and dynamic styling for enthusiastic drivers.",75
2018,6,Model 2,V204,"Compact SUV with turbo petrol engine and automatic transmission, push-button start, automatic climate control, connected vehicle technology and premium comfort.",70
2018,6,Model 2,V205,"Hybrid compact SUV with 1.5L petrol hybrid engine, e-CVT transmission, regenerative braking, outstanding fuel economy, advanced safety systems and intelligent driving assistance.",60
2018,6,Model 2,V206,"All-electric compact SUV producing 150 kW, fast charging support, approximately 450 km driving range, regenerative braking and connected smart mobility features.",44
2018,6,Model 2,V207,"Premium AWD SUV with 2.0L turbo petrol engine, panoramic sunroof, leather upholstery, 360-degree camera, ADAS safety features and luxury interior.",30
2018,6,Model 2,V208,"Premium diesel SUV equipped with AWD, terrain response modes, seven-seat configuration, premium audio system and excellent highway capability.",51
2018,6,Model 2,V209,"Family SUV powered by a 2.0L turbo petrol engine, automatic transmission, digital instrument cluster, connected navigation and spacious seven-seat layout.",75
2018,6,Model 2,V210,"Hybrid family SUV offering advanced driver assistance, adaptive cruise control, premium comfort, efficient hybrid technology and smooth e-CVT transmission.",36
2018,6,Model 3,V301,"Executive sedan with 1.8L petrol engine, premium cabin, manual transmission, projector LED headlamps and elegant styling.",54
2018,6,Model 3,V302,"Executive automatic sedan with leather upholstery, dual-zone climate control, connected infotainment and refined ride quality.",73
2018,6,Model 3,V303,"Performance sedan featuring a 2.0L petrol engine, paddle shifters, sport suspension, 18-inch alloy wheels and responsive handling.",75
2018,6,Model 3,V304,"Luxury hybrid sedan with intelligent safety systems, premium interior, exceptional fuel efficiency and smooth e-CVT performance.",70
2018,6,Model 3,V305,"Performance edition sedan powered by a turbo petrol engine with premium infotainment, sport exhaust, wireless charging and athletic design.",60
2018,6,Model 3,V306,"Executive diesel sedan offering automatic transmission, spacious rear seating, superior ride comfort and long-distance efficiency.",44
2018,6,Model 3,V307,"Luxury petrol sedan with panoramic sunroof, premium leather interior, ten airbags, connected technology and refined driving dynamics.",30
2018,6,Model 3,V308,"Luxury hybrid sedan equipped with adaptive cruise control, ventilated seats, premium sound system and intelligent safety features.",51
2018,6,Model 3,V309,"Electric luxury sedan delivering approximately 550 km range, fast charging capability, connected vehicle platform and premium comfort.",75
2018,6,Model 3,V310,"High-performance dual-motor electric sedan capable of rapid acceleration, all-wheel drive, advanced driver assistance and cutting-edge technology.",36
2018,6,Model 4,V401,"Luxury seven-seat SUV with 2.5L petrol engine, AWD, panoramic sunroof, leather seats, premium infotainment and exceptional comfort.",12
2018,6,Model 4,V402,"Luxury diesel SUV with terrain management system, electronic parking brake, connected technology and spacious premium cabin.",29
2018,6,Model 4,V403,"Performance SUV featuring a 3.0L turbo petrol engine, adaptive suspension, AWD system and 20-inch alloy wheels.",33
2018,6,Model 4,V404,"Flagship luxury SUV powered by a 3.0L V6 petrol engine, ventilated seats, 360-degree camera, ADAS Level 2 and premium craftsmanship.",12
2018,6,Model 4,V405,"Flagship diesel SUV with air suspension, intelligent AWD, premium leather interior, advanced infotainment and executive comfort.",38
2018,6,Model 4,V406,"Dual-motor electric luxury SUV producing 300 kW, approximately 600 km driving range, ultra-fast charging, autonomous driving features and premium technology.",41
2018,6,Model 4,V407,"Performance electric SUV with dual-motor AWD, sports interior, rapid acceleration, intelligent safety systems and dynamic driving experience.",44
2018,6,Model 4,V408,"Flagship hybrid SUV powered by a 3.5L V6 hybrid engine, captain seats, panoramic glass roof, premium surround audio and comprehensive driver assistance.",11
2018,7,Model 1,V101,"Premium hatchback with a 1.2L petrol engine, 5-speed manual transmission, seating for five, dual airbags, ABS with EBD, LED DRLs, touchscreen infotainment, Apple CarPlay & Android Auto, excellent fuel efficiency and smooth city driving.",8
2018,7,Model 1,V102,"Premium hatchback powered by a 1.2L petrol engine with automatic transmission, reverse camera, cruise control, alloy wheels, automatic climate control and advanced infotainment for comfortable urban travel.",8
2018,7,Model 1,V103,"Mid-size sedan featuring a 1.5L petrol engine, manual transmission, spacious cabin, LED headlamps, rear AC vents, smart key access and balanced performance for everyday driving.",17
2018,7,Model 1,V104,"Premium sedan equipped with a 1.5L petrol engine and CVT automatic transmission, sunroof, wireless charging, connected car technology, six airbags and refined ride comfort.",11
2018,7,Model 2,V201,"Compact SUV powered by a 1.5L turbo diesel engine with manual gearbox, hill hold assist, rear parking sensors, 17-inch alloy wheels and practical family-oriented features.",27
2018,7,Model 2,V202,"Compact diesel SUV with automatic transmission, premium interior, electronic stability control, rear camera, ABS, spacious cabin and comfortable long-distance performance.",40
2018,7,Model 2,V203,"Sporty compact SUV featuring a 1.5L turbo petrol engine, manual transmission, LED lighting, touchscreen navigation and dynamic styling for enthusiastic drivers.",30
2018,7,Model 2,V204,"Compact SUV with turbo petrol engine and automatic transmission, push-button start, automatic climate control, connected vehicle technology and premium comfort.",66
2018,7,Model 2,V205,"Hybrid compact SUV with 1.5L petrol hybrid engine, e-CVT transmission, regenerative braking, outstanding fuel economy, advanced safety systems and intelligent driving assistance.",54
2018,7,Model 2,V206,"All-electric compact SUV producing 150 kW, fast charging support, approximately 450 km driving range, regenerative braking and connected smart mobility features.",70
2018,7,Model 2,V207,"Premium AWD SUV with 2.0L turbo petrol engine, panoramic sunroof, leather upholstery, 360-degree camera, ADAS safety features and luxury interior.",69
2018,7,Model 2,V208,"Premium diesel SUV equipped with AWD, terrain response modes, seven-seat configuration, premium audio system and excellent highway capability.",71
2018,7,Model 2,V209,"Family SUV powered by a 2.0L turbo petrol engine, automatic transmission, digital instrument cluster, connected navigation and spacious seven-seat layout.",38
2018,7,Model 2,V210,"Hybrid family SUV offering advanced driver assistance, adaptive cruise control, premium comfort, efficient hybrid technology and smooth e-CVT transmission.",63
2018,7,Model 3,V301,"Executive sedan with 1.8L petrol engine, premium cabin, manual transmission, projector LED headlamps and elegant styling.",27
2018,7,Model 3,V302,"Executive automatic sedan with leather upholstery, dual-zone climate control, connected infotainment and refined ride quality.",40
2018,7,Model 3,V303,"Performance sedan featuring a 2.0L petrol engine, paddle shifters, sport suspension, 18-inch alloy wheels and responsive handling.",30
2018,7,Model 3,V304,"Luxury hybrid sedan with intelligent safety systems, premium interior, exceptional fuel efficiency and smooth e-CVT performance.",66
2018,7,Model 3,V305,"Performance edition sedan powered by a turbo petrol engine with premium infotainment, sport exhaust, wireless charging and athletic design.",54
2018,7,Model 3,V306,"Executive diesel sedan offering automatic transmission, spacious rear seating, superior ride comfort and long-distance efficiency.",70
2018,7,Model 3,V307,"Luxury petrol sedan with panoramic sunroof, premium leather interior, ten airbags, connected technology and refined driving dynamics.",69
2018,7,Model 3,V308,"Luxury hybrid sedan equipped with adaptive cruise control, ventilated seats, premium sound system and intelligent safety features.",71
2018,7,Model 3,V309,"Electric luxury sedan delivering approximately 550 km range, fast charging capability, connected vehicle platform and premium comfort.",38
2018,7,Model 3,V310,"High-performance dual-motor electric sedan capable of rapid acceleration, all-wheel drive, advanced driver assistance and cutting-edge technology.",63
2018,7,Model 4,V401,"Luxury seven-seat SUV with 2.5L petrol engine, AWD, panoramic sunroof, leather seats, premium infotainment and exceptional comfort.",22
2018,7,Model 4,V402,"Luxury diesel SUV with terrain management system, electronic parking brake, connected technology and spacious premium cabin.",25
2018,7,Model 4,V403,"Performance SUV featuring a 3.0L turbo petrol engine, adaptive suspension, AWD system and 20-inch alloy wheels.",25
2018,7,Model 4,V404,"Flagship luxury SUV powered by a 3.0L V6 petrol engine, ventilated seats, 360-degree camera, ADAS Level 2 and premium craftsmanship.",19
2018,7,Model 4,V405,"Flagship diesel SUV with air suspension, intelligent AWD, premium leather interior, advanced infotainment and executive comfort.",31
2018,7,Model 4,V406,"Dual-motor electric luxury SUV producing 300 kW, approximately 600 km driving range, ultra-fast charging, autonomous driving features and premium technology.",24
2018,7,Model 4,V407,"Performance electric SUV with dual-motor AWD, sports interior, rapid acceleration, intelligent safety systems and dynamic driving experience.",19
2018,7,Model 4,V408,"Flagship hybrid SUV powered by a 3.5L V6 hybrid engine, captain seats, panoramic glass roof, premium surround audio and comprehensive driver assistance.",30
2018,8,Model 1,V101,"Premium hatchback with a 1.2L petrol engine, 5-speed manual transmission, seating for five, dual airbags, ABS with EBD, LED DRLs, touchscreen infotainment, Apple CarPlay & Android Auto, excellent fuel efficiency and smooth city driving.",18
2018,8,Model 1,V102,"Premium hatchback powered by a 1.2L petrol engine with automatic transmission, reverse camera, cruise control, alloy wheels, automatic climate control and advanced infotainment for comfortable urban travel.",6
2018,8,Model 1,V103,"Mid-size sedan featuring a 1.5L petrol engine, manual transmission, spacious cabin, LED headlamps, rear AC vents, smart key access and balanced performance for everyday driving.",18
2018,8,Model 1,V104,"Premium sedan equipped with a 1.5L petrol engine and CVT automatic transmission, sunroof, wireless charging, connected car technology, six airbags and refined ride comfort.",7
2018,8,Model 2,V201,"Compact SUV powered by a 1.5L turbo diesel engine with manual gearbox, hill hold assist, rear parking sensors, 17-inch alloy wheels and practical family-oriented features.",37
2018,8,Model 2,V202,"Compact diesel SUV with automatic transmission, premium interior, electronic stability control, rear camera, ABS, spacious cabin and comfortable long-distance performance.",72
2018,8,Model 2,V203,"Sporty compact SUV featuring a 1.5L turbo petrol engine, manual transmission, LED lighting, touchscreen navigation and dynamic styling for enthusiastic drivers.",37
2018,8,Model 2,V204,"Compact SUV with turbo petrol engine and automatic transmission, push-button start, automatic climate control, connected vehicle technology and premium comfort.",41
2018,8,Model 2,V205,"Hybrid compact SUV with 1.5L petrol hybrid engine, e-CVT transmission, regenerative braking, outstanding fuel economy, advanced safety systems and intelligent driving assistance.",26
2018,8,Model 2,V206,"All-electric compact SUV producing 150 kW, fast charging support, approximately 450 km driving range, regenerative braking and connected smart mobility features.",33
2018,8,Model 2,V207,"Premium AWD SUV with 2.0L turbo petrol engine, panoramic sunroof, leather upholstery, 360-degree camera, ADAS safety features and luxury interior.",40
2018,8,Model 2,V208,"Premium diesel SUV equipped with AWD, terrain response modes, seven-seat configuration, premium audio system and excellent highway capability.",34
2018,8,Model 2,V209,"Family SUV powered by a 2.0L turbo petrol engine, automatic transmission, digital instrument cluster, connected navigation and spacious seven-seat layout.",66
2018,8,Model 2,V210,"Hybrid family SUV offering advanced driver assistance, adaptive cruise control, premium comfort, efficient hybrid technology and smooth e-CVT transmission.",26
2018,8,Model 3,V301,"Executive sedan with 1.8L petrol engine, premium cabin, manual transmission, projector LED headlamps and elegant styling.",37
2018,8,Model 3,V302,"Executive automatic sedan with leather upholstery, dual-zone climate control, connected infotainment and refined ride quality.",72
2018,8,Model 3,V303,"Performance sedan featuring a 2.0L petrol engine, paddle shifters, sport suspension, 18-inch alloy wheels and responsive handling.",37
2018,8,Model 3,V304,"Luxury hybrid sedan with intelligent safety systems, premium interior, exceptional fuel efficiency and smooth e-CVT performance.",41
2018,8,Model 3,V305,"Performance edition sedan powered by a turbo petrol engine with premium infotainment, sport exhaust, wireless charging and athletic design.",26
2018,8,Model 3,V306,"Executive diesel sedan offering automatic transmission, spacious rear seating, superior ride comfort and long-distance efficiency.",33
2018,8,Model 3,V307,"Luxury petrol sedan with panoramic sunroof, premium leather interior, ten airbags, connected technology and refined driving dynamics.",40
2018,8,Model 3,V308,"Luxury hybrid sedan equipped with adaptive cruise control, ventilated seats, premium sound system and intelligent safety features.",34
2018,8,Model 3,V309,"Electric luxury sedan delivering approximately 550 km range, fast charging capability, connected vehicle platform and premium comfort.",66
2018,8,Model 3,V310,"High-performance dual-motor electric sedan capable of rapid acceleration, all-wheel drive, advanced driver assistance and cutting-edge technology.",26
2018,8,Model 4,V401,"Luxury seven-seat SUV with 2.5L petrol engine, AWD, panoramic sunroof, leather seats, premium infotainment and exceptional comfort.",13
2018,8,Model 4,V402,"Luxury diesel SUV with terrain management system, electronic parking brake, connected technology and spacious premium cabin.",6
2018,8,Model 4,V403,"Performance SUV featuring a 3.0L turbo petrol engine, adaptive suspension, AWD system and 20-inch alloy wheels.",23
2018,8,Model 4,V404,"Flagship luxury SUV powered by a 3.0L V6 petrol engine, ventilated seats, 360-degree camera, ADAS Level 2 and premium craftsmanship.",25
2018,8,Model 4,V405,"Flagship diesel SUV with air suspension, intelligent AWD, premium leather interior, advanced infotainment and executive comfort.",35
2018,8,Model 4,V406,"Dual-motor electric luxury SUV producing 300 kW, approximately 600 km driving range, ultra-fast charging, autonomous driving features and premium technology.",31
2018,8,Model 4,V407,"Performance electric SUV with dual-motor AWD, sports interior, rapid acceleration, intelligent safety systems and dynamic driving experience.",26
2018,8,Model 4,V408,"Flagship hybrid SUV powered by a 3.5L V6 hybrid engine, captain seats, panoramic glass roof, premium surround audio and comprehensive driver assistance.",19
2018,9,Model 1,V101,"Premium hatchback with a 1.2L petrol engine, 5-speed manual transmission, seating for five, dual airbags, ABS with EBD, LED DRLs, touchscreen infotainment, Apple CarPlay & Android Auto, excellent fuel efficiency and smooth city driving.",7
2018,9,Model 1,V102,"Premium hatchback powered by a 1.2L petrol engine with automatic transmission, reverse camera, cruise control, alloy wheels, automatic climate control and advanced infotainment for comfortable urban travel.",12
2018,9,Model 1,V103,"Mid-size sedan featuring a 1.5L petrol engine, manual transmission, spacious cabin, LED headlamps, rear AC vents, smart key access and balanced performance for everyday driving.",13
2018,9,Model 1,V104,"Premium sedan equipped with a 1.5L petrol engine and CVT automatic transmission, sunroof, wireless charging, connected car technology, six airbags and refined ride comfort.",24
2018,9,Model 2,V201,"Compact SUV powered by a 1.5L turbo diesel engine with manual gearbox, hill hold assist, rear parking sensors, 17-inch alloy wheels and practical family-oriented features.",54
2018,9,Model 2,V202,"Compact diesel SUV with automatic transmission, premium interior, electronic stability control, rear camera, ABS, spacious cabin and comfortable long-distance performance.",72
2018,9,Model 2,V203,"Sporty compact SUV featuring a 1.5L turbo petrol engine, manual transmission, LED lighting, touchscreen navigation and dynamic styling for enthusiastic drivers.",32
2018,9,Model 2,V204,"Compact SUV with turbo petrol engine and automatic transmission, push-button start, automatic climate control, connected vehicle technology and premium comfort.",49
2018,9,Model 2,V205,"Hybrid compact SUV with 1.5L petrol hybrid engine, e-CVT transmission, regenerative braking, outstanding fuel economy, advanced safety systems and intelligent driving assistance.",52
2018,9,Model 2,V206,"All-electric compact SUV producing 150 kW, fast charging support, approximately 450 km driving range, regenerative braking and connected smart mobility features.",90
2018,9,Model 2,V207,"Premium AWD SUV with 2.0L turbo petrol engine, panoramic sunroof, leather upholstery, 360-degree camera, ADAS safety features and luxury interior.",86
2018,9,Model 2,V208,"Premium diesel SUV equipped with AWD, terrain response modes, seven-seat configuration, premium audio system and excellent highway capability.",45
2018,9,Model 2,V209,"Family SUV powered by a 2.0L turbo petrol engine, automatic transmission, digital instrument cluster, connected navigation and spacious seven-seat layout.",69
2018,9,Model 2,V210,"Hybrid family SUV offering advanced driver assistance, adaptive cruise control, premium comfort, efficient hybrid technology and smooth e-CVT transmission.",36
2018,9,Model 3,V301,"Executive sedan with 1.8L petrol engine, premium cabin, manual transmission, projector LED headlamps and elegant styling.",54
2018,9,Model 3,V302,"Executive automatic sedan with leather upholstery, dual-zone climate control, connected infotainment and refined ride quality.",72
2018,9,Model 3,V303,"Performance sedan featuring a 2.0L petrol engine, paddle shifters, sport suspension, 18-inch alloy wheels and responsive handling.",32
2018,9,Model 3,V304,"Luxury hybrid sedan with intelligent safety systems, premium interior, exceptional fuel efficiency and smooth e-CVT performance.",49
2018,9,Model 3,V305,"Performance edition sedan powered by a turbo petrol engine with premium infotainment, sport exhaust, wireless charging and athletic design.",52
2018,9,Model 3,V306,"Executive diesel sedan offering automatic transmission, spacious rear seating, superior ride comfort and long-distance efficiency.",90
2018,9,Model 3,V307,"Luxury petrol sedan with panoramic sunroof, premium leather interior, ten airbags, connected technology and refined driving dynamics.",86
2018,9,Model 3,V308,"Luxury hybrid sedan equipped with adaptive cruise control, ventilated seats, premium sound system and intelligent safety features.",45
2018,9,Model 3,V309,"Electric luxury sedan delivering approximately 550 km range, fast charging capability, connected vehicle platform and premium comfort.",69
2018,9,Model 3,V310,"High-performance dual-motor electric sedan capable of rapid acceleration, all-wheel drive, advanced driver assistance and cutting-edge technology.",36
2018,9,Model 4,V401,"Luxury seven-seat SUV with 2.5L petrol engine, AWD, panoramic sunroof, leather seats, premium infotainment and exceptional comfort.",36
2018,9,Model 4,V402,"Luxury diesel SUV with terrain management system, electronic parking brake, connected technology and spacious premium cabin.",19
2018,9,Model 4,V403,"Performance SUV featuring a 3.0L turbo petrol engine, adaptive suspension, AWD system and 20-inch alloy wheels.",42
2018,9,Model 4,V404,"Flagship luxury SUV powered by a 3.0L V6 petrol engine, ventilated seats, 360-degree camera, ADAS Level 2 and premium craftsmanship.",16
2018,9,Model 4,V405,"Flagship diesel SUV with air suspension, intelligent AWD, premium leather interior, advanced infotainment and executive comfort.",22
2018,9,Model 4,V406,"Dual-motor electric luxury SUV producing 300 kW, approximately 600 km driving range, ultra-fast charging, autonomous driving features and premium technology.",15
2018,9,Model 4,V407,"Performance electric SUV with dual-motor AWD, sports interior, rapid acceleration, intelligent safety systems and dynamic driving experience.",12
2018,9,Model 4,V408,"Flagship hybrid SUV powered by a 3.5L V6 hybrid engine, captain seats, panoramic glass roof, premium surround audio and comprehensive driver assistance.",11
2018,10,Model 1,V101,"Premium hatchback with a 1.2L petrol engine, 5-speed manual transmission, seating for five, dual airbags, ABS with EBD, LED DRLs, touchscreen infotainment, Apple CarPlay & Android Auto, excellent fuel efficiency and smooth city driving.",13
2018,10,Model 1,V102,"Premium hatchback powered by a 1.2L petrol engine with automatic transmission, reverse camera, cruise control, alloy wheels, automatic climate control and advanced infotainment for comfortable urban travel.",17
2018,10,Model 1,V103,"Mid-size sedan featuring a 1.5L petrol engine, manual transmission, spacious cabin, LED headlamps, rear AC vents, smart key access and balanced performance for everyday driving.",27
2018,10,Model 1,V104,"Premium sedan equipped with a 1.5L petrol engine and CVT automatic transmission, sunroof, wireless charging, connected car technology, six airbags and refined ride comfort.",26
2018,10,Model 2,V201,"Compact SUV powered by a 1.5L turbo diesel engine with manual gearbox, hill hold assist, rear parking sensors, 17-inch alloy wheels and practical family-oriented features.",68
2018,10,Model 2,V202,"Compact diesel SUV with automatic transmission, premium interior, electronic stability control, rear camera, ABS, spacious cabin and comfortable long-distance performance.",88
2018,10,Model 2,V203,"Sporty compact SUV featuring a 1.5L turbo petrol engine, manual transmission, LED lighting, touchscreen navigation and dynamic styling for enthusiastic drivers.",46
2018,10,Model 2,V204,"Compact SUV with turbo petrol engine and automatic transmission, push-button start, automatic climate control, connected vehicle technology and premium comfort.",91
2018,10,Model 2,V205,"Hybrid compact SUV with 1.5L petrol hybrid engine, e-CVT transmission, regenerative braking, outstanding fuel economy, advanced safety systems and intelligent driving assistance.",70
2018,10,Model 2,V206,"All-electric compact SUV producing 150 kW, fast charging support, approximately 450 km driving range, regenerative braking and connected smart mobility features.",83
2018,10,Model 2,V207,"Premium AWD SUV with 2.0L turbo petrol engine, panoramic sunroof, leather upholstery, 360-degree camera, ADAS safety features and luxury interior.",66
2018,10,Model 2,V208,"Premium diesel SUV equipped with AWD, terrain response modes, seven-seat configuration, premium audio system and excellent highway capability.",96
2018,10,Model 2,V209,"Family SUV powered by a 2.0L turbo petrol engine, automatic transmission, digital instrument cluster, connected navigation and spacious seven-seat layout.",101
2018,10,Model 2,V210,"Hybrid family SUV offering advanced driver assistance, adaptive cruise control, premium comfort, efficient hybrid technology and smooth e-CVT transmission.",95
2018,10,Model 3,V301,"Executive sedan with 1.8L petrol engine, premium cabin, manual transmission, projector LED headlamps and elegant styling.",68
2018,10,Model 3,V302,"Executive automatic sedan with leather upholstery, dual-zone climate control, connected infotainment and refined ride quality.",88
2018,10,Model 3,V303,"Performance sedan featuring a 2.0L petrol engine, paddle shifters, sport suspension, 18-inch alloy wheels and responsive handling.",46
2018,10,Model 3,V304,"Luxury hybrid sedan with intelligent safety systems, premium interior, exceptional fuel efficiency and smooth e-CVT performance.",91
2018,10,Model 3,V305,"Performance edition sedan powered by a turbo petrol engine with premium infotainment, sport exhaust, wireless charging and athletic design.",70
2018,10,Model 3,V306,"Executive diesel sedan offering automatic transmission, spacious rear seating, superior ride comfort and long-distance efficiency.",83
2018,10,Model 3,V307,"Luxury petrol sedan with panoramic sunroof, premium leather interior, ten airbags, connected technology and refined driving dynamics.",66
2018,10,Model 3,V308,"Luxury hybrid sedan equipped with adaptive cruise control, ventilated seats, premium sound system and intelligent safety features.",96
2018,10,Model 3,V309,"Electric luxury sedan delivering approximately 550 km range, fast charging capability, connected vehicle platform and premium comfort.",101
2018,10,Model 3,V310,"High-performance dual-motor electric sedan capable of rapid acceleration, all-wheel drive, advanced driver assistance and cutting-edge technology.",95
2018,10,Model 4,V401,"Luxury seven-seat SUV with 2.5L petrol engine, AWD, panoramic sunroof, leather seats, premium infotainment and exceptional comfort.",39
2018,10,Model 4,V402,"Luxury diesel SUV with terrain management system, electronic parking brake, connected technology and spacious premium cabin.",15
2018,10,Model 4,V403,"Performance SUV featuring a 3.0L turbo petrol engine, adaptive suspension, AWD system and 20-inch alloy wheels.",49
2018,10,Model 4,V404,"Flagship luxury SUV powered by a 3.0L V6 petrol engine, ventilated seats, 360-degree camera, ADAS Level 2 and premium craftsmanship.",13
2018,10,Model 4,V405,"Flagship diesel SUV with air suspension, intelligent AWD, premium leather interior, advanced infotainment and executive comfort.",38
2018,10,Model 4,V406,"Dual-motor electric luxury SUV producing 300 kW, approximately 600 km driving range, ultra-fast charging, autonomous driving features and premium technology.",58
2018,10,Model 4,V407,"Performance electric SUV with dual-motor AWD, sports interior, rapid acceleration, intelligent safety systems and dynamic driving experience.",31
2018,10,Model 4,V408,"Flagship hybrid SUV powered by a 3.5L V6 hybrid engine, captain seats, panoramic glass roof, premium surround audio and comprehensive driver assistance.",50
2018,11,Model 1,V101,"Premium hatchback with a 1.2L petrol engine, 5-speed manual transmission, seating for five, dual airbags, ABS with EBD, LED DRLs, touchscreen infotainment, Apple CarPlay & Android Auto, excellent fuel efficiency and smooth city driving.",16
2018,11,Model 1,V102,"Premium hatchback powered by a 1.2L petrol engine with automatic transmission, reverse camera, cruise control, alloy wheels, automatic climate control and advanced infotainment for comfortable urban travel.",8
2018,11,Model 1,V103,"Mid-size sedan featuring a 1.5L petrol engine, manual transmission, spacious cabin, LED headlamps, rear AC vents, smart key access and balanced performance for everyday driving.",10
2018,11,Model 1,V104,"Premium sedan equipped with a 1.5L petrol engine and CVT automatic transmission, sunroof, wireless charging, connected car technology, six airbags and refined ride comfort.",15
2018,11,Model 2,V201,"Compact SUV powered by a 1.5L turbo diesel engine with manual gearbox, hill hold assist, rear parking sensors, 17-inch alloy wheels and practical family-oriented features.",106
2018,11,Model 2,V202,"Compact diesel SUV with automatic transmission, premium interior, electronic stability control, rear camera, ABS, spacious cabin and comfortable long-distance performance.",107
2018,11,Model 2,V203,"Sporty compact SUV featuring a 1.5L turbo petrol engine, manual transmission, LED lighting, touchscreen navigation and dynamic styling for enthusiastic drivers.",33
2018,11,Model 2,V204,"Compact SUV with turbo petrol engine and automatic transmission, push-button start, automatic climate control, connected vehicle technology and premium comfort.",66
2018,11,Model 2,V205,"Hybrid compact SUV with 1.5L petrol hybrid engine, e-CVT transmission, regenerative braking, outstanding fuel economy, advanced safety systems and intelligent driving assistance.",106
2018,11,Model 2,V206,"All-electric compact SUV producing 150 kW, fast charging support, approximately 450 km driving range, regenerative braking and connected smart mobility features.",36
2018,11,Model 2,V207,"Premium AWD SUV with 2.0L turbo petrol engine, panoramic sunroof, leather upholstery, 360-degree camera, ADAS safety features and luxury interior.",53
2018,11,Model 2,V208,"Premium diesel SUV equipped with AWD, terrain response modes, seven-seat configuration, premium audio system and excellent highway capability.",92
2018,11,Model 2,V209,"Family SUV powered by a 2.0L turbo petrol engine, automatic transmission, digital instrument cluster, connected navigation and spacious seven-seat layout.",98
2018,11,Model 2,V210,"Hybrid family SUV offering advanced driver assistance, adaptive cruise control, premium comfort, efficient hybrid technology and smooth e-CVT transmission.",88
2018,11,Model 3,V301,"Executive sedan with 1.8L petrol engine, premium cabin, manual transmission, projector LED headlamps and elegant styling.",106
2018,11,Model 3,V302,"Executive automatic sedan with leather upholstery, dual-zone climate control, connected infotainment and refined ride quality.",107
2018,11,Model 3,V303,"Performance sedan featuring a 2.0L petrol engine, paddle shifters, sport suspension, 18-inch alloy wheels and responsive handling.",33
2018,11,Model 3,V304,"Luxury hybrid sedan with intelligent safety systems, premium interior, exceptional fuel efficiency and smooth e-CVT performance.",66
2018,11,Model 3,V305,"Performance edition sedan powered by a turbo petrol engine with premium infotainment, sport exhaust, wireless charging and athletic design.",106
2018,11,Model 3,V306,"Executive diesel sedan offering automatic transmission, spacious rear seating, superior ride comfort and long-distance efficiency.",36
2018,11,Model 3,V307,"Luxury petrol sedan with panoramic sunroof, premium leather interior, ten airbags, connected technology and refined driving dynamics.",53
2018,11,Model 3,V308,"Luxury hybrid sedan equipped with adaptive cruise control, ventilated seats, premium sound system and intelligent safety features.",92
2018,11,Model 3,V309,"Electric luxury sedan delivering approximately 550 km range, fast charging capability, connected vehicle platform and premium comfort.",98
2018,11,Model 3,V310,"High-performance dual-motor electric sedan capable of rapid acceleration, all-wheel drive, advanced driver assistance and cutting-edge technology.",88
2018,11,Model 4,V401,"Luxury seven-seat SUV with 2.5L petrol engine, AWD, panoramic sunroof, leather seats, premium infotainment and exceptional comfort.",28
2018,11,Model 4,V402,"Luxury diesel SUV with terrain management system, electronic parking brake, connected technology and spacious premium cabin.",22
2018,11,Model 4,V403,"Performance SUV featuring a 3.0L turbo petrol engine, adaptive suspension, AWD system and 20-inch alloy wheels.",48
2018,11,Model 4,V404,"Flagship luxury SUV powered by a 3.0L V6 petrol engine, ventilated seats, 360-degree camera, ADAS Level 2 and premium craftsmanship.",38
2018,11,Model 4,V405,"Flagship diesel SUV with air suspension, intelligent AWD, premium leather interior, advanced infotainment and executive comfort.",51
2018,11,Model 4,V406,"Dual-motor electric luxury SUV producing 300 kW, approximately 600 km driving range, ultra-fast charging, autonomous driving features and premium technology.",42
2018,11,Model 4,V407,"Performance electric SUV with dual-motor AWD, sports interior, rapid acceleration, intelligent safety systems and dynamic driving experience.",16
2018,11,Model 4,V408,"Flagship hybrid SUV powered by a 3.5L V6 hybrid engine, captain seats, panoramic glass roof, premium surround audio and comprehensive driver assistance.",41
2018,12,Model 1,V101,"Premium hatchback with a 1.2L petrol engine, 5-speed manual transmission, seating for five, dual airbags, ABS with EBD, LED DRLs, touchscreen infotainment, Apple CarPlay & Android Auto, excellent fuel efficiency and smooth city driving.",19
2018,12,Model 1,V102,"Premium hatchback powered by a 1.2L petrol engine with automatic transmission, reverse camera, cruise control, alloy wheels, automatic climate control and advanced infotainment for comfortable urban travel.",21
2018,12,Model 1,V103,"Mid-size sedan featuring a 1.5L petrol engine, manual transmission, spacious cabin, LED headlamps, rear AC vents, smart key access and balanced performance for everyday driving.",18
2018,12,Model 1,V104,"Premium sedan equipped with a 1.5L petrol engine and CVT automatic transmission, sunroof, wireless charging, connected car technology, six airbags and refined ride comfort.",18
2018,12,Model 2,V201,"Compact SUV powered by a 1.5L turbo diesel engine with manual gearbox, hill hold assist, rear parking sensors, 17-inch alloy wheels and practical family-oriented features.",44
2018,12,Model 2,V202,"Compact diesel SUV with automatic transmission, premium interior, electronic stability control, rear camera, ABS, spacious cabin and comfortable long-distance performance.",51
2018,12,Model 2,V203,"Sporty compact SUV featuring a 1.5L turbo petrol engine, manual transmission, LED lighting, touchscreen navigation and dynamic styling for enthusiastic drivers.",73
2018,12,Model 2,V204,"Compact SUV with turbo petrol engine and automatic transmission, push-button start, automatic climate control, connected vehicle technology and premium comfort.",84
2018,12,Model 2,V205,"Hybrid compact SUV with 1.5L petrol hybrid engine, e-CVT transmission, regenerative braking, outstanding fuel economy, advanced safety systems and intelligent driving assistance.",95
2018,12,Model 2,V206,"All-electric compact SUV producing 150 kW, fast charging support, approximately 450 km driving range, regenerative braking and connected smart mobility features.",68
2018,12,Model 2,V207,"Premium AWD SUV with 2.0L turbo petrol engine, panoramic sunroof, leather upholstery, 360-degree camera, ADAS safety features and luxury interior.",83
2018,12,Model 2,V208,"Premium diesel SUV equipped with AWD, terrain response modes, seven-seat configuration, premium audio system and excellent highway capability.",102
2018,12,Model 2,V209,"Family SUV powered by a 2.0L turbo petrol engine, automatic transmission, digital instrument cluster, connected navigation and spacious seven-seat layout.",35
2018,12,Model 2,V210,"Hybrid family SUV offering advanced driver assistance, adaptive cruise control, premium comfort, efficient hybrid technology and smooth e-CVT transmission.",90
2018,12,Model 3,V301,"Executive sedan with 1.8L petrol engine, premium cabin, manual transmission, projector LED headlamps and elegant styling.",44
2018,12,Model 3,V302,"Executive automatic sedan with leather upholstery, dual-zone climate control, connected infotainment and refined ride quality.",51
2018,12,Model 3,V303,"Performance sedan featuring a 2.0L petrol engine, paddle shifters, sport suspension, 18-inch alloy wheels and responsive handling.",73
2018,12,Model 3,V304,"Luxury hybrid sedan with intelligent safety systems, premium interior, exceptional fuel efficiency and smooth e-CVT performance.",84
2018,12,Model 3,V305,"Performance edition sedan powered by a turbo petrol engine with premium infotainment, sport exhaust, wireless charging and athletic design.",95
2018,12,Model 3,V306,"Executive diesel sedan offering automatic transmission, spacious rear seating, superior ride comfort and long-distance efficiency.",68
2018,12,Model 3,V307,"Luxury petrol sedan with panoramic sunroof, premium leather interior, ten airbags, connected technology and refined driving dynamics.",83
2018,12,Model 3,V308,"Luxury hybrid sedan equipped with adaptive cruise control, ventilated seats, premium sound system and intelligent safety features.",102
2018,12,Model 3,V309,"Electric luxury sedan delivering approximately 550 km range, fast charging capability, connected vehicle platform and premium comfort.",35
2018,12,Model 3,V310,"High-performance dual-motor electric sedan capable of rapid acceleration, all-wheel drive, advanced driver assistance and cutting-edge technology.",90
2018,12,Model 4,V401,"Luxury seven-seat SUV with 2.5L petrol engine, AWD, panoramic sunroof, leather seats, premium infotainment and exceptional comfort.",16
2018,12,Model 4,V402,"Luxury diesel SUV with terrain management system, electronic parking brake, connected technology and spacious premium cabin.",31
2018,12,Model 4,V403,"Performance SUV featuring a 3.0L turbo petrol engine, adaptive suspension, AWD system and 20-inch alloy wheels.",27
2018,12,Model 4,V404,"Flagship luxury SUV powered by a 3.0L V6 petrol engine, ventilated seats, 360-degree camera, ADAS Level 2 and premium craftsmanship.",31
2018,12,Model 4,V405,"Flagship diesel SUV with air suspension, intelligent AWD, premium leather interior, advanced infotainment and executive comfort.",17
2018,12,Model 4,V406,"Dual-motor electric luxury SUV producing 300 kW, approximately 600 km driving range, ultra-fast charging, autonomous driving features and premium technology.",60
2018,12,Model 4,V407,"Performance electric SUV with dual-motor AWD, sports interior, rapid acceleration, intelligent safety systems and dynamic driving experience.",36
2018,12,Model 4,V408,"Flagship hybrid SUV powered by a 3.5L V6 hybrid engine, captain seats, panoramic glass roof, premium surround audio and comprehensive driver assistance.",44
2019,1,Model 1,V101,"Premium hatchback with a 1.2L petrol engine, 5-speed manual transmission, seating for five, dual airbags, ABS with EBD, LED DRLs, touchscreen infotainment, Apple CarPlay & Android Auto, excellent fuel efficiency and smooth city driving.",6
2019,1,Model 1,V102,"Premium hatchback powered by a 1.2L petrol engine with automatic transmission, reverse camera, cruise control, alloy wheels, automatic climate control and advanced infotainment for comfortable urban travel.",24
2019,1,Model 1,V103,"Mid-size sedan featuring a 1.5L petrol engine, manual transmission, spacious cabin, LED headlamps, rear AC vents, smart key access and balanced performance for everyday driving.",21
2019,1,Model 1,V104,"Premium sedan equipped with a 1.5L petrol engine and CVT automatic transmission, sunroof, wireless charging, connected car technology, six airbags and refined ride comfort.",19
2019,1,Model 2,V201,"Compact SUV powered by a 1.5L turbo diesel engine with manual gearbox, hill hold assist, rear parking sensors, 17-inch alloy wheels and practical family-oriented features.",70
2019,1,Model 2,V202,"Compact diesel SUV with automatic transmission, premium interior, electronic stability control, rear camera, ABS, spacious cabin and comfortable long-distance performance.",31
2019,1,Model 2,V203,"Sporty compact SUV featuring a 1.5L turbo petrol engine, manual transmission, LED lighting, touchscreen navigation and dynamic styling for enthusiastic drivers.",46
2019,1,Model 2,V204,"Compact SUV with turbo petrol engine and automatic transmission, push-button start, automatic climate control, connected vehicle technology and premium comfort.",82
2019,1,Model 2,V205,"Hybrid compact SUV with 1.5L petrol hybrid engine, e-CVT transmission, regenerative braking, outstanding fuel economy, advanced safety systems and intelligent driving assistance.",64
2019,1,Model 2,V206,"All-electric compact SUV producing 150 kW, fast charging support, approximately 450 km driving range, regenerative braking and connected smart mobility features.",93
2019,1,Model 2,V207,"Premium AWD SUV with 2.0L turbo petrol engine, panoramic sunroof, leather upholstery, 360-degree camera, ADAS safety features and luxury interior.",80
2019,1,Model 2,V208,"Premium diesel SUV equipped with AWD, terrain response modes, seven-seat configuration, premium audio system and excellent highway capability.",94
2019,1,Model 2,V209,"Family SUV powered by a 2.0L turbo petrol engine, automatic transmission, digital instrument cluster, connected navigation and spacious seven-seat layout.",73
2019,1,Model 2,V210,"Hybrid family SUV offering advanced driver assistance, adaptive cruise control, premium comfort, efficient hybrid technology and smooth e-CVT transmission.",31
2019,1,Model 3,V301,"Executive sedan with 1.8L petrol engine, premium cabin, manual transmission, projector LED headlamps and elegant styling.",70
2019,1,Model 3,V302,"Executive automatic sedan with leather upholstery, dual-zone climate control, connected infotainment and refined ride quality.",31
2019,1,Model 3,V303,"Performance sedan featuring a 2.0L petrol engine, paddle shifters, sport suspension, 18-inch alloy wheels and responsive handling.",46
2019,1,Model 3,V304,"Luxury hybrid sedan with intelligent safety systems, premium interior, exceptional fuel efficiency and smooth e-CVT performance.",82
2019,1,Model 3,V305,"Performance edition sedan powered by a turbo petrol engine with premium infotainment, sport exhaust, wireless charging and athletic design.",64
2019,1,Model 3,V306,"Executive diesel sedan offering automatic transmission, spacious rear seating, superior ride comfort and long-distance efficiency.",93
2019,1,Model 3,V307,"Luxury petrol sedan with panoramic sunroof, premium leather interior, ten airbags, connected technology and refined driving dynamics.",80
2019,1,Model 3,V308,"Luxury hybrid sedan equipped with adaptive cruise control, ventilated seats, premium sound system and intelligent safety features.",94
2019,1,Model 3,V309,"Electric luxury sedan delivering approximately 550 km range, fast charging capability, connected vehicle platform and premium comfort.",73
2019,1,Model 3,V310,"High-performance dual-motor electric sedan capable of rapid acceleration, all-wheel drive, advanced driver assistance and cutting-edge technology.",31
2019,1,Model 4,V401,"Luxury seven-seat SUV with 2.5L petrol engine, AWD, panoramic sunroof, leather seats, premium infotainment and exceptional comfort.",19
2019,1,Model 4,V402,"Luxury diesel SUV with terrain management system, electronic parking brake, connected technology and spacious premium cabin.",23
2019,1,Model 4,V403,"Performance SUV featuring a 3.0L turbo petrol engine, adaptive suspension, AWD system and 20-inch alloy wheels.",38
2019,1,Model 4,V404,"Flagship luxury SUV powered by a 3.0L V6 petrol engine, ventilated seats, 360-degree camera, ADAS Level 2 and premium craftsmanship.",15
2019,1,Model 4,V405,"Flagship diesel SUV with air suspension, intelligent AWD, premium leather interior, advanced infotainment and executive comfort.",24
2019,1,Model 4,V406,"Dual-motor electric luxury SUV producing 300 kW, approximately 600 km driving range, ultra-fast charging, autonomous driving features and premium technology.",32
2019,1,Model 4,V407,"Performance electric SUV with dual-motor AWD, sports interior, rapid acceleration, intelligent safety systems and dynamic driving experience.",46
2019,1,Model 4,V408,"Flagship hybrid SUV powered by a 3.5L V6 hybrid engine, captain seats, panoramic glass roof, premium surround audio and comprehensive driver assistance.",35
2019,2,Model 1,V101,"Premium hatchback with a 1.2L petrol engine, 5-speed manual transmission, seating for five, dual airbags, ABS with EBD, LED DRLs, touchscreen infotainment, Apple CarPlay & Android Auto, excellent fuel efficiency and smooth city driving.",9
2019,2,Model 1,V102,"Premium hatchback powered by a 1.2L petrol engine with automatic transmission, reverse camera, cruise control, alloy wheels, automatic climate control and advanced infotainment for comfortable urban travel.",7
2019,2,Model 1,V103,"Mid-size sedan featuring a 1.5L petrol engine, manual transmission, spacious cabin, LED headlamps, rear AC vents, smart key access and balanced performance for everyday driving.",23
2019,2,Model 1,V104,"Premium sedan equipped with a 1.5L petrol engine and CVT automatic transmission, sunroof, wireless charging, connected car technology, six airbags and refined ride comfort.",23
2019,2,Model 2,V201,"Compact SUV powered by a 1.5L turbo diesel engine with manual gearbox, hill hold assist, rear parking sensors, 17-inch alloy wheels and practical family-oriented features.",51
2019,2,Model 2,V202,"Compact diesel SUV with automatic transmission, premium interior, electronic stability control, rear camera, ABS, spacious cabin and comfortable long-distance performance.",42
2019,2,Model 2,V203,"Sporty compact SUV featuring a 1.5L turbo petrol engine, manual transmission, LED lighting, touchscreen navigation and dynamic styling for enthusiastic drivers.",59
2019,2,Model 2,V204,"Compact SUV with turbo petrol engine and automatic transmission, push-button start, automatic climate control, connected vehicle technology and premium comfort.",85
2019,2,Model 2,V205,"Hybrid compact SUV with 1.5L petrol hybrid engine, e-CVT transmission, regenerative braking, outstanding fuel economy, advanced safety systems and intelligent driving assistance.",27
2019,2,Model 2,V206,"All-electric compact SUV producing 150 kW, fast charging support, approximately 450 km driving range, regenerative braking and connected smart mobility features.",85
2019,2,Model 2,V207,"Premium AWD SUV with 2.0L turbo petrol engine, panoramic sunroof, leather upholstery, 360-degree camera, ADAS safety features and luxury interior.",70
2019,2,Model 2,V208,"Premium diesel SUV equipped with AWD, terrain response modes, seven-seat configuration, premium audio system and excellent highway capability.",35
2019,2,Model 2,V209,"Family SUV powered by a 2.0L turbo petrol engine, automatic transmission, digital instrument cluster, connected navigation and spacious seven-seat layout.",50
2019,2,Model 2,V210,"Hybrid family SUV offering advanced driver assistance, adaptive cruise control, premium comfort, efficient hybrid technology and smooth e-CVT transmission.",38
2019,2,Model 3,V301,"Executive sedan with 1.8L petrol engine, premium cabin, manual transmission, projector LED headlamps and elegant styling.",51
2019,2,Model 3,V302,"Executive automatic sedan with leather upholstery, dual-zone climate control, connected infotainment and refined ride quality.",42
2019,2,Model 3,V303,"Performance sedan featuring a 2.0L petrol engine, paddle shifters, sport suspension, 18-inch alloy wheels and responsive handling.",59
2019,2,Model 3,V304,"Luxury hybrid sedan with intelligent safety systems, premium interior, exceptional fuel efficiency and smooth e-CVT performance.",85
2019,2,Model 3,V305,"Performance edition sedan powered by a turbo petrol engine with premium infotainment, sport exhaust, wireless charging and athletic design.",27
2019,2,Model 3,V306,"Executive diesel sedan offering automatic transmission, spacious rear seating, superior ride comfort and long-distance efficiency.",85
2019,2,Model 3,V307,"Luxury petrol sedan with panoramic sunroof, premium leather interior, ten airbags, connected technology and refined driving dynamics.",70
2019,2,Model 3,V308,"Luxury hybrid sedan equipped with adaptive cruise control, ventilated seats, premium sound system and intelligent safety features.",35
2019,2,Model 3,V309,"Electric luxury sedan delivering approximately 550 km range, fast charging capability, connected vehicle platform and premium comfort.",50
2019,2,Model 3,V310,"High-performance dual-motor electric sedan capable of rapid acceleration, all-wheel drive, advanced driver assistance and cutting-edge technology.",38
2019,2,Model 4,V401,"Luxury seven-seat SUV with 2.5L petrol engine, AWD, panoramic sunroof, leather seats, premium infotainment and exceptional comfort.",33
2019,2,Model 4,V402,"Luxury diesel SUV with terrain management system, electronic parking brake, connected technology and spacious premium cabin.",15
2019,2,Model 4,V403,"Performance SUV featuring a 3.0L turbo petrol engine, adaptive suspension, AWD system and 20-inch alloy wheels.",43
2019,2,Model 4,V404,"Flagship luxury SUV powered by a 3.0L V6 petrol engine, ventilated seats, 360-degree camera, ADAS Level 2 and premium craftsmanship.",17
2019,2,Model 4,V405,"Flagship diesel SUV with air suspension, intelligent AWD, premium leather interior, advanced infotainment and executive comfort.",35
2019,2,Model 4,V406,"Dual-motor electric luxury SUV producing 300 kW, approximately 600 km driving range, ultra-fast charging, autonomous driving features and premium technology.",47
2019,2,Model 4,V407,"Performance electric SUV with dual-motor AWD, sports interior, rapid acceleration, intelligent safety systems and dynamic driving experience.",24
2019,2,Model 4,V408,"Flagship hybrid SUV powered by a 3.5L V6 hybrid engine, captain seats, panoramic glass roof, premium surround audio and comprehensive driver assistance.",36
2019,3,Model 1,V101,"Premium hatchback with a 1.2L petrol engine, 5-speed manual transmission, seating for five, dual airbags, ABS with EBD, LED DRLs, touchscreen infotainment, Apple CarPlay & Android Auto, excellent fuel efficiency and smooth city driving.",32
2019,3,Model 1,V102,"Premium hatchback powered by a 1.2L petrol engine with automatic transmission, reverse camera, cruise control, alloy wheels, automatic climate control and advanced infotainment for comfortable urban travel.",17
2019,3,Model 1,V103,"Mid-size sedan featuring a 1.5L petrol engine, manual transmission, spacious cabin, LED headlamps, rear AC vents, smart key access and balanced performance for everyday driving.",22
2019,3,Model 1,V104,"Premium sedan equipped with a 1.5L petrol engine and CVT automatic transmission, sunroof, wireless charging, connected car technology, six airbags and refined ride comfort.",24
2019,3,Model 2,V201,"Compact SUV powered by a 1.5L turbo diesel engine with manual gearbox, hill hold assist, rear parking sensors, 17-inch alloy wheels and practical family-oriented features.",96
2019,3,Model 2,V202,"Compact diesel SUV with automatic transmission, premium interior, electronic stability control, rear camera, ABS, spacious cabin and comfortable long-distance performance.",65
2019,3,Model 2,V203,"Sporty compact SUV featuring a 1.5L turbo petrol engine, manual transmission, LED lighting, touchscreen navigation and dynamic styling for enthusiastic drivers.",94
2019,3,Model 2,V204,"Compact SUV with turbo petrol engine and automatic transmission, push-button start, automatic climate control, connected vehicle technology and premium comfort.",107
2019,3,Model 2,V205,"Hybrid compact SUV with 1.5L petrol hybrid engine, e-CVT transmission, regenerative braking, outstanding fuel economy, advanced safety systems and intelligent driving assistance.",51
2019,3,Model 2,V206,"All-electric compact SUV producing 150 kW, fast charging support, approximately 450 km driving range, regenerative braking and connected smart mobility features.",84
2019,3,Model 2,V207,"Premium AWD SUV with 2.0L turbo petrol engine, panoramic sunroof, leather upholstery, 360-degree camera, ADAS safety features and luxury interior.",57
2019,3,Model 2,V208,"Premium diesel SUV equipped with AWD, terrain response modes, seven-seat configuration, premium audio system and excellent highway capability.",113
2019,3,Model 2,V209,"Family SUV powered by a 2.0L turbo petrol engine, automatic transmission, digital instrument cluster, connected navigation and spacious seven-seat layout.",101
2019,3,Model 2,V210,"Hybrid family SUV offering advanced driver assistance, adaptive cruise control, premium comfort, efficient hybrid technology and smooth e-CVT transmission.",50
2019,3,Model 3,V301,"Executive sedan with 1.8L petrol engine, premium cabin, manual transmission, projector LED headlamps and elegant styling.",96
2019,3,Model 3,V302,"Executive automatic sedan with leather upholstery, dual-zone climate control, connected infotainment and refined ride quality.",65
2019,3,Model 3,V303,"Performance sedan featuring a 2.0L petrol engine, paddle shifters, sport suspension, 18-inch alloy wheels and responsive handling.",94
2019,3,Model 3,V304,"Luxury hybrid sedan with intelligent safety systems, premium interior, exceptional fuel efficiency and smooth e-CVT performance.",107
2019,3,Model 3,V305,"Performance edition sedan powered by a turbo petrol engine with premium infotainment, sport exhaust, wireless charging and athletic design.",51
2019,3,Model 3,V306,"Executive diesel sedan offering automatic transmission, spacious rear seating, superior ride comfort and long-distance efficiency.",84
2019,3,Model 3,V307,"Luxury petrol sedan with panoramic sunroof, premium leather interior, ten airbags, connected technology and refined driving dynamics.",57
2019,3,Model 3,V308,"Luxury hybrid sedan equipped with adaptive cruise control, ventilated seats, premium sound system and intelligent safety features.",113
2019,3,Model 3,V309,"Electric luxury sedan delivering approximately 550 km range, fast charging capability, connected vehicle platform and premium comfort.",101
2019,3,Model 3,V310,"High-performance dual-motor electric sedan capable of rapid acceleration, all-wheel drive, advanced driver assistance and cutting-edge technology.",50
2019,3,Model 4,V401,"Luxury seven-seat SUV with 2.5L petrol engine, AWD, panoramic sunroof, leather seats, premium infotainment and exceptional comfort.",15
2019,3,Model 4,V402,"Luxury diesel SUV with terrain management system, electronic parking brake, connected technology and spacious premium cabin.",29
2019,3,Model 4,V403,"Performance SUV featuring a 3.0L turbo petrol engine, adaptive suspension, AWD system and 20-inch alloy wheels.",63
2019,3,Model 4,V404,"Flagship luxury SUV powered by a 3.0L V6 petrol engine, ventilated seats, 360-degree camera, ADAS Level 2 and premium craftsmanship.",39
2019,3,Model 4,V405,"Flagship diesel SUV with air suspension, intelligent AWD, premium leather interior, advanced infotainment and executive comfort.",33
2019,3,Model 4,V406,"Dual-motor electric luxury SUV producing 300 kW, approximately 600 km driving range, ultra-fast charging, autonomous driving features and premium technology.",64
2019,3,Model 4,V407,"Performance electric SUV with dual-motor AWD, sports interior, rapid acceleration, intelligent safety systems and dynamic driving experience.",45
2019,3,Model 4,V408,"Flagship hybrid SUV powered by a 3.5L V6 hybrid engine, captain seats, panoramic glass roof, premium surround audio and comprehensive driver assistance.",29
2019,4,Model 1,V101,"Premium hatchback with a 1.2L petrol engine, 5-speed manual transmission, seating for five, dual airbags, ABS with EBD, LED DRLs, touchscreen infotainment, Apple CarPlay & Android Auto, excellent fuel efficiency and smooth city driving.",8
2019,4,Model 1,V102,"Premium hatchback powered by a 1.2L petrol engine with automatic transmission, reverse camera, cruise control, alloy wheels, automatic climate control and advanced infotainment for comfortable urban travel.",18
2019,4,Model 1,V103,"Mid-size sedan featuring a 1.5L petrol engine, manual transmission, spacious cabin, LED headlamps, rear AC vents, smart key access and balanced performance for everyday driving.",18
2019,4,Model 1,V104,"Premium sedan equipped with a 1.5L petrol engine and CVT automatic transmission, sunroof, wireless charging, connected car technology, six airbags and refined ride comfort.",28
2019,4,Model 2,V201,"Compact SUV powered by a 1.5L turbo diesel engine with manual gearbox, hill hold assist, rear parking sensors, 17-inch alloy wheels and practical family-oriented features.",111
2019,4,Model 2,V202,"Compact diesel SUV with automatic transmission, premium interior, electronic stability control, rear camera, ABS, spacious cabin and comfortable long-distance performance.",98
2019,4,Model 2,V203,"Sporty compact SUV featuring a 1.5L turbo petrol engine, manual transmission, LED lighting, touchscreen navigation and dynamic styling for enthusiastic drivers.",52
2019,4,Model 2,V204,"Compact SUV with turbo petrol engine and automatic transmission, push-button start, automatic climate control, connected vehicle technology and premium comfort.",93
2019,4,Model 2,V205,"Hybrid compact SUV with 1.5L petrol hybrid engine, e-CVT transmission, regenerative braking, outstanding fuel economy, advanced safety systems and intelligent driving assistance.",105
2019,4,Model 2,V206,"All-electric compact SUV producing 150 kW, fast charging support, approximately 450 km driving range, regenerative braking and connected smart mobility features.",97
2019,4,Model 2,V207,"Premium AWD SUV with 2.0L turbo petrol engine, panoramic sunroof, leather upholstery, 360-degree camera, ADAS safety features and luxury interior.",78
2019,4,Model 2,V208,"Premium diesel SUV equipped with AWD, terrain response modes, seven-seat configuration, premium audio system and excellent highway capability.",77
2019,4,Model 2,V209,"Family SUV powered by a 2.0L turbo petrol engine, automatic transmission, digital instrument cluster, connected navigation and spacious seven-seat layout.",107
2019,4,Model 2,V210,"Hybrid family SUV offering advanced driver assistance, adaptive cruise control, premium comfort, efficient hybrid technology and smooth e-CVT transmission.",106
2019,4,Model 3,V301,"Executive sedan with 1.8L petrol engine, premium cabin, manual transmission, projector LED headlamps and elegant styling.",111
2019,4,Model 3,V302,"Executive automatic sedan with leather upholstery, dual-zone climate control, connected infotainment and refined ride quality.",98
2019,4,Model 3,V303,"Performance sedan featuring a 2.0L petrol engine, paddle shifters, sport suspension, 18-inch alloy wheels and responsive handling.",52
2019,4,Model 3,V304,"Luxury hybrid sedan with intelligent safety systems, premium interior, exceptional fuel efficiency and smooth e-CVT performance.",93
2019,4,Model 3,V305,"Performance edition sedan powered by a turbo petrol engine with premium infotainment, sport exhaust, wireless charging and athletic design.",105
2019,4,Model 3,V306,"Executive diesel sedan offering automatic transmission, spacious rear seating, superior ride comfort and long-distance efficiency.",97
2019,4,Model 3,V307,"Luxury petrol sedan with panoramic sunroof, premium leather interior, ten airbags, connected technology and refined driving dynamics.",78
2019,4,Model 3,V308,"Luxury hybrid sedan equipped with adaptive cruise control, ventilated seats, premium sound system and intelligent safety features.",77
2019,4,Model 3,V309,"Electric luxury sedan delivering approximately 550 km range, fast charging capability, connected vehicle platform and premium comfort.",107
2019,4,Model 3,V310,"High-performance dual-motor electric sedan capable of rapid acceleration, all-wheel drive, advanced driver assistance and cutting-edge technology.",106
2019,4,Model 4,V401,"Luxury seven-seat SUV with 2.5L petrol engine, AWD, panoramic sunroof, leather seats, premium infotainment and exceptional comfort.",36
2019,4,Model 4,V402,"Luxury diesel SUV with terrain management system, electronic parking brake, connected technology and spacious premium cabin.",41
2019,4,Model 4,V403,"Performance SUV featuring a 3.0L turbo petrol engine, adaptive suspension, AWD system and 20-inch alloy wheels.",32
2019,4,Model 4,V404,"Flagship luxury SUV powered by a 3.0L V6 petrol engine, ventilated seats, 360-degree camera, ADAS Level 2 and premium craftsmanship.",23
2019,4,Model 4,V405,"Flagship diesel SUV with air suspension, intelligent AWD, premium leather interior, advanced infotainment and executive comfort.",58
2019,4,Model 4,V406,"Dual-motor electric luxury SUV producing 300 kW, approximately 600 km driving range, ultra-fast charging, autonomous driving features and premium technology.",27
2019,4,Model 4,V407,"Performance electric SUV with dual-motor AWD, sports interior, rapid acceleration, intelligent safety systems and dynamic driving experience.",49
2019,4,Model 4,V408,"Flagship hybrid SUV powered by a 3.5L V6 hybrid engine, captain seats, panoramic glass roof, premium surround audio and comprehensive driver assistance.",37
2019,5,Model 1,V101,"Premium hatchback with a 1.2L petrol engine, 5-speed manual transmission, seating for five, dual airbags, ABS with EBD, LED DRLs, touchscreen infotainment, Apple CarPlay & Android Auto, excellent fuel efficiency and smooth city driving.",15
2019,5,Model 1,V102,"Premium hatchback powered by a 1.2L petrol engine with automatic transmission, reverse camera, cruise control, alloy wheels, automatic climate control and advanced infotainment for comfortable urban travel.",22
2019,5,Model 1,V103,"Mid-size sedan featuring a 1.5L petrol engine, manual transmission, spacious cabin, LED headlamps, rear AC vents, smart key access and balanced performance for everyday driving.",9
2019,5,Model 1,V104,"Premium sedan equipped with a 1.5L petrol engine and CVT automatic transmission, sunroof, wireless charging, connected car technology, six airbags and refined ride comfort.",19
2019,5,Model 2,V201,"Compact SUV powered by a 1.5L turbo diesel engine with manual gearbox, hill hold assist, rear parking sensors, 17-inch alloy wheels and practical family-oriented features.",96
2019,5,Model 2,V202,"Compact diesel SUV with automatic transmission, premium interior, electronic stability control, rear camera, ABS, spacious cabin and comfortable long-distance performance.",84
2019,5,Model 2,V203,"Sporty compact SUV featuring a 1.5L turbo petrol engine, manual transmission, LED lighting, touchscreen navigation and dynamic styling for enthusiastic drivers.",84
2019,5,Model 2,V204,"Compact SUV with turbo petrol engine and automatic transmission, push-button start, automatic climate control, connected vehicle technology and premium comfort.",52
2019,5,Model 2,V205,"Hybrid compact SUV with 1.5L petrol hybrid engine, e-CVT transmission, regenerative braking, outstanding fuel economy, advanced safety systems and intelligent driving assistance.",99
2019,5,Model 2,V206,"All-electric compact SUV producing 150 kW, fast charging support, approximately 450 km driving range, regenerative braking and connected smart mobility features.",37
2019,5,Model 2,V207,"Premium AWD SUV with 2.0L turbo petrol engine, panoramic sunroof, leather upholstery, 360-degree camera, ADAS safety features and luxury interior.",49
2019,5,Model 2,V208,"Premium diesel SUV equipped with AWD, terrain response modes, seven-seat configuration, premium audio system and excellent highway capability.",100
2019,5,Model 2,V209,"Family SUV powered by a 2.0L turbo petrol engine, automatic transmission, digital instrument cluster, connected navigation and spacious seven-seat layout.",112
2019,5,Model 2,V210,"Hybrid family SUV offering advanced driver assistance, adaptive cruise control, premium comfort, efficient hybrid technology and smooth e-CVT transmission.",76
2019,5,Model 3,V301,"Executive sedan with 1.8L petrol engine, premium cabin, manual transmission, projector LED headlamps and elegant styling.",96
2019,5,Model 3,V302,"Executive automatic sedan with leather upholstery, dual-zone climate control, connected infotainment and refined ride quality.",84
2019,5,Model 3,V303,"Performance sedan featuring a 2.0L petrol engine, paddle shifters, sport suspension, 18-inch alloy wheels and responsive handling.",84
2019,5,Model 3,V304,"Luxury hybrid sedan with intelligent safety systems, premium interior, exceptional fuel efficiency and smooth e-CVT performance.",52
2019,5,Model 3,V305,"Performance edition sedan powered by a turbo petrol engine with premium infotainment, sport exhaust, wireless charging and athletic design.",99
2019,5,Model 3,V306,"Executive diesel sedan offering automatic transmission, spacious rear seating, superior ride comfort and long-distance efficiency.",37
2019,5,Model 3,V307,"Luxury petrol sedan with panoramic sunroof, premium leather interior, ten airbags, connected technology and refined driving dynamics.",49
2019,5,Model 3,V308,"Luxury hybrid sedan equipped with adaptive cruise control, ventilated seats, premium sound system and intelligent safety features.",100
2019,5,Model 3,V309,"Electric luxury sedan delivering approximately 550 km range, fast charging capability, connected vehicle platform and premium comfort.",112
2019,5,Model 3,V310,"High-performance dual-motor electric sedan capable of rapid acceleration, all-wheel drive, advanced driver assistance and cutting-edge technology.",76
2019,5,Model 4,V401,"Luxury seven-seat SUV with 2.5L petrol engine, AWD, panoramic sunroof, leather seats, premium infotainment and exceptional comfort.",17
2019,5,Model 4,V402,"Luxury diesel SUV with terrain management system, electronic parking brake, connected technology and spacious premium cabin.",40
2019,5,Model 4,V403,"Performance SUV featuring a 3.0L turbo petrol engine, adaptive suspension, AWD system and 20-inch alloy wheels.",17
2019,5,Model 4,V404,"Flagship luxury SUV powered by a 3.0L V6 petrol engine, ventilated seats, 360-degree camera, ADAS Level 2 and premium craftsmanship.",46
2019,5,Model 4,V405,"Flagship diesel SUV with air suspension, intelligent AWD, premium leather interior, advanced infotainment and executive comfort.",41
2019,5,Model 4,V406,"Dual-motor electric luxury SUV producing 300 kW, approximately 600 km driving range, ultra-fast charging, autonomous driving features and premium technology.",11
2019,5,Model 4,V407,"Performance electric SUV with dual-motor AWD, sports interior, rapid acceleration, intelligent safety systems and dynamic driving experience.",59
2019,5,Model 4,V408,"Flagship hybrid SUV powered by a 3.5L V6 hybrid engine, captain seats, panoramic glass roof, premium surround audio and comprehensive driver assistance.",20
2019,6,Model 1,V101,"Premium hatchback with a 1.2L petrol engine, 5-speed manual transmission, seating for five, dual airbags, ABS with EBD, LED DRLs, touchscreen infotainment, Apple CarPlay & Android Auto, excellent fuel efficiency and smooth city driving.",17
2019,6,Model 1,V102,"Premium hatchback powered by a 1.2L petrol engine with automatic transmission, reverse camera, cruise control, alloy wheels, automatic climate control and advanced infotainment for comfortable urban travel.",24
2019,6,Model 1,V103,"Mid-size sedan featuring a 1.5L petrol engine, manual transmission, spacious cabin, LED headlamps, rear AC vents, smart key access and balanced performance for everyday driving.",10
2019,6,Model 1,V104,"Premium sedan equipped with a 1.5L petrol engine and CVT automatic transmission, sunroof, wireless charging, connected car technology, six airbags and refined ride comfort.",8
2019,6,Model 2,V201,"Compact SUV powered by a 1.5L turbo diesel engine with manual gearbox, hill hold assist, rear parking sensors, 17-inch alloy wheels and practical family-oriented features.",76
2019,6,Model 2,V202,"Compact diesel SUV with automatic transmission, premium interior, electronic stability control, rear camera, ABS, spacious cabin and comfortable long-distance performance.",54
2019,6,Model 2,V203,"Sporty compact SUV featuring a 1.5L turbo petrol engine, manual transmission, LED lighting, touchscreen navigation and dynamic styling for enthusiastic drivers.",62
2019,6,Model 2,V204,"Compact SUV with turbo petrol engine and automatic transmission, push-button start, automatic climate control, connected vehicle technology and premium comfort.",93
2019,6,Model 2,V205,"Hybrid compact SUV with 1.5L petrol hybrid engine, e-CVT transmission, regenerative braking, outstanding fuel economy, advanced safety systems and intelligent driving assistance.",68
2019,6,Model 2,V206,"All-electric compact SUV producing 150 kW, fast charging support, approximately 450 km driving range, regenerative braking and connected smart mobility features.",34
2019,6,Model 2,V207,"Premium AWD SUV with 2.0L turbo petrol engine, panoramic sunroof, leather upholstery, 360-degree camera, ADAS safety features and luxury interior.",61
2019,6,Model 2,V208,"Premium diesel SUV equipped with AWD, terrain response modes, seven-seat configuration, premium audio system and excellent highway capability.",83
2019,6,Model 2,V209,"Family SUV powered by a 2.0L turbo petrol engine, automatic transmission, digital instrument cluster, connected navigation and spacious seven-seat layout.",67
2019,6,Model 2,V210,"Hybrid family SUV offering advanced driver assistance, adaptive cruise control, premium comfort, efficient hybrid technology and smooth e-CVT transmission.",60
2019,6,Model 3,V301,"Executive sedan with 1.8L petrol engine, premium cabin, manual transmission, projector LED headlamps and elegant styling.",76
2019,6,Model 3,V302,"Executive automatic sedan with leather upholstery, dual-zone climate control, connected infotainment and refined ride quality.",54
2019,6,Model 3,V303,"Performance sedan featuring a 2.0L petrol engine, paddle shifters, sport suspension, 18-inch alloy wheels and responsive handling.",62
2019,6,Model 3,V304,"Luxury hybrid sedan with intelligent safety systems, premium interior, exceptional fuel efficiency and smooth e-CVT performance.",93
2019,6,Model 3,V305,"Performance edition sedan powered by a turbo petrol engine with premium infotainment, sport exhaust, wireless charging and athletic design.",68
2019,6,Model 3,V306,"Executive diesel sedan offering automatic transmission, spacious rear seating, superior ride comfort and long-distance efficiency.",34
2019,6,Model 3,V307,"Luxury petrol sedan with panoramic sunroof, premium leather interior, ten airbags, connected technology and refined driving dynamics.",61
2019,6,Model 3,V308,"Luxury hybrid sedan equipped with adaptive cruise control, ventilated seats, premium sound system and intelligent safety features.",83
2019,6,Model 3,V309,"Electric luxury sedan delivering approximately 550 km range, fast charging capability, connected vehicle platform and premium comfort.",67
2019,6,Model 3,V310,"High-performance dual-motor electric sedan capable of rapid acceleration, all-wheel drive, advanced driver assistance and cutting-edge technology.",60
2019,6,Model 4,V401,"Luxury seven-seat SUV with 2.5L petrol engine, AWD, panoramic sunroof, leather seats, premium infotainment and exceptional comfort.",42
2019,6,Model 4,V402,"Luxury diesel SUV with terrain management system, electronic parking brake, connected technology and spacious premium cabin.",47
2019,6,Model 4,V403,"Performance SUV featuring a 3.0L turbo petrol engine, adaptive suspension, AWD system and 20-inch alloy wheels.",50
2019,6,Model 4,V404,"Flagship luxury SUV powered by a 3.0L V6 petrol engine, ventilated seats, 360-degree camera, ADAS Level 2 and premium craftsmanship.",35
2019,6,Model 4,V405,"Flagship diesel SUV with air suspension, intelligent AWD, premium leather interior, advanced infotainment and executive comfort.",38
2019,6,Model 4,V406,"Dual-motor electric luxury SUV producing 300 kW, approximately 600 km driving range, ultra-fast charging, autonomous driving features and premium technology.",10
2019,6,Model 4,V407,"Performance electric SUV with dual-motor AWD, sports interior, rapid acceleration, intelligent safety systems and dynamic driving experience.",42
2019,6,Model 4,V408,"Flagship hybrid SUV powered by a 3.5L V6 hybrid engine, captain seats, panoramic glass roof, premium surround audio and comprehensive driver assistance.",12
2019,7,Model 1,V101,"Premium hatchback with a 1.2L petrol engine, 5-speed manual transmission, seating for five, dual airbags, ABS with EBD, LED DRLs, touchscreen infotainment, Apple CarPlay & Android Auto, excellent fuel efficiency and smooth city driving.",10
2019,7,Model 1,V102,"Premium hatchback powered by a 1.2L petrol engine with automatic transmission, reverse camera, cruise control, alloy wheels, automatic climate control and advanced infotainment for comfortable urban travel.",19
2019,7,Model 1,V103,"Mid-size sedan featuring a 1.5L petrol engine, manual transmission, spacious cabin, LED headlamps, rear AC vents, smart key access and balanced performance for everyday driving.",20
2019,7,Model 1,V104,"Premium sedan equipped with a 1.5L petrol engine and CVT automatic transmission, sunroof, wireless charging, connected car technology, six airbags and refined ride comfort.",11
2019,7,Model 2,V201,"Compact SUV powered by a 1.5L turbo diesel engine with manual gearbox, hill hold assist, rear parking sensors, 17-inch alloy wheels and practical family-oriented features.",40
2019,7,Model 2,V202,"Compact diesel SUV with automatic transmission, premium interior, electronic stability control, rear camera, ABS, spacious cabin and comfortable long-distance performance.",28
2019,7,Model 2,V203,"Sporty compact SUV featuring a 1.5L turbo petrol engine, manual transmission, LED lighting, touchscreen navigation and dynamic styling for enthusiastic drivers.",58
2019,7,Model 2,V204,"Compact SUV with turbo petrol engine and automatic transmission, push-button start, automatic climate control, connected vehicle technology and premium comfort.",29
2019,7,Model 2,V205,"Hybrid compact SUV with 1.5L petrol hybrid engine, e-CVT transmission, regenerative braking, outstanding fuel economy, advanced safety systems and intelligent driving assistance.",29
2019,7,Model 2,V206,"All-electric compact SUV producing 150 kW, fast charging support, approximately 450 km driving range, regenerative braking and connected smart mobility features.",59
2019,7,Model 2,V207,"Premium AWD SUV with 2.0L turbo petrol engine, panoramic sunroof, leather upholstery, 360-degree camera, ADAS safety features and luxury interior.",35
2019,7,Model 2,V208,"Premium diesel SUV equipped with AWD, terrain response modes, seven-seat configuration, premium audio system and excellent highway capability.",46
2019,7,Model 2,V209,"Family SUV powered by a 2.0L turbo petrol engine, automatic transmission, digital instrument cluster, connected navigation and spacious seven-seat layout.",23
2019,7,Model 2,V210,"Hybrid family SUV offering advanced driver assistance, adaptive cruise control, premium comfort, efficient hybrid technology and smooth e-CVT transmission.",24
2019,7,Model 3,V301,"Executive sedan with 1.8L petrol engine, premium cabin, manual transmission, projector LED headlamps and elegant styling.",40
2019,7,Model 3,V302,"Executive automatic sedan with leather upholstery, dual-zone climate control, connected infotainment and refined ride quality.",28
2019,7,Model 3,V303,"Performance sedan featuring a 2.0L petrol engine, paddle shifters, sport suspension, 18-inch alloy wheels and responsive handling.",58
2019,7,Model 3,V304,"Luxury hybrid sedan with intelligent safety systems, premium interior, exceptional fuel efficiency and smooth e-CVT performance.",29
2019,7,Model 3,V305,"Performance edition sedan powered by a turbo petrol engine with premium infotainment, sport exhaust, wireless charging and athletic design.",29
2019,7,Model 3,V306,"Executive diesel sedan offering automatic transmission, spacious rear seating, superior ride comfort and long-distance efficiency.",59
2019,7,Model 3,V307,"Luxury petrol sedan with panoramic sunroof, premium leather interior, ten airbags, connected technology and refined driving dynamics.",35
2019,7,Model 3,V308,"Luxury hybrid sedan equipped with adaptive cruise control, ventilated seats, premium sound system and intelligent safety features.",46
2019,7,Model 3,V309,"Electric luxury sedan delivering approximately 550 km range, fast charging capability, connected vehicle platform and premium comfort.",23
2019,7,Model 3,V310,"High-performance dual-motor electric sedan capable of rapid acceleration, all-wheel drive, advanced driver assistance and cutting-edge technology.",24
2019,7,Model 4,V401,"Luxury seven-seat SUV with 2.5L petrol engine, AWD, panoramic sunroof, leather seats, premium infotainment and exceptional comfort.",21
2019,7,Model 4,V402,"Luxury diesel SUV with terrain management system, electronic parking brake, connected technology and spacious premium cabin.",9
2019,7,Model 4,V403,"Performance SUV featuring a 3.0L turbo petrol engine, adaptive suspension, AWD system and 20-inch alloy wheels.",19
2019,7,Model 4,V404,"Flagship luxury SUV powered by a 3.0L V6 petrol engine, ventilated seats, 360-degree camera, ADAS Level 2 and premium craftsmanship.",22
2019,7,Model 4,V405,"Flagship diesel SUV with air suspension, intelligent AWD, premium leather interior, advanced infotainment and executive comfort.",23
2019,7,Model 4,V406,"Dual-motor electric luxury SUV producing 300 kW, approximately 600 km driving range, ultra-fast charging, autonomous driving features and premium technology.",26
2019,7,Model 4,V407,"Performance electric SUV with dual-motor AWD, sports interior, rapid acceleration, intelligent safety systems and dynamic driving experience.",13
2019,7,Model 4,V408,"Flagship hybrid SUV powered by a 3.5L V6 hybrid engine, captain seats, panoramic glass roof, premium surround audio and comprehensive driver assistance.",17
2019,8,Model 1,V101,"Premium hatchback with a 1.2L petrol engine, 5-speed manual transmission, seating for five, dual airbags, ABS with EBD, LED DRLs, touchscreen infotainment, Apple CarPlay & Android Auto, excellent fuel efficiency and smooth city driving.",16
2019,8,Model 1,V102,"Premium hatchback powered by a 1.2L petrol engine with automatic transmission, reverse camera, cruise control, alloy wheels, automatic climate control and advanced infotainment for comfortable urban travel.",14
2019,8,Model 1,V103,"Mid-size sedan featuring a 1.5L petrol engine, manual transmission, spacious cabin, LED headlamps, rear AC vents, smart key access and balanced performance for everyday driving.",17
2019,8,Model 1,V104,"Premium sedan equipped with a 1.5L petrol engine and CVT automatic transmission, sunroof, wireless charging, connected car technology, six airbags and refined ride comfort.",20
2019,8,Model 2,V201,"Compact SUV powered by a 1.5L turbo diesel engine with manual gearbox, hill hold assist, rear parking sensors, 17-inch alloy wheels and practical family-oriented features.",36
2019,8,Model 2,V202,"Compact diesel SUV with automatic transmission, premium interior, electronic stability control, rear camera, ABS, spacious cabin and comfortable long-distance performance.",35
2019,8,Model 2,V203,"Sporty compact SUV featuring a 1.5L turbo petrol engine, manual transmission, LED lighting, touchscreen navigation and dynamic styling for enthusiastic drivers.",35
2019,8,Model 2,V204,"Compact SUV with turbo petrol engine and automatic transmission, push-button start, automatic climate control, connected vehicle technology and premium comfort.",27
2019,8,Model 2,V205,"Hybrid compact SUV with 1.5L petrol hybrid engine, e-CVT transmission, regenerative braking, outstanding fuel economy, advanced safety systems and intelligent driving assistance.",73
2019,8,Model 2,V206,"All-electric compact SUV producing 150 kW, fast charging support, approximately 450 km driving range, regenerative braking and connected smart mobility features.",53
2019,8,Model 2,V207,"Premium AWD SUV with 2.0L turbo petrol engine, panoramic sunroof, leather upholstery, 360-degree camera, ADAS safety features and luxury interior.",74
2019,8,Model 2,V208,"Premium diesel SUV equipped with AWD, terrain response modes, seven-seat configuration, premium audio system and excellent highway capability.",41
2019,8,Model 2,V209,"Family SUV powered by a 2.0L turbo petrol engine, automatic transmission, digital instrument cluster, connected navigation and spacious seven-seat layout.",64
2019,8,Model 2,V210,"Hybrid family SUV offering advanced driver assistance, adaptive cruise control, premium comfort, efficient hybrid technology and smooth e-CVT transmission.",71
2019,8,Model 3,V301,"Executive sedan with 1.8L petrol engine, premium cabin, manual transmission, projector LED headlamps and elegant styling.",36
2019,8,Model 3,V302,"Executive automatic sedan with leather upholstery, dual-zone climate control, connected infotainment and refined ride quality.",35
2019,8,Model 3,V303,"Performance sedan featuring a 2.0L petrol engine, paddle shifters, sport suspension, 18-inch alloy wheels and responsive handling.",35
2019,8,Model 3,V304,"Luxury hybrid sedan with intelligent safety systems, premium interior, exceptional fuel efficiency and smooth e-CVT performance.",27
2019,8,Model 3,V305,"Performance edition sedan powered by a turbo petrol engine with premium infotainment, sport exhaust, wireless charging and athletic design.",73
2019,8,Model 3,V306,"Executive diesel sedan offering automatic transmission, spacious rear seating, superior ride comfort and long-distance efficiency.",53
2019,8,Model 3,V307,"Luxury petrol sedan with panoramic sunroof, premium leather interior, ten airbags, connected technology and refined driving dynamics.",74
2019,8,Model 3,V308,"Luxury hybrid sedan equipped with adaptive cruise control, ventilated seats, premium sound system and intelligent safety features.",41
2019,8,Model 3,V309,"Electric luxury sedan delivering approximately 550 km range, fast charging capability, connected vehicle platform and premium comfort.",64
2019,8,Model 3,V310,"High-performance dual-motor electric sedan capable of rapid acceleration, all-wheel drive, advanced driver assistance and cutting-edge technology.",71
2019,8,Model 4,V401,"Luxury seven-seat SUV with 2.5L petrol engine, AWD, panoramic sunroof, leather seats, premium infotainment and exceptional comfort.",13
2019,8,Model 4,V402,"Luxury diesel SUV with terrain management system, electronic parking brake, connected technology and spacious premium cabin.",17
2019,8,Model 4,V403,"Performance SUV featuring a 3.0L turbo petrol engine, adaptive suspension, AWD system and 20-inch alloy wheels.",27
2019,8,Model 4,V404,"Flagship luxury SUV powered by a 3.0L V6 petrol engine, ventilated seats, 360-degree camera, ADAS Level 2 and premium craftsmanship.",34
2019,8,Model 4,V405,"Flagship diesel SUV with air suspension, intelligent AWD, premium leather interior, advanced infotainment and executive comfort.",18
2019,8,Model 4,V406,"Dual-motor electric luxury SUV producing 300 kW, approximately 600 km driving range, ultra-fast charging, autonomous driving features and premium technology.",27
2019,8,Model 4,V407,"Performance electric SUV with dual-motor AWD, sports interior, rapid acceleration, intelligent safety systems and dynamic driving experience.",18
2019,8,Model 4,V408,"Flagship hybrid SUV powered by a 3.5L V6 hybrid engine, captain seats, panoramic glass roof, premium surround audio and comprehensive driver assistance.",36
2019,9,Model 1,V101,"Premium hatchback with a 1.2L petrol engine, 5-speed manual transmission, seating for five, dual airbags, ABS with EBD, LED DRLs, touchscreen infotainment, Apple CarPlay & Android Auto, excellent fuel efficiency and smooth city driving.",6
2019,9,Model 1,V102,"Premium hatchback powered by a 1.2L petrol engine with automatic transmission, reverse camera, cruise control, alloy wheels, automatic climate control and advanced infotainment for comfortable urban travel.",19
2019,9,Model 1,V103,"Mid-size sedan featuring a 1.5L petrol engine, manual transmission, spacious cabin, LED headlamps, rear AC vents, smart key access and balanced performance for everyday driving.",14
2019,9,Model 1,V104,"Premium sedan equipped with a 1.5L petrol engine and CVT automatic transmission, sunroof, wireless charging, connected car technology, six airbags and refined ride comfort.",24
2019,9,Model 2,V201,"Compact SUV powered by a 1.5L turbo diesel engine with manual gearbox, hill hold assist, rear parking sensors, 17-inch alloy wheels and practical family-oriented features.",85
2019,9,Model 2,V202,"Compact diesel SUV with automatic transmission, premium interior, electronic stability control, rear camera, ABS, spacious cabin and comfortable long-distance performance.",42
2019,9,Model 2,V203,"Sporty compact SUV featuring a 1.5L turbo petrol engine, manual transmission, LED lighting, touchscreen navigation and dynamic styling for enthusiastic drivers.",33
2019,9,Model 2,V204,"Compact SUV with turbo petrol engine and automatic transmission, push-button start, automatic climate control, connected vehicle technology and premium comfort.",73
2019,9,Model 2,V205,"Hybrid compact SUV with 1.5L petrol hybrid engine, e-CVT transmission, regenerative braking, outstanding fuel economy, advanced safety systems and intelligent driving assistance.",63
2019,9,Model 2,V206,"All-electric compact SUV producing 150 kW, fast charging support, approximately 450 km driving range, regenerative braking and connected smart mobility features.",89
2019,9,Model 2,V207,"Premium AWD SUV with 2.0L turbo petrol engine, panoramic sunroof, leather upholstery, 360-degree camera, ADAS safety features and luxury interior.",58
2019,9,Model 2,V208,"Premium diesel SUV equipped with AWD, terrain response modes, seven-seat configuration, premium audio system and excellent highway capability.",71
2019,9,Model 2,V209,"Family SUV powered by a 2.0L turbo petrol engine, automatic transmission, digital instrument cluster, connected navigation and spacious seven-seat layout.",53
2019,9,Model 2,V210,"Hybrid family SUV offering advanced driver assistance, adaptive cruise control, premium comfort, efficient hybrid technology and smooth e-CVT transmission.",75
2019,9,Model 3,V301,"Executive sedan with 1.8L petrol engine, premium cabin, manual transmission, projector LED headlamps and elegant styling.",85
2019,9,Model 3,V302,"Executive automatic sedan with leather upholstery, dual-zone climate control, connected infotainment and refined ride quality.",42
2019,9,Model 3,V303,"Performance sedan featuring a 2.0L petrol engine, paddle shifters, sport suspension, 18-inch alloy wheels and responsive handling.",33
2019,9,Model 3,V304,"Luxury hybrid sedan with intelligent safety systems, premium interior, exceptional fuel efficiency and smooth e-CVT performance.",73
2019,9,Model 3,V305,"Performance edition sedan powered by a turbo petrol engine with premium infotainment, sport exhaust, wireless charging and athletic design.",63
2019,9,Model 3,V306,"Executive diesel sedan offering automatic transmission, spacious rear seating, superior ride comfort and long-distance efficiency.",89
2019,9,Model 3,V307,"Luxury petrol sedan with panoramic sunroof, premium leather interior, ten airbags, connected technology and refined driving dynamics.",58
2019,9,Model 3,V308,"Luxury hybrid sedan equipped with adaptive cruise control, ventilated seats, premium sound system and intelligent safety features.",71
2019,9,Model 3,V309,"Electric luxury sedan delivering approximately 550 km range, fast charging capability, connected vehicle platform and premium comfort.",53
2019,9,Model 3,V310,"High-performance dual-motor electric sedan capable of rapid acceleration, all-wheel drive, advanced driver assistance and cutting-edge technology.",75
2019,9,Model 4,V401,"Luxury seven-seat SUV with 2.5L petrol engine, AWD, panoramic sunroof, leather seats, premium infotainment and exceptional comfort.",24
2019,9,Model 4,V402,"Luxury diesel SUV with terrain management system, electronic parking brake, connected technology and spacious premium cabin.",19
2019,9,Model 4,V403,"Performance SUV featuring a 3.0L turbo petrol engine, adaptive suspension, AWD system and 20-inch alloy wheels.",29
2019,9,Model 4,V404,"Flagship luxury SUV powered by a 3.0L V6 petrol engine, ventilated seats, 360-degree camera, ADAS Level 2 and premium craftsmanship.",35
2019,9,Model 4,V405,"Flagship diesel SUV with air suspension, intelligent AWD, premium leather interior, advanced infotainment and executive comfort.",14
2019,9,Model 4,V406,"Dual-motor electric luxury SUV producing 300 kW, approximately 600 km driving range, ultra-fast charging, autonomous driving features and premium technology.",21
2019,9,Model 4,V407,"Performance electric SUV with dual-motor AWD, sports interior, rapid acceleration, intelligent safety systems and dynamic driving experience.",29
2019,9,Model 4,V408,"Flagship hybrid SUV powered by a 3.5L V6 hybrid engine, captain seats, panoramic glass roof, premium surround audio and comprehensive driver assistance.",40
2019,10,Model 1,V101,"Premium hatchback with a 1.2L petrol engine, 5-speed manual transmission, seating for five, dual airbags, ABS with EBD, LED DRLs, touchscreen infotainment, Apple CarPlay & Android Auto, excellent fuel efficiency and smooth city driving.",20
2019,10,Model 1,V102,"Premium hatchback powered by a 1.2L petrol engine with automatic transmission, reverse camera, cruise control, alloy wheels, automatic climate control and advanced infotainment for comfortable urban travel.",27
2019,10,Model 1,V103,"Mid-size sedan featuring a 1.5L petrol engine, manual transmission, spacious cabin, LED headlamps, rear AC vents, smart key access and balanced performance for everyday driving.",18
2019,10,Model 1,V104,"Premium sedan equipped with a 1.5L petrol engine and CVT automatic transmission, sunroof, wireless charging, connected car technology, six airbags and refined ride comfort.",31
2019,10,Model 2,V201,"Compact SUV powered by a 1.5L turbo diesel engine with manual gearbox, hill hold assist, rear parking sensors, 17-inch alloy wheels and practical family-oriented features.",72
2019,10,Model 2,V202,"Compact diesel SUV with automatic transmission, premium interior, electronic stability control, rear camera, ABS, spacious cabin and comfortable long-distance performance.",35
2019,10,Model 2,V203,"Sporty compact SUV featuring a 1.5L turbo petrol engine, manual transmission, LED lighting, touchscreen navigation and dynamic styling for enthusiastic drivers.",85
2019,10,Model 2,V204,"Compact SUV with turbo petrol engine and automatic transmission, push-button start, automatic climate control, connected vehicle technology and premium comfort.",69
2019,10,Model 2,V205,"Hybrid compact SUV with 1.5L petrol hybrid engine, e-CVT transmission, regenerative braking, outstanding fuel economy, advanced safety systems and intelligent driving assistance.",33
2019,10,Model 2,V206,"All-electric compact SUV producing 150 kW, fast charging support, approximately 450 km driving range, regenerative braking and connected smart mobility features.",108
2019,10,Model 2,V207,"Premium AWD SUV with 2.0L turbo petrol engine, panoramic sunroof, leather upholstery, 360-degree camera, ADAS safety features and luxury interior.",38
2019,10,Model 2,V208,"Premium diesel SUV equipped with AWD, terrain response modes, seven-seat configuration, premium audio system and excellent highway capability.",114
2019,10,Model 2,V209,"Family SUV powered by a 2.0L turbo petrol engine, automatic transmission, digital instrument cluster, connected navigation and spacious seven-seat layout.",99
2019,10,Model 2,V210,"Hybrid family SUV offering advanced driver assistance, adaptive cruise control, premium comfort, efficient hybrid technology and smooth e-CVT transmission.",71
2019,10,Model 3,V301,"Executive sedan with 1.8L petrol engine, premium cabin, manual transmission, projector LED headlamps and elegant styling.",72
2019,10,Model 3,V302,"Executive automatic sedan with leather upholstery, dual-zone climate control, connected infotainment and refined ride quality.",35
2019,10,Model 3,V303,"Performance sedan featuring a 2.0L petrol engine, paddle shifters, sport suspension, 18-inch alloy wheels and responsive handling.",85
2019,10,Model 3,V304,"Luxury hybrid sedan with intelligent safety systems, premium interior, exceptional fuel efficiency and smooth e-CVT performance.",69
2019,10,Model 3,V305,"Performance edition sedan powered by a turbo petrol engine with premium infotainment, sport exhaust, wireless charging and athletic design.",33
2019,10,Model 3,V306,"Executive diesel sedan offering automatic transmission, spacious rear seating, superior ride comfort and long-distance efficiency.",108
2019,10,Model 3,V307,"Luxury petrol sedan with panoramic sunroof, premium leather interior, ten airbags, connected technology and refined driving dynamics.",38
2019,10,Model 3,V308,"Luxury hybrid sedan equipped with adaptive cruise control, ventilated seats, premium sound system and intelligent safety features.",114
2019,10,Model 3,V309,"Electric luxury sedan delivering approximately 550 km range, fast charging capability, connected vehicle platform and premium comfort.",99
2019,10,Model 3,V310,"High-performance dual-motor electric sedan capable of rapid acceleration, all-wheel drive, advanced driver assistance and cutting-edge technology.",71
2019,10,Model 4,V401,"Luxury seven-seat SUV with 2.5L petrol engine, AWD, panoramic sunroof, leather seats, premium infotainment and exceptional comfort.",63
2019,10,Model 4,V402,"Luxury diesel SUV with terrain management system, electronic parking brake, connected technology and spacious premium cabin.",26
2019,10,Model 4,V403,"Performance SUV featuring a 3.0L turbo petrol engine, adaptive suspension, AWD system and 20-inch alloy wheels.",51
2019,10,Model 4,V404,"Flagship luxury SUV powered by a 3.0L V6 petrol engine, ventilated seats, 360-degree camera, ADAS Level 2 and premium craftsmanship.",35
2019,10,Model 4,V405,"Flagship diesel SUV with air suspension, intelligent AWD, premium leather interior, advanced infotainment and executive comfort.",26
2019,10,Model 4,V406,"Dual-motor electric luxury SUV producing 300 kW, approximately 600 km driving range, ultra-fast charging, autonomous driving features and premium technology.",54
2019,10,Model 4,V407,"Performance electric SUV with dual-motor AWD, sports interior, rapid acceleration, intelligent safety systems and dynamic driving experience.",23
2019,10,Model 4,V408,"Flagship hybrid SUV powered by a 3.5L V6 hybrid engine, captain seats, panoramic glass roof, premium surround audio and comprehensive driver assistance.",53
2019,11,Model 1,V101,"Premium hatchback with a 1.2L petrol engine, 5-speed manual transmission, seating for five, dual airbags, ABS with EBD, LED DRLs, touchscreen infotainment, Apple CarPlay & Android Auto, excellent fuel efficiency and smooth city driving.",17
2019,11,Model 1,V102,"Premium hatchback powered by a 1.2L petrol engine with automatic transmission, reverse camera, cruise control, alloy wheels, automatic climate control and advanced infotainment for comfortable urban travel.",31
2019,11,Model 1,V103,"Mid-size sedan featuring a 1.5L petrol engine, manual transmission, spacious cabin, LED headlamps, rear AC vents, smart key access and balanced performance for everyday driving.",30
2019,11,Model 1,V104,"Premium sedan equipped with a 1.5L petrol engine and CVT automatic transmission, sunroof, wireless charging, connected car technology, six airbags and refined ride comfort.",31
2019,11,Model 2,V201,"Compact SUV powered by a 1.5L turbo diesel engine with manual gearbox, hill hold assist, rear parking sensors, 17-inch alloy wheels and practical family-oriented features.",50
2019,11,Model 2,V202,"Compact diesel SUV with automatic transmission, premium interior, electronic stability control, rear camera, ABS, spacious cabin and comfortable long-distance performance.",117
2019,11,Model 2,V203,"Sporty compact SUV featuring a 1.5L turbo petrol engine, manual transmission, LED lighting, touchscreen navigation and dynamic styling for enthusiastic drivers.",45
2019,11,Model 2,V204,"Compact SUV with turbo petrol engine and automatic transmission, push-button start, automatic climate control, connected vehicle technology and premium comfort.",117
2019,11,Model 2,V205,"Hybrid compact SUV with 1.5L petrol hybrid engine, e-CVT transmission, regenerative braking, outstanding fuel economy, advanced safety systems and intelligent driving assistance.",37
2019,11,Model 2,V206,"All-electric compact SUV producing 150 kW, fast charging support, approximately 450 km driving range, regenerative braking and connected smart mobility features.",74
2019,11,Model 2,V207,"Premium AWD SUV with 2.0L turbo petrol engine, panoramic sunroof, leather upholstery, 360-degree camera, ADAS safety features and luxury interior.",91
2019,11,Model 2,V208,"Premium diesel SUV equipped with AWD, terrain response modes, seven-seat configuration, premium audio system and excellent highway capability.",36
2019,11,Model 2,V209,"Family SUV powered by a 2.0L turbo petrol engine, automatic transmission, digital instrument cluster, connected navigation and spacious seven-seat layout.",111
2019,11,Model 2,V210,"Hybrid family SUV offering advanced driver assistance, adaptive cruise control, premium comfort, efficient hybrid technology and smooth e-CVT transmission.",81
2019,11,Model 3,V301,"Executive sedan with 1.8L petrol engine, premium cabin, manual transmission, projector LED headlamps and elegant styling.",50
2019,11,Model 3,V302,"Executive automatic sedan with leather upholstery, dual-zone climate control, connected infotainment and refined ride quality.",117
2019,11,Model 3,V303,"Performance sedan featuring a 2.0L petrol engine, paddle shifters, sport suspension, 18-inch alloy wheels and responsive handling.",45
2019,11,Model 3,V304,"Luxury hybrid sedan with intelligent safety systems, premium interior, exceptional fuel efficiency and smooth e-CVT performance.",117
2019,11,Model 3,V305,"Performance edition sedan powered by a turbo petrol engine with premium infotainment, sport exhaust, wireless charging and athletic design.",37
2019,11,Model 3,V306,"Executive diesel sedan offering automatic transmission, spacious rear seating, superior ride comfort and long-distance efficiency.",74
2019,11,Model 3,V307,"Luxury petrol sedan with panoramic sunroof, premium leather interior, ten airbags, connected technology and refined driving dynamics.",91
2019,11,Model 3,V308,"Luxury hybrid sedan equipped with adaptive cruise control, ventilated seats, premium sound system and intelligent safety features.",36
2019,11,Model 3,V309,"Electric luxury sedan delivering approximately 550 km range, fast charging capability, connected vehicle platform and premium comfort.",111
2019,11,Model 3,V310,"High-performance dual-motor electric sedan capable of rapid acceleration, all-wheel drive, advanced driver assistance and cutting-edge technology.",81
2019,11,Model 4,V401,"Luxury seven-seat SUV with 2.5L petrol engine, AWD, panoramic sunroof, leather seats, premium infotainment and exceptional comfort.",60
2019,11,Model 4,V402,"Luxury diesel SUV with terrain management system, electronic parking brake, connected technology and spacious premium cabin.",19
2019,11,Model 4,V403,"Performance SUV featuring a 3.0L turbo petrol engine, adaptive suspension, AWD system and 20-inch alloy wheels.",17
2019,11,Model 4,V404,"Flagship luxury SUV powered by a 3.0L V6 petrol engine, ventilated seats, 360-degree camera, ADAS Level 2 and premium craftsmanship.",30
2019,11,Model 4,V405,"Flagship diesel SUV with air suspension, intelligent AWD, premium leather interior, advanced infotainment and executive comfort.",32
2019,11,Model 4,V406,"Dual-motor electric luxury SUV producing 300 kW, approximately 600 km driving range, ultra-fast charging, autonomous driving features and premium technology.",61
2019,11,Model 4,V407,"Performance electric SUV with dual-motor AWD, sports interior, rapid acceleration, intelligent safety systems and dynamic driving experience.",39
2019,11,Model 4,V408,"Flagship hybrid SUV powered by a 3.5L V6 hybrid engine, captain seats, panoramic glass roof, premium surround audio and comprehensive driver assistance.",22
2019,12,Model 1,V101,"Premium hatchback with a 1.2L petrol engine, 5-speed manual transmission, seating for five, dual airbags, ABS with EBD, LED DRLs, touchscreen infotainment, Apple CarPlay & Android Auto, excellent fuel efficiency and smooth city driving.",14
2019,12,Model 1,V102,"Premium hatchback powered by a 1.2L petrol engine with automatic transmission, reverse camera, cruise control, alloy wheels, automatic climate control and advanced infotainment for comfortable urban travel.",12
2019,12,Model 1,V103,"Mid-size sedan featuring a 1.5L petrol engine, manual transmission, spacious cabin, LED headlamps, rear AC vents, smart key access and balanced performance for everyday driving.",26
2019,12,Model 1,V104,"Premium sedan equipped with a 1.5L petrol engine and CVT automatic transmission, sunroof, wireless charging, connected car technology, six airbags and refined ride comfort.",20
2019,12,Model 2,V201,"Compact SUV powered by a 1.5L turbo diesel engine with manual gearbox, hill hold assist, rear parking sensors, 17-inch alloy wheels and practical family-oriented features.",104
2019,12,Model 2,V202,"Compact diesel SUV with automatic transmission, premium interior, electronic stability control, rear camera, ABS, spacious cabin and comfortable long-distance performance.",100
2019,12,Model 2,V203,"Sporty compact SUV featuring a 1.5L turbo petrol engine, manual transmission, LED lighting, touchscreen navigation and dynamic styling for enthusiastic drivers.",68
2019,12,Model 2,V204,"Compact SUV with turbo petrol engine and automatic transmission, push-button start, automatic climate control, connected vehicle technology and premium comfort.",54
2019,12,Model 2,V205,"Hybrid compact SUV with 1.5L petrol hybrid engine, e-CVT transmission, regenerative braking, outstanding fuel economy, advanced safety systems and intelligent driving assistance.",66
2019,12,Model 2,V206,"All-electric compact SUV producing 150 kW, fast charging support, approximately 450 km driving range, regenerative braking and connected smart mobility features.",97
2019,12,Model 2,V207,"Premium AWD SUV with 2.0L turbo petrol engine, panoramic sunroof, leather upholstery, 360-degree camera, ADAS safety features and luxury interior.",72
2019,12,Model 2,V208,"Premium diesel SUV equipped with AWD, terrain response modes, seven-seat configuration, premium audio system and excellent highway capability.",77
2019,12,Model 2,V209,"Family SUV powered by a 2.0L turbo petrol engine, automatic transmission, digital instrument cluster, connected navigation and spacious seven-seat layout.",47
2019,12,Model 2,V210,"Hybrid family SUV offering advanced driver assistance, adaptive cruise control, premium comfort, efficient hybrid technology and smooth e-CVT transmission.",95
2019,12,Model 3,V301,"Executive sedan with 1.8L petrol engine, premium cabin, manual transmission, projector LED headlamps and elegant styling.",104
2019,12,Model 3,V302,"Executive automatic sedan with leather upholstery, dual-zone climate control, connected infotainment and refined ride quality.",100
2019,12,Model 3,V303,"Performance sedan featuring a 2.0L petrol engine, paddle shifters, sport suspension, 18-inch alloy wheels and responsive handling.",68
2019,12,Model 3,V304,"Luxury hybrid sedan with intelligent safety systems, premium interior, exceptional fuel efficiency and smooth e-CVT performance.",54
2019,12,Model 3,V305,"Performance edition sedan powered by a turbo petrol engine with premium infotainment, sport exhaust, wireless charging and athletic design.",66
2019,12,Model 3,V306,"Executive diesel sedan offering automatic transmission, spacious rear seating, superior ride comfort and long-distance efficiency.",97
2019,12,Model 3,V307,"Luxury petrol sedan with panoramic sunroof, premium leather interior, ten airbags, connected technology and refined driving dynamics.",72
2019,12,Model 3,V308,"Luxury hybrid sedan equipped with adaptive cruise control, ventilated seats, premium sound system and intelligent safety features.",77
2019,12,Model 3,V309,"Electric luxury sedan delivering approximately 550 km range, fast charging capability, connected vehicle platform and premium comfort.",47
2019,12,Model 3,V310,"High-performance dual-motor electric sedan capable of rapid acceleration, all-wheel drive, advanced driver assistance and cutting-edge technology.",95
2019,12,Model 4,V401,"Luxury seven-seat SUV with 2.5L petrol engine, AWD, panoramic sunroof, leather seats, premium infotainment and exceptional comfort.",15
2019,12,Model 4,V402,"Luxury diesel SUV with terrain management system, electronic parking brake, connected technology and spacious premium cabin.",20
2019,12,Model 4,V403,"Performance SUV featuring a 3.0L turbo petrol engine, adaptive suspension, AWD system and 20-inch alloy wheels.",62
2019,12,Model 4,V404,"Flagship luxury SUV powered by a 3.0L V6 petrol engine, ventilated seats, 360-degree camera, ADAS Level 2 and premium craftsmanship.",26
2019,12,Model 4,V405,"Flagship diesel SUV with air suspension, intelligent AWD, premium leather interior, advanced infotainment and executive comfort.",56
2019,12,Model 4,V406,"Dual-motor electric luxury SUV producing 300 kW, approximately 600 km driving range, ultra-fast charging, autonomous driving features and premium technology.",59
2019,12,Model 4,V407,"Performance electric SUV with dual-motor AWD, sports interior, rapid acceleration, intelligent safety systems and dynamic driving experience.",56
2019,12,Model 4,V408,"Flagship hybrid SUV powered by a 3.5L V6 hybrid engine, captain seats, panoramic glass roof, premium surround audio and comprehensive driver assistance.",37
2020,1,Model 1,V101,"Premium hatchback with a 1.2L petrol engine, 5-speed manual transmission, seating for five, dual airbags, ABS with EBD, LED DRLs, touchscreen infotainment, Apple CarPlay & Android Auto, excellent fuel efficiency and smooth city driving.",22
2020,1,Model 1,V102,"Premium hatchback powered by a 1.2L petrol engine with automatic transmission, reverse camera, cruise control, alloy wheels, automatic climate control and advanced infotainment for comfortable urban travel.",17
2020,1,Model 1,V103,"Mid-size sedan featuring a 1.5L petrol engine, manual transmission, spacious cabin, LED headlamps, rear AC vents, smart key access and balanced performance for everyday driving.",9
2020,1,Model 1,V104,"Premium sedan equipped with a 1.5L petrol engine and CVT automatic transmission, sunroof, wireless charging, connected car technology, six airbags and refined ride comfort.",18
2020,1,Model 2,V201,"Compact SUV powered by a 1.5L turbo diesel engine with manual gearbox, hill hold assist, rear parking sensors, 17-inch alloy wheels and practical family-oriented features.",28
2020,1,Model 2,V202,"Compact diesel SUV with automatic transmission, premium interior, electronic stability control, rear camera, ABS, spacious cabin and comfortable long-distance performance.",56
2020,1,Model 2,V203,"Sporty compact SUV featuring a 1.5L turbo petrol engine, manual transmission, LED lighting, touchscreen navigation and dynamic styling for enthusiastic drivers.",87
2020,1,Model 2,V204,"Compact SUV with turbo petrol engine and automatic transmission, push-button start, automatic climate control, connected vehicle technology and premium comfort.",40
2020,1,Model 2,V205,"Hybrid compact SUV with 1.5L petrol hybrid engine, e-CVT transmission, regenerative braking, outstanding fuel economy, advanced safety systems and intelligent driving assistance.",78
2020,1,Model 2,V206,"All-electric compact SUV producing 150 kW, fast charging support, approximately 450 km driving range, regenerative braking and connected smart mobility features.",68
2020,1,Model 2,V207,"Premium AWD SUV with 2.0L turbo petrol engine, panoramic sunroof, leather upholstery, 360-degree camera, ADAS safety features and luxury interior.",56
2020,1,Model 2,V208,"Premium diesel SUV equipped with AWD, terrain response modes, seven-seat configuration, premium audio system and excellent highway capability.",92
2020,1,Model 2,V209,"Family SUV powered by a 2.0L turbo petrol engine, automatic transmission, digital instrument cluster, connected navigation and spacious seven-seat layout.",69
2020,1,Model 2,V210,"Hybrid family SUV offering advanced driver assistance, adaptive cruise control, premium comfort, efficient hybrid technology and smooth e-CVT transmission.",68
2020,1,Model 3,V301,"Executive sedan with 1.8L petrol engine, premium cabin, manual transmission, projector LED headlamps and elegant styling.",28
2020,1,Model 3,V302,"Executive automatic sedan with leather upholstery, dual-zone climate control, connected infotainment and refined ride quality.",56
2020,1,Model 3,V303,"Performance sedan featuring a 2.0L petrol engine, paddle shifters, sport suspension, 18-inch alloy wheels and responsive handling.",87
2020,1,Model 3,V304,"Luxury hybrid sedan with intelligent safety systems, premium interior, exceptional fuel efficiency and smooth e-CVT performance.",40
2020,1,Model 3,V305,"Performance edition sedan powered by a turbo petrol engine with premium infotainment, sport exhaust, wireless charging and athletic design.",78
2020,1,Model 3,V306,"Executive diesel sedan offering automatic transmission, spacious rear seating, superior ride comfort and long-distance efficiency.",68
2020,1,Model 3,V307,"Luxury petrol sedan with panoramic sunroof, premium leather interior, ten airbags, connected technology and refined driving dynamics.",56
2020,1,Model 3,V308,"Luxury hybrid sedan equipped with adaptive cruise control, ventilated seats, premium sound system and intelligent safety features.",92
2020,1,Model 3,V309,"Electric luxury sedan delivering approximately 550 km range, fast charging capability, connected vehicle platform and premium comfort.",69
2020,1,Model 3,V310,"High-performance dual-motor electric sedan capable of rapid acceleration, all-wheel drive, advanced driver assistance and cutting-edge technology.",68
2020,1,Model 4,V401,"Luxury seven-seat SUV with 2.5L petrol engine, AWD, panoramic sunroof, leather seats, premium infotainment and exceptional comfort.",14
2020,1,Model 4,V402,"Luxury diesel SUV with terrain management system, electronic parking brake, connected technology and spacious premium cabin.",47
2020,1,Model 4,V403,"Performance SUV featuring a 3.0L turbo petrol engine, adaptive suspension, AWD system and 20-inch alloy wheels.",22
2020,1,Model 4,V404,"Flagship luxury SUV powered by a 3.0L V6 petrol engine, ventilated seats, 360-degree camera, ADAS Level 2 and premium craftsmanship.",35
2020,1,Model 4,V405,"Flagship diesel SUV with air suspension, intelligent AWD, premium leather interior, advanced infotainment and executive comfort.",10
2020,1,Model 4,V406,"Dual-motor electric luxury SUV producing 300 kW, approximately 600 km driving range, ultra-fast charging, autonomous driving features and premium technology.",44
2020,1,Model 4,V407,"Performance electric SUV with dual-motor AWD, sports interior, rapid acceleration, intelligent safety systems and dynamic driving experience.",40
2020,1,Model 4,V408,"Flagship hybrid SUV powered by a 3.5L V6 hybrid engine, captain seats, panoramic glass roof, premium surround audio and comprehensive driver assistance.",27
2020,2,Model 1,V101,"Premium hatchback with a 1.2L petrol engine, 5-speed manual transmission, seating for five, dual airbags, ABS with EBD, LED DRLs, touchscreen infotainment, Apple CarPlay & Android Auto, excellent fuel efficiency and smooth city driving.",24
2020,2,Model 1,V102,"Premium hatchback powered by a 1.2L petrol engine with automatic transmission, reverse camera, cruise control, alloy wheels, automatic climate control and advanced infotainment for comfortable urban travel.",13
2020,2,Model 1,V103,"Mid-size sedan featuring a 1.5L petrol engine, manual transmission, spacious cabin, LED headlamps, rear AC vents, smart key access and balanced performance for everyday driving.",25
2020,2,Model 1,V104,"Premium sedan equipped with a 1.5L petrol engine and CVT automatic transmission, sunroof, wireless charging, connected car technology, six airbags and refined ride comfort.",8
2020,2,Model 2,V201,"Compact SUV powered by a 1.5L turbo diesel engine with manual gearbox, hill hold assist, rear parking sensors, 17-inch alloy wheels and practical family-oriented features.",78
2020,2,Model 2,V202,"Compact diesel SUV with automatic transmission, premium interior, electronic stability control, rear camera, ABS, spacious cabin and comfortable long-distance performance.",60
2020,2,Model 2,V203,"Sporty compact SUV featuring a 1.5L turbo petrol engine, manual transmission, LED lighting, touchscreen navigation and dynamic styling for enthusiastic drivers.",72
2020,2,Model 2,V204,"Compact SUV with turbo petrol engine and automatic transmission, push-button start, automatic climate control, connected vehicle technology and premium comfort.",39
2020,2,Model 2,V205,"Hybrid compact SUV with 1.5L petrol hybrid engine, e-CVT transmission, regenerative braking, outstanding fuel economy, advanced safety systems and intelligent driving assistance.",42
2020,2,Model 2,V206,"All-electric compact SUV producing 150 kW, fast charging support, approximately 450 km driving range, regenerative braking and connected smart mobility features.",31
2020,2,Model 2,V207,"Premium AWD SUV with 2.0L turbo petrol engine, panoramic sunroof, leather upholstery, 360-degree camera, ADAS safety features and luxury interior.",31
2020,2,Model 2,V208,"Premium diesel SUV equipped with AWD, terrain response modes, seven-seat configuration, premium audio system and excellent highway capability.",60
2020,2,Model 2,V209,"Family SUV powered by a 2.0L turbo petrol engine, automatic transmission, digital instrument cluster, connected navigation and spacious seven-seat layout.",82
2020,2,Model 2,V210,"Hybrid family SUV offering advanced driver assistance, adaptive cruise control, premium comfort, efficient hybrid technology and smooth e-CVT transmission.",39
2020,2,Model 3,V301,"Executive sedan with 1.8L petrol engine, premium cabin, manual transmission, projector LED headlamps and elegant styling.",78
2020,2,Model 3,V302,"Executive automatic sedan with leather upholstery, dual-zone climate control, connected infotainment and refined ride quality.",60
2020,2,Model 3,V303,"Performance sedan featuring a 2.0L petrol engine, paddle shifters, sport suspension, 18-inch alloy wheels and responsive handling.",72
2020,2,Model 3,V304,"Luxury hybrid sedan with intelligent safety systems, premium interior, exceptional fuel efficiency and smooth e-CVT performance.",39
2020,2,Model 3,V305,"Performance edition sedan powered by a turbo petrol engine with premium infotainment, sport exhaust, wireless charging and athletic design.",42
2020,2,Model 3,V306,"Executive diesel sedan offering automatic transmission, spacious rear seating, superior ride comfort and long-distance efficiency.",31
2020,2,Model 3,V307,"Luxury petrol sedan with panoramic sunroof, premium leather interior, ten airbags, connected technology and refined driving dynamics.",31
2020,2,Model 3,V308,"Luxury hybrid sedan equipped with adaptive cruise control, ventilated seats, premium sound system and intelligent safety features.",60
2020,2,Model 3,V309,"Electric luxury sedan delivering approximately 550 km range, fast charging capability, connected vehicle platform and premium comfort.",82
2020,2,Model 3,V310,"High-performance dual-motor electric sedan capable of rapid acceleration, all-wheel drive, advanced driver assistance and cutting-edge technology.",39
2020,2,Model 4,V401,"Luxury seven-seat SUV with 2.5L petrol engine, AWD, panoramic sunroof, leather seats, premium infotainment and exceptional comfort.",14
2020,2,Model 4,V402,"Luxury diesel SUV with terrain management system, electronic parking brake, connected technology and spacious premium cabin.",22
2020,2,Model 4,V403,"Performance SUV featuring a 3.0L turbo petrol engine, adaptive suspension, AWD system and 20-inch alloy wheels.",39
2020,2,Model 4,V404,"Flagship luxury SUV powered by a 3.0L V6 petrol engine, ventilated seats, 360-degree camera, ADAS Level 2 and premium craftsmanship.",16
2020,2,Model 4,V405,"Flagship diesel SUV with air suspension, intelligent AWD, premium leather interior, advanced infotainment and executive comfort.",31
2020,2,Model 4,V406,"Dual-motor electric luxury SUV producing 300 kW, approximately 600 km driving range, ultra-fast charging, autonomous driving features and premium technology.",35
2020,2,Model 4,V407,"Performance electric SUV with dual-motor AWD, sports interior, rapid acceleration, intelligent safety systems and dynamic driving experience.",30
2020,2,Model 4,V408,"Flagship hybrid SUV powered by a 3.5L V6 hybrid engine, captain seats, panoramic glass roof, premium surround audio and comprehensive driver assistance.",46
2020,3,Model 1,V101,"Premium hatchback with a 1.2L petrol engine, 5-speed manual transmission, seating for five, dual airbags, ABS with EBD, LED DRLs, touchscreen infotainment, Apple CarPlay & Android Auto, excellent fuel efficiency and smooth city driving.",32
2020,3,Model 1,V102,"Premium hatchback powered by a 1.2L petrol engine with automatic transmission, reverse camera, cruise control, alloy wheels, automatic climate control and advanced infotainment for comfortable urban travel.",27
2020,3,Model 1,V103,"Mid-size sedan featuring a 1.5L petrol engine, manual transmission, spacious cabin, LED headlamps, rear AC vents, smart key access and balanced performance for everyday driving.",23
2020,3,Model 1,V104,"Premium sedan equipped with a 1.5L petrol engine and CVT automatic transmission, sunroof, wireless charging, connected car technology, six airbags and refined ride comfort.",29
2020,3,Model 2,V201,"Compact SUV powered by a 1.5L turbo diesel engine with manual gearbox, hill hold assist, rear parking sensors, 17-inch alloy wheels and practical family-oriented features.",55
2020,3,Model 2,V202,"Compact diesel SUV with automatic transmission, premium interior, electronic stability control, rear camera, ABS, spacious cabin and comfortable long-distance performance.",91
2020,3,Model 2,V203,"Sporty compact SUV featuring a 1.5L turbo petrol engine, manual transmission, LED lighting, touchscreen navigation and dynamic styling for enthusiastic drivers.",47
2020,3,Model 2,V204,"Compact SUV with turbo petrol engine and automatic transmission, push-button start, automatic climate control, connected vehicle technology and premium comfort.",102
2020,3,Model 2,V205,"Hybrid compact SUV with 1.5L petrol hybrid engine, e-CVT transmission, regenerative braking, outstanding fuel economy, advanced safety systems and intelligent driving assistance.",120
2020,3,Model 2,V206,"All-electric compact SUV producing 150 kW, fast charging support, approximately 450 km driving range, regenerative braking and connected smart mobility features.",90
2020,3,Model 2,V207,"Premium AWD SUV with 2.0L turbo petrol engine, panoramic sunroof, leather upholstery, 360-degree camera, ADAS safety features and luxury interior.",72
2020,3,Model 2,V208,"Premium diesel SUV equipped with AWD, terrain response modes, seven-seat configuration, premium audio system and excellent highway capability.",37
2020,3,Model 2,V209,"Family SUV powered by a 2.0L turbo petrol engine, automatic transmission, digital instrument cluster, connected navigation and spacious seven-seat layout.",85
2020,3,Model 2,V210,"Hybrid family SUV offering advanced driver assistance, adaptive cruise control, premium comfort, efficient hybrid technology and smooth e-CVT transmission.",63
2020,3,Model 3,V301,"Executive sedan with 1.8L petrol engine, premium cabin, manual transmission, projector LED headlamps and elegant styling.",55
2020,3,Model 3,V302,"Executive automatic sedan with leather upholstery, dual-zone climate control, connected infotainment and refined ride quality.",91
2020,3,Model 3,V303,"Performance sedan featuring a 2.0L petrol engine, paddle shifters, sport suspension, 18-inch alloy wheels and responsive handling.",47
2020,3,Model 3,V304,"Luxury hybrid sedan with intelligent safety systems, premium interior, exceptional fuel efficiency and smooth e-CVT performance.",102
2020,3,Model 3,V305,"Performance edition sedan powered by a turbo petrol engine with premium infotainment, sport exhaust, wireless charging and athletic design.",120
2020,3,Model 3,V306,"Executive diesel sedan offering automatic transmission, spacious rear seating, superior ride comfort and long-distance efficiency.",90
2020,3,Model 3,V307,"Luxury petrol sedan with panoramic sunroof, premium leather interior, ten airbags, connected technology and refined driving dynamics.",72
2020,3,Model 3,V308,"Luxury hybrid sedan equipped with adaptive cruise control, ventilated seats, premium sound system and intelligent safety features.",37
2020,3,Model 3,V309,"Electric luxury sedan delivering approximately 550 km range, fast charging capability, connected vehicle platform and premium comfort.",85
2020,3,Model 3,V310,"High-performance dual-motor electric sedan capable of rapid acceleration, all-wheel drive, advanced driver assistance and cutting-edge technology.",63
2020,3,Model 4,V401,"Luxury seven-seat SUV with 2.5L petrol engine, AWD, panoramic sunroof, leather seats, premium infotainment and exceptional comfort.",42
2020,3,Model 4,V402,"Luxury diesel SUV with terrain management system, electronic parking brake, connected technology and spacious premium cabin.",42
2020,3,Model 4,V403,"Performance SUV featuring a 3.0L turbo petrol engine, adaptive suspension, AWD system and 20-inch alloy wheels.",28
2020,3,Model 4,V404,"Flagship luxury SUV powered by a 3.0L V6 petrol engine, ventilated seats, 360-degree camera, ADAS Level 2 and premium craftsmanship.",36
2020,3,Model 4,V405,"Flagship diesel SUV with air suspension, intelligent AWD, premium leather interior, advanced infotainment and executive comfort.",18
2020,3,Model 4,V406,"Dual-motor electric luxury SUV producing 300 kW, approximately 600 km driving range, ultra-fast charging, autonomous driving features and premium technology.",59
2020,3,Model 4,V407,"Performance electric SUV with dual-motor AWD, sports interior, rapid acceleration, intelligent safety systems and dynamic driving experience.",37
2020,3,Model 4,V408,"Flagship hybrid SUV powered by a 3.5L V6 hybrid engine, captain seats, panoramic glass roof, premium surround audio and comprehensive driver assistance.",49
2020,4,Model 1,V101,"Premium hatchback with a 1.2L petrol engine, 5-speed manual transmission, seating for five, dual airbags, ABS with EBD, LED DRLs, touchscreen infotainment, Apple CarPlay & Android Auto, excellent fuel efficiency and smooth city driving.",20
2020,4,Model 1,V102,"Premium hatchback powered by a 1.2L petrol engine with automatic transmission, reverse camera, cruise control, alloy wheels, automatic climate control and advanced infotainment for comfortable urban travel.",13
2020,4,Model 1,V103,"Mid-size sedan featuring a 1.5L petrol engine, manual transmission, spacious cabin, LED headlamps, rear AC vents, smart key access and balanced performance for everyday driving.",6
2020,4,Model 1,V104,"Premium sedan equipped with a 1.5L petrol engine and CVT automatic transmission, sunroof, wireless charging, connected car technology, six airbags and refined ride comfort.",14
2020,4,Model 2,V201,"Compact SUV powered by a 1.5L turbo diesel engine with manual gearbox, hill hold assist, rear parking sensors, 17-inch alloy wheels and practical family-oriented features.",46
2020,4,Model 2,V202,"Compact diesel SUV with automatic transmission, premium interior, electronic stability control, rear camera, ABS, spacious cabin and comfortable long-distance performance.",39
2020,4,Model 2,V203,"Sporty compact SUV featuring a 1.5L turbo petrol engine, manual transmission, LED lighting, touchscreen navigation and dynamic styling for enthusiastic drivers.",33
2020,4,Model 2,V204,"Compact SUV with turbo petrol engine and automatic transmission, push-button start, automatic climate control, connected vehicle technology and premium comfort.",63
2020,4,Model 2,V205,"Hybrid compact SUV with 1.5L petrol hybrid engine, e-CVT transmission, regenerative braking, outstanding fuel economy, advanced safety systems and intelligent driving assistance.",30
2020,4,Model 2,V206,"All-electric compact SUV producing 150 kW, fast charging support, approximately 450 km driving range, regenerative braking and connected smart mobility features.",41
2020,4,Model 2,V207,"Premium AWD SUV with 2.0L turbo petrol engine, panoramic sunroof, leather upholstery, 360-degree camera, ADAS safety features and luxury interior.",76
2020,4,Model 2,V208,"Premium diesel SUV equipped with AWD, terrain response modes, seven-seat configuration, premium audio system and excellent highway capability.",23
2020,4,Model 2,V209,"Family SUV powered by a 2.0L turbo petrol engine, automatic transmission, digital instrument cluster, connected navigation and spacious seven-seat layout.",26
2020,4,Model 2,V210,"Hybrid family SUV offering advanced driver assistance, adaptive cruise control, premium comfort, efficient hybrid technology and smooth e-CVT transmission.",52
2020,4,Model 3,V301,"Executive sedan with 1.8L petrol engine, premium cabin, manual transmission, projector LED headlamps and elegant styling.",46
2020,4,Model 3,V302,"Executive automatic sedan with leather upholstery, dual-zone climate control, connected infotainment and refined ride quality.",39
2020,4,Model 3,V303,"Performance sedan featuring a 2.0L petrol engine, paddle shifters, sport suspension, 18-inch alloy wheels and responsive handling.",33
2020,4,Model 3,V304,"Luxury hybrid sedan with intelligent safety systems, premium interior, exceptional fuel efficiency and smooth e-CVT performance.",63
2020,4,Model 3,V305,"Performance edition sedan powered by a turbo petrol engine with premium infotainment, sport exhaust, wireless charging and athletic design.",30
2020,4,Model 3,V306,"Executive diesel sedan offering automatic transmission, spacious rear seating, superior ride comfort and long-distance efficiency.",41
2020,4,Model 3,V307,"Luxury petrol sedan with panoramic sunroof, premium leather interior, ten airbags, connected technology and refined driving dynamics.",76
2020,4,Model 3,V308,"Luxury hybrid sedan equipped with adaptive cruise control, ventilated seats, premium sound system and intelligent safety features.",23
2020,4,Model 3,V309,"Electric luxury sedan delivering approximately 550 km range, fast charging capability, connected vehicle platform and premium comfort.",26
2020,4,Model 3,V310,"High-performance dual-motor electric sedan capable of rapid acceleration, all-wheel drive, advanced driver assistance and cutting-edge technology.",52
2020,4,Model 4,V401,"Luxury seven-seat SUV with 2.5L petrol engine, AWD, panoramic sunroof, leather seats, premium infotainment and exceptional comfort.",18
2020,4,Model 4,V402,"Luxury diesel SUV with terrain management system, electronic parking brake, connected technology and spacious premium cabin.",13
2020,4,Model 4,V403,"Performance SUV featuring a 3.0L turbo petrol engine, adaptive suspension, AWD system and 20-inch alloy wheels.",43
2020,4,Model 4,V404,"Flagship luxury SUV powered by a 3.0L V6 petrol engine, ventilated seats, 360-degree camera, ADAS Level 2 and premium craftsmanship.",33
2020,4,Model 4,V405,"Flagship diesel SUV with air suspension, intelligent AWD, premium leather interior, advanced infotainment and executive comfort.",17
2020,4,Model 4,V406,"Dual-motor electric luxury SUV producing 300 kW, approximately 600 km driving range, ultra-fast charging, autonomous driving features and premium technology.",10
2020,4,Model 4,V407,"Performance electric SUV with dual-motor AWD, sports interior, rapid acceleration, intelligent safety systems and dynamic driving experience.",42
2020,4,Model 4,V408,"Flagship hybrid SUV powered by a 3.5L V6 hybrid engine, captain seats, panoramic glass roof, premium surround audio and comprehensive driver assistance.",32
2020,5,Model 1,V101,"Premium hatchback with a 1.2L petrol engine, 5-speed manual transmission, seating for five, dual airbags, ABS with EBD, LED DRLs, touchscreen infotainment, Apple CarPlay & Android Auto, excellent fuel efficiency and smooth city driving.",10
2020,5,Model 1,V102,"Premium hatchback powered by a 1.2L petrol engine with automatic transmission, reverse camera, cruise control, alloy wheels, automatic climate control and advanced infotainment for comfortable urban travel.",19
2020,5,Model 1,V103,"Mid-size sedan featuring a 1.5L petrol engine, manual transmission, spacious cabin, LED headlamps, rear AC vents, smart key access and balanced performance for everyday driving.",10
2020,5,Model 1,V104,"Premium sedan equipped with a 1.5L petrol engine and CVT automatic transmission, sunroof, wireless charging, connected car technology, six airbags and refined ride comfort.",10
2020,5,Model 2,V201,"Compact SUV powered by a 1.5L turbo diesel engine with manual gearbox, hill hold assist, rear parking sensors, 17-inch alloy wheels and practical family-oriented features.",51
2020,5,Model 2,V202,"Compact diesel SUV with automatic transmission, premium interior, electronic stability control, rear camera, ABS, spacious cabin and comfortable long-distance performance.",35
2020,5,Model 2,V203,"Sporty compact SUV featuring a 1.5L turbo petrol engine, manual transmission, LED lighting, touchscreen navigation and dynamic styling for enthusiastic drivers.",76
2020,5,Model 2,V204,"Compact SUV with turbo petrol engine and automatic transmission, push-button start, automatic climate control, connected vehicle technology and premium comfort.",22
2020,5,Model 2,V205,"Hybrid compact SUV with 1.5L petrol hybrid engine, e-CVT transmission, regenerative braking, outstanding fuel economy, advanced safety systems and intelligent driving assistance.",46
2020,5,Model 2,V206,"All-electric compact SUV producing 150 kW, fast charging support, approximately 450 km driving range, regenerative braking and connected smart mobility features.",35
2020,5,Model 2,V207,"Premium AWD SUV with 2.0L turbo petrol engine, panoramic sunroof, leather upholstery, 360-degree camera, ADAS safety features and luxury interior.",33
2020,5,Model 2,V208,"Premium diesel SUV equipped with AWD, terrain response modes, seven-seat configuration, premium audio system and excellent highway capability.",71
2020,5,Model 2,V209,"Family SUV powered by a 2.0L turbo petrol engine, automatic transmission, digital instrument cluster, connected navigation and spacious seven-seat layout.",44
2020,5,Model 2,V210,"Hybrid family SUV offering advanced driver assistance, adaptive cruise control, premium comfort, efficient hybrid technology and smooth e-CVT transmission.",37
2020,5,Model 3,V301,"Executive sedan with 1.8L petrol engine, premium cabin, manual transmission, projector LED headlamps and elegant styling.",51
2020,5,Model 3,V302,"Executive automatic sedan with leather upholstery, dual-zone climate control, connected infotainment and refined ride quality.",35
2020,5,Model 3,V303,"Performance sedan featuring a 2.0L petrol engine, paddle shifters, sport suspension, 18-inch alloy wheels and responsive handling.",76
2020,5,Model 3,V304,"Luxury hybrid sedan with intelligent safety systems, premium interior, exceptional fuel efficiency and smooth e-CVT performance.",22
2020,5,Model 3,V305,"Performance edition sedan powered by a turbo petrol engine with premium infotainment, sport exhaust, wireless charging and athletic design.",46
2020,5,Model 3,V306,"Executive diesel sedan offering automatic transmission, spacious rear seating, superior ride comfort and long-distance efficiency.",35
2020,5,Model 3,V307,"Luxury petrol sedan with panoramic sunroof, premium leather interior, ten airbags, connected technology and refined driving dynamics.",33
2020,5,Model 3,V308,"Luxury hybrid sedan equipped with adaptive cruise control, ventilated seats, premium sound system and intelligent safety features.",71
2020,5,Model 3,V309,"Electric luxury sedan delivering approximately 550 km range, fast charging capability, connected vehicle platform and premium comfort.",44
2020,5,Model 3,V310,"High-performance dual-motor electric sedan capable of rapid acceleration, all-wheel drive, advanced driver assistance and cutting-edge technology.",37
2020,5,Model 4,V401,"Luxury seven-seat SUV with 2.5L petrol engine, AWD, panoramic sunroof, leather seats, premium infotainment and exceptional comfort.",12
2020,5,Model 4,V402,"Luxury diesel SUV with terrain management system, electronic parking brake, connected technology and spacious premium cabin.",37
2020,5,Model 4,V403,"Performance SUV featuring a 3.0L turbo petrol engine, adaptive suspension, AWD system and 20-inch alloy wheels.",8
2020,5,Model 4,V404,"Flagship luxury SUV powered by a 3.0L V6 petrol engine, ventilated seats, 360-degree camera, ADAS Level 2 and premium craftsmanship.",13
2020,5,Model 4,V405,"Flagship diesel SUV with air suspension, intelligent AWD, premium leather interior, advanced infotainment and executive comfort.",8
2020,5,Model 4,V406,"Dual-motor electric luxury SUV producing 300 kW, approximately 600 km driving range, ultra-fast charging, autonomous driving features and premium technology.",23
2020,5,Model 4,V407,"Performance electric SUV with dual-motor AWD, sports interior, rapid acceleration, intelligent safety systems and dynamic driving experience.",43
2020,5,Model 4,V408,"Flagship hybrid SUV powered by a 3.5L V6 hybrid engine, captain seats, panoramic glass roof, premium surround audio and comprehensive driver assistance.",18
2020,6,Model 1,V101,"Premium hatchback with a 1.2L petrol engine, 5-speed manual transmission, seating for five, dual airbags, ABS with EBD, LED DRLs, touchscreen infotainment, Apple CarPlay & Android Auto, excellent fuel efficiency and smooth city driving.",15
2020,6,Model 1,V102,"Premium hatchback powered by a 1.2L petrol engine with automatic transmission, reverse camera, cruise control, alloy wheels, automatic climate control and advanced infotainment for comfortable urban travel.",10
2020,6,Model 1,V103,"Mid-size sedan featuring a 1.5L petrol engine, manual transmission, spacious cabin, LED headlamps, rear AC vents, smart key access and balanced performance for everyday driving.",5
2020,6,Model 1,V104,"Premium sedan equipped with a 1.5L petrol engine and CVT automatic transmission, sunroof, wireless charging, connected car technology, six airbags and refined ride comfort.",8
2020,6,Model 2,V201,"Compact SUV powered by a 1.5L turbo diesel engine with manual gearbox, hill hold assist, rear parking sensors, 17-inch alloy wheels and practical family-oriented features.",36
2020,6,Model 2,V202,"Compact diesel SUV with automatic transmission, premium interior, electronic stability control, rear camera, ABS, spacious cabin and comfortable long-distance performance.",21
2020,6,Model 2,V203,"Sporty compact SUV featuring a 1.5L turbo petrol engine, manual transmission, LED lighting, touchscreen navigation and dynamic styling for enthusiastic drivers.",26
2020,6,Model 2,V204,"Compact SUV with turbo petrol engine and automatic transmission, push-button start, automatic climate control, connected vehicle technology and premium comfort.",48
2020,6,Model 2,V205,"Hybrid compact SUV with 1.5L petrol hybrid engine, e-CVT transmission, regenerative braking, outstanding fuel economy, advanced safety systems and intelligent driving assistance.",55
2020,6,Model 2,V206,"All-electric compact SUV producing 150 kW, fast charging support, approximately 450 km driving range, regenerative braking and connected smart mobility features.",26
2020,6,Model 2,V207,"Premium AWD SUV with 2.0L turbo petrol engine, panoramic sunroof, leather upholstery, 360-degree camera, ADAS safety features and luxury interior.",22
2020,6,Model 2,V208,"Premium diesel SUV equipped with AWD, terrain response modes, seven-seat configuration, premium audio system and excellent highway capability.",52
2020,6,Model 2,V209,"Family SUV powered by a 2.0L turbo petrol engine, automatic transmission, digital instrument cluster, connected navigation and spacious seven-seat layout.",50
2020,6,Model 2,V210,"Hybrid family SUV offering advanced driver assistance, adaptive cruise control, premium comfort, efficient hybrid technology and smooth e-CVT transmission.",44
2020,6,Model 3,V301,"Executive sedan with 1.8L petrol engine, premium cabin, manual transmission, projector LED headlamps and elegant styling.",36
2020,6,Model 3,V302,"Executive automatic sedan with leather upholstery, dual-zone climate control, connected infotainment and refined ride quality.",21
2020,6,Model 3,V303,"Performance sedan featuring a 2.0L petrol engine, paddle shifters, sport suspension, 18-inch alloy wheels and responsive handling.",26
2020,6,Model 3,V304,"Luxury hybrid sedan with intelligent safety systems, premium interior, exceptional fuel efficiency and smooth e-CVT performance.",48
2020,6,Model 3,V305,"Performance edition sedan powered by a turbo petrol engine with premium infotainment, sport exhaust, wireless charging and athletic design.",55
2020,6,Model 3,V306,"Executive diesel sedan offering automatic transmission, spacious rear seating, superior ride comfort and long-distance efficiency.",26
2020,6,Model 3,V307,"Luxury petrol sedan with panoramic sunroof, premium leather interior, ten airbags, connected technology and refined driving dynamics.",22
2020,6,Model 3,V308,"Luxury hybrid sedan equipped with adaptive cruise control, ventilated seats, premium sound system and intelligent safety features.",52
2020,6,Model 3,V309,"Electric luxury sedan delivering approximately 550 km range, fast charging capability, connected vehicle platform and premium comfort.",50
2020,6,Model 3,V310,"High-performance dual-motor electric sedan capable of rapid acceleration, all-wheel drive, advanced driver assistance and cutting-edge technology.",44
2020,6,Model 4,V401,"Luxury seven-seat SUV with 2.5L petrol engine, AWD, panoramic sunroof, leather seats, premium infotainment and exceptional comfort.",24
2020,6,Model 4,V402,"Luxury diesel SUV with terrain management system, electronic parking brake, connected technology and spacious premium cabin.",27
2020,6,Model 4,V403,"Performance SUV featuring a 3.0L turbo petrol engine, adaptive suspension, AWD system and 20-inch alloy wheels.",9
2020,6,Model 4,V404,"Flagship luxury SUV powered by a 3.0L V6 petrol engine, ventilated seats, 360-degree camera, ADAS Level 2 and premium craftsmanship.",22
2020,6,Model 4,V405,"Flagship diesel SUV with air suspension, intelligent AWD, premium leather interior, advanced infotainment and executive comfort.",24
2020,6,Model 4,V406,"Dual-motor electric luxury SUV producing 300 kW, approximately 600 km driving range, ultra-fast charging, autonomous driving features and premium technology.",14
2020,6,Model 4,V407,"Performance electric SUV with dual-motor AWD, sports interior, rapid acceleration, intelligent safety systems and dynamic driving experience.",28
2020,6,Model 4,V408,"Flagship hybrid SUV powered by a 3.5L V6 hybrid engine, captain seats, panoramic glass roof, premium surround audio and comprehensive driver assistance.",7
2020,7,Model 1,V101,"Premium hatchback with a 1.2L petrol engine, 5-speed manual transmission, seating for five, dual airbags, ABS with EBD, LED DRLs, touchscreen infotainment, Apple CarPlay & Android Auto, excellent fuel efficiency and smooth city driving.",13
2020,7,Model 1,V102,"Premium hatchback powered by a 1.2L petrol engine with automatic transmission, reverse camera, cruise control, alloy wheels, automatic climate control and advanced infotainment for comfortable urban travel.",11
2020,7,Model 1,V103,"Mid-size sedan featuring a 1.5L petrol engine, manual transmission, spacious cabin, LED headlamps, rear AC vents, smart key access and balanced performance for everyday driving.",8
2020,7,Model 1,V104,"Premium sedan equipped with a 1.5L petrol engine and CVT automatic transmission, sunroof, wireless charging, connected car technology, six airbags and refined ride comfort.",10
2020,7,Model 2,V201,"Compact SUV powered by a 1.5L turbo diesel engine with manual gearbox, hill hold assist, rear parking sensors, 17-inch alloy wheels and practical family-oriented features.",15
2020,7,Model 2,V202,"Compact diesel SUV with automatic transmission, premium interior, electronic stability control, rear camera, ABS, spacious cabin and comfortable long-distance performance.",17
2020,7,Model 2,V203,"Sporty compact SUV featuring a 1.5L turbo petrol engine, manual transmission, LED lighting, touchscreen navigation and dynamic styling for enthusiastic drivers.",42
2020,7,Model 2,V204,"Compact SUV with turbo petrol engine and automatic transmission, push-button start, automatic climate control, connected vehicle technology and premium comfort.",37
2020,7,Model 2,V205,"Hybrid compact SUV with 1.5L petrol hybrid engine, e-CVT transmission, regenerative braking, outstanding fuel economy, advanced safety systems and intelligent driving assistance.",39
2020,7,Model 2,V206,"All-electric compact SUV producing 150 kW, fast charging support, approximately 450 km driving range, regenerative braking and connected smart mobility features.",20
2020,7,Model 2,V207,"Premium AWD SUV with 2.0L turbo petrol engine, panoramic sunroof, leather upholstery, 360-degree camera, ADAS safety features and luxury interior.",42
2020,7,Model 2,V208,"Premium diesel SUV equipped with AWD, terrain response modes, seven-seat configuration, premium audio system and excellent highway capability.",40
2020,7,Model 2,V209,"Family SUV powered by a 2.0L turbo petrol engine, automatic transmission, digital instrument cluster, connected navigation and spacious seven-seat layout.",18
2020,7,Model 2,V210,"Hybrid family SUV offering advanced driver assistance, adaptive cruise control, premium comfort, efficient hybrid technology and smooth e-CVT transmission.",18
2020,7,Model 3,V301,"Executive sedan with 1.8L petrol engine, premium cabin, manual transmission, projector LED headlamps and elegant styling.",15
2020,7,Model 3,V302,"Executive automatic sedan with leather upholstery, dual-zone climate control, connected infotainment and refined ride quality.",17
2020,7,Model 3,V303,"Performance sedan featuring a 2.0L petrol engine, paddle shifters, sport suspension, 18-inch alloy wheels and responsive handling.",42
2020,7,Model 3,V304,"Luxury hybrid sedan with intelligent safety systems, premium interior, exceptional fuel efficiency and smooth e-CVT performance.",37
2020,7,Model 3,V305,"Performance edition sedan powered by a turbo petrol engine with premium infotainment, sport exhaust, wireless charging and athletic design.",39
2020,7,Model 3,V306,"Executive diesel sedan offering automatic transmission, spacious rear seating, superior ride comfort and long-distance efficiency.",20
2020,7,Model 3,V307,"Luxury petrol sedan with panoramic sunroof, premium leather interior, ten airbags, connected technology and refined driving dynamics.",42
2020,7,Model 3,V308,"Luxury hybrid sedan equipped with adaptive cruise control, ventilated seats, premium sound system and intelligent safety features.",40
2020,7,Model 3,V309,"Electric luxury sedan delivering approximately 550 km range, fast charging capability, connected vehicle platform and premium comfort.",18
2020,7,Model 3,V310,"High-performance dual-motor electric sedan capable of rapid acceleration, all-wheel drive, advanced driver assistance and cutting-edge technology.",18
2020,7,Model 4,V401,"Luxury seven-seat SUV with 2.5L petrol engine, AWD, panoramic sunroof, leather seats, premium infotainment and exceptional comfort.",14
2020,7,Model 4,V402,"Luxury diesel SUV with terrain management system, electronic parking brake, connected technology and spacious premium cabin.",22
2020,7,Model 4,V403,"Performance SUV featuring a 3.0L turbo petrol engine, adaptive suspension, AWD system and 20-inch alloy wheels.",9
2020,7,Model 4,V404,"Flagship luxury SUV powered by a 3.0L V6 petrol engine, ventilated seats, 360-degree camera, ADAS Level 2 and premium craftsmanship.",6
2020,7,Model 4,V405,"Flagship diesel SUV with air suspension, intelligent AWD, premium leather interior, advanced infotainment and executive comfort.",8
2020,7,Model 4,V406,"Dual-motor electric luxury SUV producing 300 kW, approximately 600 km driving range, ultra-fast charging, autonomous driving features and premium technology.",13
2020,7,Model 4,V407,"Performance electric SUV with dual-motor AWD, sports interior, rapid acceleration, intelligent safety systems and dynamic driving experience.",23
2020,7,Model 4,V408,"Flagship hybrid SUV powered by a 3.5L V6 hybrid engine, captain seats, panoramic glass roof, premium surround audio and comprehensive driver assistance.",23
2020,8,Model 1,V101,"Premium hatchback with a 1.2L petrol engine, 5-speed manual transmission, seating for five, dual airbags, ABS with EBD, LED DRLs, touchscreen infotainment, Apple CarPlay & Android Auto, excellent fuel efficiency and smooth city driving.",12
2020,8,Model 1,V102,"Premium hatchback powered by a 1.2L petrol engine with automatic transmission, reverse camera, cruise control, alloy wheels, automatic climate control and advanced infotainment for comfortable urban travel.",12
2020,8,Model 1,V103,"Mid-size sedan featuring a 1.5L petrol engine, manual transmission, spacious cabin, LED headlamps, rear AC vents, smart key access and balanced performance for everyday driving.",14
2020,8,Model 1,V104,"Premium sedan equipped with a 1.5L petrol engine and CVT automatic transmission, sunroof, wireless charging, connected car technology, six airbags and refined ride comfort.",8
2020,8,Model 2,V201,"Compact SUV powered by a 1.5L turbo diesel engine with manual gearbox, hill hold assist, rear parking sensors, 17-inch alloy wheels and practical family-oriented features.",36
2020,8,Model 2,V202,"Compact diesel SUV with automatic transmission, premium interior, electronic stability control, rear camera, ABS, spacious cabin and comfortable long-distance performance.",49
2020,8,Model 2,V203,"Sporty compact SUV featuring a 1.5L turbo petrol engine, manual transmission, LED lighting, touchscreen navigation and dynamic styling for enthusiastic drivers.",45
2020,8,Model 2,V204,"Compact SUV with turbo petrol engine and automatic transmission, push-button start, automatic climate control, connected vehicle technology and premium comfort.",31
2020,8,Model 2,V205,"Hybrid compact SUV with 1.5L petrol hybrid engine, e-CVT transmission, regenerative braking, outstanding fuel economy, advanced safety systems and intelligent driving assistance.",40
2020,8,Model 2,V206,"All-electric compact SUV producing 150 kW, fast charging support, approximately 450 km driving range, regenerative braking and connected smart mobility features.",43
2020,8,Model 2,V207,"Premium AWD SUV with 2.0L turbo petrol engine, panoramic sunroof, leather upholstery, 360-degree camera, ADAS safety features and luxury interior.",49
2020,8,Model 2,V208,"Premium diesel SUV equipped with AWD, terrain response modes, seven-seat configuration, premium audio system and excellent highway capability.",39
2020,8,Model 2,V209,"Family SUV powered by a 2.0L turbo petrol engine, automatic transmission, digital instrument cluster, connected navigation and spacious seven-seat layout.",19
2020,8,Model 2,V210,"Hybrid family SUV offering advanced driver assistance, adaptive cruise control, premium comfort, efficient hybrid technology and smooth e-CVT transmission.",21
2020,8,Model 3,V301,"Executive sedan with 1.8L petrol engine, premium cabin, manual transmission, projector LED headlamps and elegant styling.",36
2020,8,Model 3,V302,"Executive automatic sedan with leather upholstery, dual-zone climate control, connected infotainment and refined ride quality.",49
2020,8,Model 3,V303,"Performance sedan featuring a 2.0L petrol engine, paddle shifters, sport suspension, 18-inch alloy wheels and responsive handling.",45
2020,8,Model 3,V304,"Luxury hybrid sedan with intelligent safety systems, premium interior, exceptional fuel efficiency and smooth e-CVT performance.",31
2020,8,Model 3,V305,"Performance edition sedan powered by a turbo petrol engine with premium infotainment, sport exhaust, wireless charging and athletic design.",40
2020,8,Model 3,V306,"Executive diesel sedan offering automatic transmission, spacious rear seating, superior ride comfort and long-distance efficiency.",43
2020,8,Model 3,V307,"Luxury petrol sedan with panoramic sunroof, premium leather interior, ten airbags, connected technology and refined driving dynamics.",49
2020,8,Model 3,V308,"Luxury hybrid sedan equipped with adaptive cruise control, ventilated seats, premium sound system and intelligent safety features.",39
2020,8,Model 3,V309,"Electric luxury sedan delivering approximately 550 km range, fast charging capability, connected vehicle platform and premium comfort.",19
2020,8,Model 3,V310,"High-performance dual-motor electric sedan capable of rapid acceleration, all-wheel drive, advanced driver assistance and cutting-edge technology.",21
2020,8,Model 4,V401,"Luxury seven-seat SUV with 2.5L petrol engine, AWD, panoramic sunroof, leather seats, premium infotainment and exceptional comfort.",24
2020,8,Model 4,V402,"Luxury diesel SUV with terrain management system, electronic parking brake, connected technology and spacious premium cabin.",24
2020,8,Model 4,V403,"Performance SUV featuring a 3.0L turbo petrol engine, adaptive suspension, AWD system and 20-inch alloy wheels.",27
2020,8,Model 4,V404,"Flagship luxury SUV powered by a 3.0L V6 petrol engine, ventilated seats, 360-degree camera, ADAS Level 2 and premium craftsmanship.",21
2020,8,Model 4,V405,"Flagship diesel SUV with air suspension, intelligent AWD, premium leather interior, advanced infotainment and executive comfort.",26
2020,8,Model 4,V406,"Dual-motor electric luxury SUV producing 300 kW, approximately 600 km driving range, ultra-fast charging, autonomous driving features and premium technology.",11
2020,8,Model 4,V407,"Performance electric SUV with dual-motor AWD, sports interior, rapid acceleration, intelligent safety systems and dynamic driving experience.",17
2020,8,Model 4,V408,"Flagship hybrid SUV powered by a 3.5L V6 hybrid engine, captain seats, panoramic glass roof, premium surround audio and comprehensive driver assistance.",18
2020,9,Model 1,V101,"Premium hatchback with a 1.2L petrol engine, 5-speed manual transmission, seating for five, dual airbags, ABS with EBD, LED DRLs, touchscreen infotainment, Apple CarPlay & Android Auto, excellent fuel efficiency and smooth city driving.",8
2020,9,Model 1,V102,"Premium hatchback powered by a 1.2L petrol engine with automatic transmission, reverse camera, cruise control, alloy wheels, automatic climate control and advanced infotainment for comfortable urban travel.",12
2020,9,Model 1,V103,"Mid-size sedan featuring a 1.5L petrol engine, manual transmission, spacious cabin, LED headlamps, rear AC vents, smart key access and balanced performance for everyday driving.",10
2020,9,Model 1,V104,"Premium sedan equipped with a 1.5L petrol engine and CVT automatic transmission, sunroof, wireless charging, connected car technology, six airbags and refined ride comfort.",13
2020,9,Model 2,V201,"Compact SUV powered by a 1.5L turbo diesel engine with manual gearbox, hill hold assist, rear parking sensors, 17-inch alloy wheels and practical family-oriented features.",46
2020,9,Model 2,V202,"Compact diesel SUV with automatic transmission, premium interior, electronic stability control, rear camera, ABS, spacious cabin and comfortable long-distance performance.",48
2020,9,Model 2,V203,"Sporty compact SUV featuring a 1.5L turbo petrol engine, manual transmission, LED lighting, touchscreen navigation and dynamic styling for enthusiastic drivers.",24
2020,9,Model 2,V204,"Compact SUV with turbo petrol engine and automatic transmission, push-button start, automatic climate control, connected vehicle technology and premium comfort.",40
2020,9,Model 2,V205,"Hybrid compact SUV with 1.5L petrol hybrid engine, e-CVT transmission, regenerative braking, outstanding fuel economy, advanced safety systems and intelligent driving assistance.",49
2020,9,Model 2,V206,"All-electric compact SUV producing 150 kW, fast charging support, approximately 450 km driving range, regenerative braking and connected smart mobility features.",40
2020,9,Model 2,V207,"Premium AWD SUV with 2.0L turbo petrol engine, panoramic sunroof, leather upholstery, 360-degree camera, ADAS safety features and luxury interior.",36
2020,9,Model 2,V208,"Premium diesel SUV equipped with AWD, terrain response modes, seven-seat configuration, premium audio system and excellent highway capability.",44
2020,9,Model 2,V209,"Family SUV powered by a 2.0L turbo petrol engine, automatic transmission, digital instrument cluster, connected navigation and spacious seven-seat layout.",28
2020,9,Model 2,V210,"Hybrid family SUV offering advanced driver assistance, adaptive cruise control, premium comfort, efficient hybrid technology and smooth e-CVT transmission.",52
2020,9,Model 3,V301,"Executive sedan with 1.8L petrol engine, premium cabin, manual transmission, projector LED headlamps and elegant styling.",46
2020,9,Model 3,V302,"Executive automatic sedan with leather upholstery, dual-zone climate control, connected infotainment and refined ride quality.",48
2020,9,Model 3,V303,"Performance sedan featuring a 2.0L petrol engine, paddle shifters, sport suspension, 18-inch alloy wheels and responsive handling.",24
2020,9,Model 3,V304,"Luxury hybrid sedan with intelligent safety systems, premium interior, exceptional fuel efficiency and smooth e-CVT performance.",40
2020,9,Model 3,V305,"Performance edition sedan powered by a turbo petrol engine with premium infotainment, sport exhaust, wireless charging and athletic design.",49
2020,9,Model 3,V306,"Executive diesel sedan offering automatic transmission, spacious rear seating, superior ride comfort and long-distance efficiency.",40
2020,9,Model 3,V307,"Luxury petrol sedan with panoramic sunroof, premium leather interior, ten airbags, connected technology and refined driving dynamics.",36
2020,9,Model 3,V308,"Luxury hybrid sedan equipped with adaptive cruise control, ventilated seats, premium sound system and intelligent safety features.",44
2020,9,Model 3,V309,"Electric luxury sedan delivering approximately 550 km range, fast charging capability, connected vehicle platform and premium comfort.",28
2020,9,Model 3,V310,"High-performance dual-motor electric sedan capable of rapid acceleration, all-wheel drive, advanced driver assistance and cutting-edge technology.",52
2020,9,Model 4,V401,"Luxury seven-seat SUV with 2.5L petrol engine, AWD, panoramic sunroof, leather seats, premium infotainment and exceptional comfort.",8
2020,9,Model 4,V402,"Luxury diesel SUV with terrain management system, electronic parking brake, connected technology and spacious premium cabin.",9
2020,9,Model 4,V403,"Performance SUV featuring a 3.0L turbo petrol engine, adaptive suspension, AWD system and 20-inch alloy wheels.",9
2020,9,Model 4,V404,"Flagship luxury SUV powered by a 3.0L V6 petrol engine, ventilated seats, 360-degree camera, ADAS Level 2 and premium craftsmanship.",9
2020,9,Model 4,V405,"Flagship diesel SUV with air suspension, intelligent AWD, premium leather interior, advanced infotainment and executive comfort.",22
2020,9,Model 4,V406,"Dual-motor electric luxury SUV producing 300 kW, approximately 600 km driving range, ultra-fast charging, autonomous driving features and premium technology.",9
2020,9,Model 4,V407,"Performance electric SUV with dual-motor AWD, sports interior, rapid acceleration, intelligent safety systems and dynamic driving experience.",33
2020,9,Model 4,V408,"Flagship hybrid SUV powered by a 3.5L V6 hybrid engine, captain seats, panoramic glass roof, premium surround audio and comprehensive driver assistance.",33
2020,10,Model 1,V101,"Premium hatchback with a 1.2L petrol engine, 5-speed manual transmission, seating for five, dual airbags, ABS with EBD, LED DRLs, touchscreen infotainment, Apple CarPlay & Android Auto, excellent fuel efficiency and smooth city driving.",14
2020,10,Model 1,V102,"Premium hatchback powered by a 1.2L petrol engine with automatic transmission, reverse camera, cruise control, alloy wheels, automatic climate control and advanced infotainment for comfortable urban travel.",8
2020,10,Model 1,V103,"Mid-size sedan featuring a 1.5L petrol engine, manual transmission, spacious cabin, LED headlamps, rear AC vents, smart key access and balanced performance for everyday driving.",18
2020,10,Model 1,V104,"Premium sedan equipped with a 1.5L petrol engine and CVT automatic transmission, sunroof, wireless charging, connected car technology, six airbags and refined ride comfort.",6
2020,10,Model 2,V201,"Compact SUV powered by a 1.5L turbo diesel engine with manual gearbox, hill hold assist, rear parking sensors, 17-inch alloy wheels and practical family-oriented features.",75
2020,10,Model 2,V202,"Compact diesel SUV with automatic transmission, premium interior, electronic stability control, rear camera, ABS, spacious cabin and comfortable long-distance performance.",73
2020,10,Model 2,V203,"Sporty compact SUV featuring a 1.5L turbo petrol engine, manual transmission, LED lighting, touchscreen navigation and dynamic styling for enthusiastic drivers.",73
2020,10,Model 2,V204,"Compact SUV with turbo petrol engine and automatic transmission, push-button start, automatic climate control, connected vehicle technology and premium comfort.",51
2020,10,Model 2,V205,"Hybrid compact SUV with 1.5L petrol hybrid engine, e-CVT transmission, regenerative braking, outstanding fuel economy, advanced safety systems and intelligent driving assistance.",33
2020,10,Model 2,V206,"All-electric compact SUV producing 150 kW, fast charging support, approximately 450 km driving range, regenerative braking and connected smart mobility features.",59
2020,10,Model 2,V207,"Premium AWD SUV with 2.0L turbo petrol engine, panoramic sunroof, leather upholstery, 360-degree camera, ADAS safety features and luxury interior.",54
2020,10,Model 2,V208,"Premium diesel SUV equipped with AWD, terrain response modes, seven-seat configuration, premium audio system and excellent highway capability.",60
2020,10,Model 2,V209,"Family SUV powered by a 2.0L turbo petrol engine, automatic transmission, digital instrument cluster, connected navigation and spacious seven-seat layout.",26
2020,10,Model 2,V210,"Hybrid family SUV offering advanced driver assistance, adaptive cruise control, premium comfort, efficient hybrid technology and smooth e-CVT transmission.",48
2020,10,Model 3,V301,"Executive sedan with 1.8L petrol engine, premium cabin, manual transmission, projector LED headlamps and elegant styling.",75
2020,10,Model 3,V302,"Executive automatic sedan with leather upholstery, dual-zone climate control, connected infotainment and refined ride quality.",73
2020,10,Model 3,V303,"Performance sedan featuring a 2.0L petrol engine, paddle shifters, sport suspension, 18-inch alloy wheels and responsive handling.",73
2020,10,Model 3,V304,"Luxury hybrid sedan with intelligent safety systems, premium interior, exceptional fuel efficiency and smooth e-CVT performance.",51
2020,10,Model 3,V305,"Performance edition sedan powered by a turbo petrol engine with premium infotainment, sport exhaust, wireless charging and athletic design.",33
2020,10,Model 3,V306,"Executive diesel sedan offering automatic transmission, spacious rear seating, superior ride comfort and long-distance efficiency.",59
2020,10,Model 3,V307,"Luxury petrol sedan with panoramic sunroof, premium leather interior, ten airbags, connected technology and refined driving dynamics.",54
2020,10,Model 3,V308,"Luxury hybrid sedan equipped with adaptive cruise control, ventilated seats, premium sound system and intelligent safety features.",60
2020,10,Model 3,V309,"Electric luxury sedan delivering approximately 550 km range, fast charging capability, connected vehicle platform and premium comfort.",26
2020,10,Model 3,V310,"High-performance dual-motor electric sedan capable of rapid acceleration, all-wheel drive, advanced driver assistance and cutting-edge technology.",48
2020,10,Model 4,V401,"Luxury seven-seat SUV with 2.5L petrol engine, AWD, panoramic sunroof, leather seats, premium infotainment and exceptional comfort.",35
2020,10,Model 4,V402,"Luxury diesel SUV with terrain management system, electronic parking brake, connected technology and spacious premium cabin.",21
2020,10,Model 4,V403,"Performance SUV featuring a 3.0L turbo petrol engine, adaptive suspension, AWD system and 20-inch alloy wheels.",23
2020,10,Model 4,V404,"Flagship luxury SUV powered by a 3.0L V6 petrol engine, ventilated seats, 360-degree camera, ADAS Level 2 and premium craftsmanship.",12
2020,10,Model 4,V405,"Flagship diesel SUV with air suspension, intelligent AWD, premium leather interior, advanced infotainment and executive comfort.",33
2020,10,Model 4,V406,"Dual-motor electric luxury SUV producing 300 kW, approximately 600 km driving range, ultra-fast charging, autonomous driving features and premium technology.",30
2020,10,Model 4,V407,"Performance electric SUV with dual-motor AWD, sports interior, rapid acceleration, intelligent safety systems and dynamic driving experience.",17
2020,10,Model 4,V408,"Flagship hybrid SUV powered by a 3.5L V6 hybrid engine, captain seats, panoramic glass roof, premium surround audio and comprehensive driver assistance.",14
2020,11,Model 1,V101,"Premium hatchback with a 1.2L petrol engine, 5-speed manual transmission, seating for five, dual airbags, ABS with EBD, LED DRLs, touchscreen infotainment, Apple CarPlay & Android Auto, excellent fuel efficiency and smooth city driving.",21
2020,11,Model 1,V102,"Premium hatchback powered by a 1.2L petrol engine with automatic transmission, reverse camera, cruise control, alloy wheels, automatic climate control and advanced infotainment for comfortable urban travel.",16
2020,11,Model 1,V103,"Mid-size sedan featuring a 1.5L petrol engine, manual transmission, spacious cabin, LED headlamps, rear AC vents, smart key access and balanced performance for everyday driving.",10
2020,11,Model 1,V104,"Premium sedan equipped with a 1.5L petrol engine and CVT automatic transmission, sunroof, wireless charging, connected car technology, six airbags and refined ride comfort.",8
2020,11,Model 2,V201,"Compact SUV powered by a 1.5L turbo diesel engine with manual gearbox, hill hold assist, rear parking sensors, 17-inch alloy wheels and practical family-oriented features.",53
2020,11,Model 2,V202,"Compact diesel SUV with automatic transmission, premium interior, electronic stability control, rear camera, ABS, spacious cabin and comfortable long-distance performance.",72
2020,11,Model 2,V203,"Sporty compact SUV featuring a 1.5L turbo petrol engine, manual transmission, LED lighting, touchscreen navigation and dynamic styling for enthusiastic drivers.",55
2020,11,Model 2,V204,"Compact SUV with turbo petrol engine and automatic transmission, push-button start, automatic climate control, connected vehicle technology and premium comfort.",32
2020,11,Model 2,V205,"Hybrid compact SUV with 1.5L petrol hybrid engine, e-CVT transmission, regenerative braking, outstanding fuel economy, advanced safety systems and intelligent driving assistance.",47
2020,11,Model 2,V206,"All-electric compact SUV producing 150 kW, fast charging support, approximately 450 km driving range, regenerative braking and connected smart mobility features.",74
2020,11,Model 2,V207,"Premium AWD SUV with 2.0L turbo petrol engine, panoramic sunroof, leather upholstery, 360-degree camera, ADAS safety features and luxury interior.",42
2020,11,Model 2,V208,"Premium diesel SUV equipped with AWD, terrain response modes, seven-seat configuration, premium audio system and excellent highway capability.",60
2020,11,Model 2,V209,"Family SUV powered by a 2.0L turbo petrol engine, automatic transmission, digital instrument cluster, connected navigation and spacious seven-seat layout.",73
2020,11,Model 2,V210,"Hybrid family SUV offering advanced driver assistance, adaptive cruise control, premium comfort, efficient hybrid technology and smooth e-CVT transmission.",78
2020,11,Model 3,V301,"Executive sedan with 1.8L petrol engine, premium cabin, manual transmission, projector LED headlamps and elegant styling.",53
2020,11,Model 3,V302,"Executive automatic sedan with leather upholstery, dual-zone climate control, connected infotainment and refined ride quality.",72
2020,11,Model 3,V303,"Performance sedan featuring a 2.0L petrol engine, paddle shifters, sport suspension, 18-inch alloy wheels and responsive handling.",55
2020,11,Model 3,V304,"Luxury hybrid sedan with intelligent safety systems, premium interior, exceptional fuel efficiency and smooth e-CVT performance.",32
2020,11,Model 3,V305,"Performance edition sedan powered by a turbo petrol engine with premium infotainment, sport exhaust, wireless charging and athletic design.",47
2020,11,Model 3,V306,"Executive diesel sedan offering automatic transmission, spacious rear seating, superior ride comfort and long-distance efficiency.",74
2020,11,Model 3,V307,"Luxury petrol sedan with panoramic sunroof, premium leather interior, ten airbags, connected technology and refined driving dynamics.",42
2020,11,Model 3,V308,"Luxury hybrid sedan equipped with adaptive cruise control, ventilated seats, premium sound system and intelligent safety features.",60
2020,11,Model 3,V309,"Electric luxury sedan delivering approximately 550 km range, fast charging capability, connected vehicle platform and premium comfort.",73
2020,11,Model 3,V310,"High-performance dual-motor electric sedan capable of rapid acceleration, all-wheel drive, advanced driver assistance and cutting-edge technology.",78
2020,11,Model 4,V401,"Luxury seven-seat SUV with 2.5L petrol engine, AWD, panoramic sunroof, leather seats, premium infotainment and exceptional comfort.",35
2020,11,Model 4,V402,"Luxury diesel SUV with terrain management system, electronic parking brake, connected technology and spacious premium cabin.",38
2020,11,Model 4,V403,"Performance SUV featuring a 3.0L turbo petrol engine, adaptive suspension, AWD system and 20-inch alloy wheels.",37
2020,11,Model 4,V404,"Flagship luxury SUV powered by a 3.0L V6 petrol engine, ventilated seats, 360-degree camera, ADAS Level 2 and premium craftsmanship.",33
2020,11,Model 4,V405,"Flagship diesel SUV with air suspension, intelligent AWD, premium leather interior, advanced infotainment and executive comfort.",8
2020,11,Model 4,V406,"Dual-motor electric luxury SUV producing 300 kW, approximately 600 km driving range, ultra-fast charging, autonomous driving features and premium technology.",35
2020,11,Model 4,V407,"Performance electric SUV with dual-motor AWD, sports interior, rapid acceleration, intelligent safety systems and dynamic driving experience.",37
2020,11,Model 4,V408,"Flagship hybrid SUV powered by a 3.5L V6 hybrid engine, captain seats, panoramic glass roof, premium surround audio and comprehensive driver assistance.",39
2020,12,Model 1,V101,"Premium hatchback with a 1.2L petrol engine, 5-speed manual transmission, seating for five, dual airbags, ABS with EBD, LED DRLs, touchscreen infotainment, Apple CarPlay & Android Auto, excellent fuel efficiency and smooth city driving.",12
2020,12,Model 1,V102,"Premium hatchback powered by a 1.2L petrol engine with automatic transmission, reverse camera, cruise control, alloy wheels, automatic climate control and advanced infotainment for comfortable urban travel.",6
2020,12,Model 1,V103,"Mid-size sedan featuring a 1.5L petrol engine, manual transmission, spacious cabin, LED headlamps, rear AC vents, smart key access and balanced performance for everyday driving.",9
2020,12,Model 1,V104,"Premium sedan equipped with a 1.5L petrol engine and CVT automatic transmission, sunroof, wireless charging, connected car technology, six airbags and refined ride comfort.",12
2020,12,Model 2,V201,"Compact SUV powered by a 1.5L turbo diesel engine with manual gearbox, hill hold assist, rear parking sensors, 17-inch alloy wheels and practical family-oriented features.",50
2020,12,Model 2,V202,"Compact diesel SUV with automatic transmission, premium interior, electronic stability control, rear camera, ABS, spacious cabin and comfortable long-distance performance.",52
2020,12,Model 2,V203,"Sporty compact SUV featuring a 1.5L turbo petrol engine, manual transmission, LED lighting, touchscreen navigation and dynamic styling for enthusiastic drivers.",53
2020,12,Model 2,V204,"Compact SUV with turbo petrol engine and automatic transmission, push-button start, automatic climate control, connected vehicle technology and premium comfort.",22
2020,12,Model 2,V205,"Hybrid compact SUV with 1.5L petrol hybrid engine, e-CVT transmission, regenerative braking, outstanding fuel economy, advanced safety systems and intelligent driving assistance.",38
2020,12,Model 2,V206,"All-electric compact SUV producing 150 kW, fast charging support, approximately 450 km driving range, regenerative braking and connected smart mobility features.",35
2020,12,Model 2,V207,"Premium AWD SUV with 2.0L turbo petrol engine, panoramic sunroof, leather upholstery, 360-degree camera, ADAS safety features and luxury interior.",73
2020,12,Model 2,V208,"Premium diesel SUV equipped with AWD, terrain response modes, seven-seat configuration, premium audio system and excellent highway capability.",58
2020,12,Model 2,V209,"Family SUV powered by a 2.0L turbo petrol engine, automatic transmission, digital instrument cluster, connected navigation and spacious seven-seat layout.",28
2020,12,Model 2,V210,"Hybrid family SUV offering advanced driver assistance, adaptive cruise control, premium comfort, efficient hybrid technology and smooth e-CVT transmission.",35
2020,12,Model 3,V301,"Executive sedan with 1.8L petrol engine, premium cabin, manual transmission, projector LED headlamps and elegant styling.",50
2020,12,Model 3,V302,"Executive automatic sedan with leather upholstery, dual-zone climate control, connected infotainment and refined ride quality.",52
2020,12,Model 3,V303,"Performance sedan featuring a 2.0L petrol engine, paddle shifters, sport suspension, 18-inch alloy wheels and responsive handling.",53
2020,12,Model 3,V304,"Luxury hybrid sedan with intelligent safety systems, premium interior, exceptional fuel efficiency and smooth e-CVT performance.",22
2020,12,Model 3,V305,"Performance edition sedan powered by a turbo petrol engine with premium infotainment, sport exhaust, wireless charging and athletic design.",38
2020,12,Model 3,V306,"Executive diesel sedan offering automatic transmission, spacious rear seating, superior ride comfort and long-distance efficiency.",35
2020,12,Model 3,V307,"Luxury petrol sedan with panoramic sunroof, premium leather interior, ten airbags, connected technology and refined driving dynamics.",73
2020,12,Model 3,V308,"Luxury hybrid sedan equipped with adaptive cruise control, ventilated seats, premium sound system and intelligent safety features.",58
2020,12,Model 3,V309,"Electric luxury sedan delivering approximately 550 km range, fast charging capability, connected vehicle platform and premium comfort.",28
2020,12,Model 3,V310,"High-performance dual-motor electric sedan capable of rapid acceleration, all-wheel drive, advanced driver assistance and cutting-edge technology.",35
2020,12,Model 4,V401,"Luxury seven-seat SUV with 2.5L petrol engine, AWD, panoramic sunroof, leather seats, premium infotainment and exceptional comfort.",41
2020,12,Model 4,V402,"Luxury diesel SUV with terrain management system, electronic parking brake, connected technology and spacious premium cabin.",36
2020,12,Model 4,V403,"Performance SUV featuring a 3.0L turbo petrol engine, adaptive suspension, AWD system and 20-inch alloy wheels.",8
2020,12,Model 4,V404,"Flagship luxury SUV powered by a 3.0L V6 petrol engine, ventilated seats, 360-degree camera, ADAS Level 2 and premium craftsmanship.",11
2020,12,Model 4,V405,"Flagship diesel SUV with air suspension, intelligent AWD, premium leather interior, advanced infotainment and executive comfort.",41
2020,12,Model 4,V406,"Dual-motor electric luxury SUV producing 300 kW, approximately 600 km driving range, ultra-fast charging, autonomous driving features and premium technology.",31
2020,12,Model 4,V407,"Performance electric SUV with dual-motor AWD, sports interior, rapid acceleration, intelligent safety systems and dynamic driving experience.",17
2020,12,Model 4,V408,"Flagship hybrid SUV powered by a 3.5L V6 hybrid engine, captain seats, panoramic glass roof, premium surround audio and comprehensive driver assistance.",24
2021,1,Model 1,V101,"Premium hatchback with a 1.2L petrol engine, 5-speed manual transmission, seating for five, dual airbags, ABS with EBD, LED DRLs, touchscreen infotainment, Apple CarPlay & Android Auto, excellent fuel efficiency and smooth city driving.",17
2021,1,Model 1,V102,"Premium hatchback powered by a 1.2L petrol engine with automatic transmission, reverse camera, cruise control, alloy wheels, automatic climate control and advanced infotainment for comfortable urban travel.",18
2021,1,Model 1,V103,"Mid-size sedan featuring a 1.5L petrol engine, manual transmission, spacious cabin, LED headlamps, rear AC vents, smart key access and balanced performance for everyday driving.",15
2021,1,Model 1,V104,"Premium sedan equipped with a 1.5L petrol engine and CVT automatic transmission, sunroof, wireless charging, connected car technology, six airbags and refined ride comfort.",10
2021,1,Model 2,V201,"Compact SUV powered by a 1.5L turbo diesel engine with manual gearbox, hill hold assist, rear parking sensors, 17-inch alloy wheels and practical family-oriented features.",63
2021,1,Model 2,V202,"Compact diesel SUV with automatic transmission, premium interior, electronic stability control, rear camera, ABS, spacious cabin and comfortable long-distance performance.",57
2021,1,Model 2,V203,"Sporty compact SUV featuring a 1.5L turbo petrol engine, manual transmission, LED lighting, touchscreen navigation and dynamic styling for enthusiastic drivers.",59
2021,1,Model 2,V204,"Compact SUV with turbo petrol engine and automatic transmission, push-button start, automatic climate control, connected vehicle technology and premium comfort.",84
2021,1,Model 2,V205,"Hybrid compact SUV with 1.5L petrol hybrid engine, e-CVT transmission, regenerative braking, outstanding fuel economy, advanced safety systems and intelligent driving assistance.",87
2021,1,Model 2,V206,"All-electric compact SUV producing 150 kW, fast charging support, approximately 450 km driving range, regenerative braking and connected smart mobility features.",33
2021,1,Model 2,V207,"Premium AWD SUV with 2.0L turbo petrol engine, panoramic sunroof, leather upholstery, 360-degree camera, ADAS safety features and luxury interior.",30
2021,1,Model 2,V208,"Premium diesel SUV equipped with AWD, terrain response modes, seven-seat configuration, premium audio system and excellent highway capability.",41
2021,1,Model 2,V209,"Family SUV powered by a 2.0L turbo petrol engine, automatic transmission, digital instrument cluster, connected navigation and spacious seven-seat layout.",41
2021,1,Model 2,V210,"Hybrid family SUV offering advanced driver assistance, adaptive cruise control, premium comfort, efficient hybrid technology and smooth e-CVT transmission.",90
2021,1,Model 3,V301,"Executive sedan with 1.8L petrol engine, premium cabin, manual transmission, projector LED headlamps and elegant styling.",63
2021,1,Model 3,V302,"Executive automatic sedan with leather upholstery, dual-zone climate control, connected infotainment and refined ride quality.",57
2021,1,Model 3,V303,"Performance sedan featuring a 2.0L petrol engine, paddle shifters, sport suspension, 18-inch alloy wheels and responsive handling.",59
2021,1,Model 3,V304,"Luxury hybrid sedan with intelligent safety systems, premium interior, exceptional fuel efficiency and smooth e-CVT performance.",84
2021,1,Model 3,V305,"Performance edition sedan powered by a turbo petrol engine with premium infotainment, sport exhaust, wireless charging and athletic design.",87
2021,1,Model 3,V306,"Executive diesel sedan offering automatic transmission, spacious rear seating, superior ride comfort and long-distance efficiency.",33
2021,1,Model 3,V307,"Luxury petrol sedan with panoramic sunroof, premium leather interior, ten airbags, connected technology and refined driving dynamics.",30
2021,1,Model 3,V308,"Luxury hybrid sedan equipped with adaptive cruise control, ventilated seats, premium sound system and intelligent safety features.",41
2021,1,Model 3,V309,"Electric luxury sedan delivering approximately 550 km range, fast charging capability, connected vehicle platform and premium comfort.",41
2021,1,Model 3,V310,"High-performance dual-motor electric sedan capable of rapid acceleration, all-wheel drive, advanced driver assistance and cutting-edge technology.",90
2021,1,Model 4,V401,"Luxury seven-seat SUV with 2.5L petrol engine, AWD, panoramic sunroof, leather seats, premium infotainment and exceptional comfort.",11
2021,1,Model 4,V402,"Luxury diesel SUV with terrain management system, electronic parking brake, connected technology and spacious premium cabin.",44
2021,1,Model 4,V403,"Performance SUV featuring a 3.0L turbo petrol engine, adaptive suspension, AWD system and 20-inch alloy wheels.",12
2021,1,Model 4,V404,"Flagship luxury SUV powered by a 3.0L V6 petrol engine, ventilated seats, 360-degree camera, ADAS Level 2 and premium craftsmanship.",22
2021,1,Model 4,V405,"Flagship diesel SUV with air suspension, intelligent AWD, premium leather interior, advanced infotainment and executive comfort.",31
2021,1,Model 4,V406,"Dual-motor electric luxury SUV producing 300 kW, approximately 600 km driving range, ultra-fast charging, autonomous driving features and premium technology.",43
2021,1,Model 4,V407,"Performance electric SUV with dual-motor AWD, sports interior, rapid acceleration, intelligent safety systems and dynamic driving experience.",31
2021,1,Model 4,V408,"Flagship hybrid SUV powered by a 3.5L V6 hybrid engine, captain seats, panoramic glass roof, premium surround audio and comprehensive driver assistance.",34
2021,2,Model 1,V101,"Premium hatchback with a 1.2L petrol engine, 5-speed manual transmission, seating for five, dual airbags, ABS with EBD, LED DRLs, touchscreen infotainment, Apple CarPlay & Android Auto, excellent fuel efficiency and smooth city driving.",22
2021,2,Model 1,V102,"Premium hatchback powered by a 1.2L petrol engine with automatic transmission, reverse camera, cruise control, alloy wheels, automatic climate control and advanced infotainment for comfortable urban travel.",18
2021,2,Model 1,V103,"Mid-size sedan featuring a 1.5L petrol engine, manual transmission, spacious cabin, LED headlamps, rear AC vents, smart key access and balanced performance for everyday driving.",17
2021,2,Model 1,V104,"Premium sedan equipped with a 1.5L petrol engine and CVT automatic transmission, sunroof, wireless charging, connected car technology, six airbags and refined ride comfort.",13
2021,2,Model 2,V201,"Compact SUV powered by a 1.5L turbo diesel engine with manual gearbox, hill hold assist, rear parking sensors, 17-inch alloy wheels and practical family-oriented features.",47
2021,2,Model 2,V202,"Compact diesel SUV with automatic transmission, premium interior, electronic stability control, rear camera, ABS, spacious cabin and comfortable long-distance performance.",78
2021,2,Model 2,V203,"Sporty compact SUV featuring a 1.5L turbo petrol engine, manual transmission, LED lighting, touchscreen navigation and dynamic styling for enthusiastic drivers.",37
2021,2,Model 2,V204,"Compact SUV with turbo petrol engine and automatic transmission, push-button start, automatic climate control, connected vehicle technology and premium comfort.",61
2021,2,Model 2,V205,"Hybrid compact SUV with 1.5L petrol hybrid engine, e-CVT transmission, regenerative braking, outstanding fuel economy, advanced safety systems and intelligent driving assistance.",70
2021,2,Model 2,V206,"All-electric compact SUV producing 150 kW, fast charging support, approximately 450 km driving range, regenerative braking and connected smart mobility features.",36
2021,2,Model 2,V207,"Premium AWD SUV with 2.0L turbo petrol engine, panoramic sunroof, leather upholstery, 360-degree camera, ADAS safety features and luxury interior.",54
2021,2,Model 2,V208,"Premium diesel SUV equipped with AWD, terrain response modes, seven-seat configuration, premium audio system and excellent highway capability.",87
2021,2,Model 2,V209,"Family SUV powered by a 2.0L turbo petrol engine, automatic transmission, digital instrument cluster, connected navigation and spacious seven-seat layout.",76
2021,2,Model 2,V210,"Hybrid family SUV offering advanced driver assistance, adaptive cruise control, premium comfort, efficient hybrid technology and smooth e-CVT transmission.",80
2021,2,Model 3,V301,"Executive sedan with 1.8L petrol engine, premium cabin, manual transmission, projector LED headlamps and elegant styling.",47
2021,2,Model 3,V302,"Executive automatic sedan with leather upholstery, dual-zone climate control, connected infotainment and refined ride quality.",78
2021,2,Model 3,V303,"Performance sedan featuring a 2.0L petrol engine, paddle shifters, sport suspension, 18-inch alloy wheels and responsive handling.",37
2021,2,Model 3,V304,"Luxury hybrid sedan with intelligent safety systems, premium interior, exceptional fuel efficiency and smooth e-CVT performance.",61
2021,2,Model 3,V305,"Performance edition sedan powered by a turbo petrol engine with premium infotainment, sport exhaust, wireless charging and athletic design.",70
2021,2,Model 3,V306,"Executive diesel sedan offering automatic transmission, spacious rear seating, superior ride comfort and long-distance efficiency.",36
2021,2,Model 3,V307,"Luxury petrol sedan with panoramic sunroof, premium leather interior, ten airbags, connected technology and refined driving dynamics.",54
2021,2,Model 3,V308,"Luxury hybrid sedan equipped with adaptive cruise control, ventilated seats, premium sound system and intelligent safety features.",87
2021,2,Model 3,V309,"Electric luxury sedan delivering approximately 550 km range, fast charging capability, connected vehicle platform and premium comfort.",76
2021,2,Model 3,V310,"High-performance dual-motor electric sedan capable of rapid acceleration, all-wheel drive, advanced driver assistance and cutting-edge technology.",80
2021,2,Model 4,V401,"Luxury seven-seat SUV with 2.5L petrol engine, AWD, panoramic sunroof, leather seats, premium infotainment and exceptional comfort.",43
2021,2,Model 4,V402,"Luxury diesel SUV with terrain management system, electronic parking brake, connected technology and spacious premium cabin.",24
2021,2,Model 4,V403,"Performance SUV featuring a 3.0L turbo petrol engine, adaptive suspension, AWD system and 20-inch alloy wheels.",10
2021,2,Model 4,V404,"Flagship luxury SUV powered by a 3.0L V6 petrol engine, ventilated seats, 360-degree camera, ADAS Level 2 and premium craftsmanship.",20
2021,2,Model 4,V405,"Flagship diesel SUV with air suspension, intelligent AWD, premium leather interior, advanced infotainment and executive comfort.",29
2021,2,Model 4,V406,"Dual-motor electric luxury SUV producing 300 kW, approximately 600 km driving range, ultra-fast charging, autonomous driving features and premium technology.",40
2021,2,Model 4,V407,"Performance electric SUV with dual-motor AWD, sports interior, rapid acceleration, intelligent safety systems and dynamic driving experience.",11
2021,2,Model 4,V408,"Flagship hybrid SUV powered by a 3.5L V6 hybrid engine, captain seats, panoramic glass roof, premium surround audio and comprehensive driver assistance.",8
2021,3,Model 1,V101,"Premium hatchback with a 1.2L petrol engine, 5-speed manual transmission, seating for five, dual airbags, ABS with EBD, LED DRLs, touchscreen infotainment, Apple CarPlay & Android Auto, excellent fuel efficiency and smooth city driving.",14
2021,3,Model 1,V102,"Premium hatchback powered by a 1.2L petrol engine with automatic transmission, reverse camera, cruise control, alloy wheels, automatic climate control and advanced infotainment for comfortable urban travel.",18
2021,3,Model 1,V103,"Mid-size sedan featuring a 1.5L petrol engine, manual transmission, spacious cabin, LED headlamps, rear AC vents, smart key access and balanced performance for everyday driving.",14
2021,3,Model 1,V104,"Premium sedan equipped with a 1.5L petrol engine and CVT automatic transmission, sunroof, wireless charging, connected car technology, six airbags and refined ride comfort.",12
2021,3,Model 2,V201,"Compact SUV powered by a 1.5L turbo diesel engine with manual gearbox, hill hold assist, rear parking sensors, 17-inch alloy wheels and practical family-oriented features.",64
2021,3,Model 2,V202,"Compact diesel SUV with automatic transmission, premium interior, electronic stability control, rear camera, ABS, spacious cabin and comfortable long-distance performance.",69
2021,3,Model 2,V203,"Sporty compact SUV featuring a 1.5L turbo petrol engine, manual transmission, LED lighting, touchscreen navigation and dynamic styling for enthusiastic drivers.",73
2021,3,Model 2,V204,"Compact SUV with turbo petrol engine and automatic transmission, push-button start, automatic climate control, connected vehicle technology and premium comfort.",46
2021,3,Model 2,V205,"Hybrid compact SUV with 1.5L petrol hybrid engine, e-CVT transmission, regenerative braking, outstanding fuel economy, advanced safety systems and intelligent driving assistance.",31
2021,3,Model 2,V206,"All-electric compact SUV producing 150 kW, fast charging support, approximately 450 km driving range, regenerative braking and connected smart mobility features.",96
2021,3,Model 2,V207,"Premium AWD SUV with 2.0L turbo petrol engine, panoramic sunroof, leather upholstery, 360-degree camera, ADAS safety features and luxury interior.",87
2021,3,Model 2,V208,"Premium diesel SUV equipped with AWD, terrain response modes, seven-seat configuration, premium audio system and excellent highway capability.",54
2021,3,Model 2,V209,"Family SUV powered by a 2.0L turbo petrol engine, automatic transmission, digital instrument cluster, connected navigation and spacious seven-seat layout.",48
2021,3,Model 2,V210,"Hybrid family SUV offering advanced driver assistance, adaptive cruise control, premium comfort, efficient hybrid technology and smooth e-CVT transmission.",81
2021,3,Model 3,V301,"Executive sedan with 1.8L petrol engine, premium cabin, manual transmission, projector LED headlamps and elegant styling.",64
2021,3,Model 3,V302,"Executive automatic sedan with leather upholstery, dual-zone climate control, connected infotainment and refined ride quality.",69
2021,3,Model 3,V303,"Performance sedan featuring a 2.0L petrol engine, paddle shifters, sport suspension, 18-inch alloy wheels and responsive handling.",73
2021,3,Model 3,V304,"Luxury hybrid sedan with intelligent safety systems, premium interior, exceptional fuel efficiency and smooth e-CVT performance.",46
2021,3,Model 3,V305,"Performance edition sedan powered by a turbo petrol engine with premium infotainment, sport exhaust, wireless charging and athletic design.",31
2021,3,Model 3,V306,"Executive diesel sedan offering automatic transmission, spacious rear seating, superior ride comfort and long-distance efficiency.",96
2021,3,Model 3,V307,"Luxury petrol sedan with panoramic sunroof, premium leather interior, ten airbags, connected technology and refined driving dynamics.",87
2021,3,Model 3,V308,"Luxury hybrid sedan equipped with adaptive cruise control, ventilated seats, premium sound system and intelligent safety features.",54
2021,3,Model 3,V309,"Electric luxury sedan delivering approximately 550 km range, fast charging capability, connected vehicle platform and premium comfort.",48
2021,3,Model 3,V310,"High-performance dual-motor electric sedan capable of rapid acceleration, all-wheel drive, advanced driver assistance and cutting-edge technology.",81
2021,3,Model 4,V401,"Luxury seven-seat SUV with 2.5L petrol engine, AWD, panoramic sunroof, leather seats, premium infotainment and exceptional comfort.",45
2021,3,Model 4,V402,"Luxury diesel SUV with terrain management system, electronic parking brake, connected technology and spacious premium cabin.",57
2021,3,Model 4,V403,"Performance SUV featuring a 3.0L turbo petrol engine, adaptive suspension, AWD system and 20-inch alloy wheels.",25
2021,3,Model 4,V404,"Flagship luxury SUV powered by a 3.0L V6 petrol engine, ventilated seats, 360-degree camera, ADAS Level 2 and premium craftsmanship.",43
2021,3,Model 4,V405,"Flagship diesel SUV with air suspension, intelligent AWD, premium leather interior, advanced infotainment and executive comfort.",47
2021,3,Model 4,V406,"Dual-motor electric luxury SUV producing 300 kW, approximately 600 km driving range, ultra-fast charging, autonomous driving features and premium technology.",54
2021,3,Model 4,V407,"Performance electric SUV with dual-motor AWD, sports interior, rapid acceleration, intelligent safety systems and dynamic driving experience.",33
2021,3,Model 4,V408,"Flagship hybrid SUV powered by a 3.5L V6 hybrid engine, captain seats, panoramic glass roof, premium surround audio and comprehensive driver assistance.",15
2021,4,Model 1,V101,"Premium hatchback with a 1.2L petrol engine, 5-speed manual transmission, seating for five, dual airbags, ABS with EBD, LED DRLs, touchscreen infotainment, Apple CarPlay & Android Auto, excellent fuel efficiency and smooth city driving.",21
2021,4,Model 1,V102,"Premium hatchback powered by a 1.2L petrol engine with automatic transmission, reverse camera, cruise control, alloy wheels, automatic climate control and advanced infotainment for comfortable urban travel.",9
2021,4,Model 1,V103,"Mid-size sedan featuring a 1.5L petrol engine, manual transmission, spacious cabin, LED headlamps, rear AC vents, smart key access and balanced performance for everyday driving.",22
2021,4,Model 1,V104,"Premium sedan equipped with a 1.5L petrol engine and CVT automatic transmission, sunroof, wireless charging, connected car technology, six airbags and refined ride comfort.",8
2021,4,Model 2,V201,"Compact SUV powered by a 1.5L turbo diesel engine with manual gearbox, hill hold assist, rear parking sensors, 17-inch alloy wheels and practical family-oriented features.",91
2021,4,Model 2,V202,"Compact diesel SUV with automatic transmission, premium interior, electronic stability control, rear camera, ABS, spacious cabin and comfortable long-distance performance.",41
2021,4,Model 2,V203,"Sporty compact SUV featuring a 1.5L turbo petrol engine, manual transmission, LED lighting, touchscreen navigation and dynamic styling for enthusiastic drivers.",72
2021,4,Model 2,V204,"Compact SUV with turbo petrol engine and automatic transmission, push-button start, automatic climate control, connected vehicle technology and premium comfort.",107
2021,4,Model 2,V205,"Hybrid compact SUV with 1.5L petrol hybrid engine, e-CVT transmission, regenerative braking, outstanding fuel economy, advanced safety systems and intelligent driving assistance.",87
2021,4,Model 2,V206,"All-electric compact SUV producing 150 kW, fast charging support, approximately 450 km driving range, regenerative braking and connected smart mobility features.",106
2021,4,Model 2,V207,"Premium AWD SUV with 2.0L turbo petrol engine, panoramic sunroof, leather upholstery, 360-degree camera, ADAS safety features and luxury interior.",84
2021,4,Model 2,V208,"Premium diesel SUV equipped with AWD, terrain response modes, seven-seat configuration, premium audio system and excellent highway capability.",85
2021,4,Model 2,V209,"Family SUV powered by a 2.0L turbo petrol engine, automatic transmission, digital instrument cluster, connected navigation and spacious seven-seat layout.",69
2021,4,Model 2,V210,"Hybrid family SUV offering advanced driver assistance, adaptive cruise control, premium comfort, efficient hybrid technology and smooth e-CVT transmission.",46
2021,4,Model 3,V301,"Executive sedan with 1.8L petrol engine, premium cabin, manual transmission, projector LED headlamps and elegant styling.",91
2021,4,Model 3,V302,"Executive automatic sedan with leather upholstery, dual-zone climate control, connected infotainment and refined ride quality.",41
2021,4,Model 3,V303,"Performance sedan featuring a 2.0L petrol engine, paddle shifters, sport suspension, 18-inch alloy wheels and responsive handling.",72
2021,4,Model 3,V304,"Luxury hybrid sedan with intelligent safety systems, premium interior, exceptional fuel efficiency and smooth e-CVT performance.",107
2021,4,Model 3,V305,"Performance edition sedan powered by a turbo petrol engine with premium infotainment, sport exhaust, wireless charging and athletic design.",87
2021,4,Model 3,V306,"Executive diesel sedan offering automatic transmission, spacious rear seating, superior ride comfort and long-distance efficiency.",106
2021,4,Model 3,V307,"Luxury petrol sedan with panoramic sunroof, premium leather interior, ten airbags, connected technology and refined driving dynamics.",84
2021,4,Model 3,V308,"Luxury hybrid sedan equipped with adaptive cruise control, ventilated seats, premium sound system and intelligent safety features.",85
2021,4,Model 3,V309,"Electric luxury sedan delivering approximately 550 km range, fast charging capability, connected vehicle platform and premium comfort.",69
2021,4,Model 3,V310,"High-performance dual-motor electric sedan capable of rapid acceleration, all-wheel drive, advanced driver assistance and cutting-edge technology.",46
2021,4,Model 4,V401,"Luxury seven-seat SUV with 2.5L petrol engine, AWD, panoramic sunroof, leather seats, premium infotainment and exceptional comfort.",36
2021,4,Model 4,V402,"Luxury diesel SUV with terrain management system, electronic parking brake, connected technology and spacious premium cabin.",11
2021,4,Model 4,V403,"Performance SUV featuring a 3.0L turbo petrol engine, adaptive suspension, AWD system and 20-inch alloy wheels.",31
2021,4,Model 4,V404,"Flagship luxury SUV powered by a 3.0L V6 petrol engine, ventilated seats, 360-degree camera, ADAS Level 2 and premium craftsmanship.",21
2021,4,Model 4,V405,"Flagship diesel SUV with air suspension, intelligent AWD, premium leather interior, advanced infotainment and executive comfort.",51
2021,4,Model 4,V406,"Dual-motor electric luxury SUV producing 300 kW, approximately 600 km driving range, ultra-fast charging, autonomous driving features and premium technology.",40
2021,4,Model 4,V407,"Performance electric SUV with dual-motor AWD, sports interior, rapid acceleration, intelligent safety systems and dynamic driving experience.",55
2021,4,Model 4,V408,"Flagship hybrid SUV powered by a 3.5L V6 hybrid engine, captain seats, panoramic glass roof, premium surround audio and comprehensive driver assistance.",34
2021,5,Model 1,V101,"Premium hatchback with a 1.2L petrol engine, 5-speed manual transmission, seating for five, dual airbags, ABS with EBD, LED DRLs, touchscreen infotainment, Apple CarPlay & Android Auto, excellent fuel efficiency and smooth city driving.",10
2021,5,Model 1,V102,"Premium hatchback powered by a 1.2L petrol engine with automatic transmission, reverse camera, cruise control, alloy wheels, automatic climate control and advanced infotainment for comfortable urban travel.",22
2021,5,Model 1,V103,"Mid-size sedan featuring a 1.5L petrol engine, manual transmission, spacious cabin, LED headlamps, rear AC vents, smart key access and balanced performance for everyday driving.",11
2021,5,Model 1,V104,"Premium sedan equipped with a 1.5L petrol engine and CVT automatic transmission, sunroof, wireless charging, connected car technology, six airbags and refined ride comfort.",15
2021,5,Model 2,V201,"Compact SUV powered by a 1.5L turbo diesel engine with manual gearbox, hill hold assist, rear parking sensors, 17-inch alloy wheels and practical family-oriented features.",88
2021,5,Model 2,V202,"Compact diesel SUV with automatic transmission, premium interior, electronic stability control, rear camera, ABS, spacious cabin and comfortable long-distance performance.",108
2021,5,Model 2,V203,"Sporty compact SUV featuring a 1.5L turbo petrol engine, manual transmission, LED lighting, touchscreen navigation and dynamic styling for enthusiastic drivers.",83
2021,5,Model 2,V204,"Compact SUV with turbo petrol engine and automatic transmission, push-button start, automatic climate control, connected vehicle technology and premium comfort.",100
2021,5,Model 2,V205,"Hybrid compact SUV with 1.5L petrol hybrid engine, e-CVT transmission, regenerative braking, outstanding fuel economy, advanced safety systems and intelligent driving assistance.",41
2021,5,Model 2,V206,"All-electric compact SUV producing 150 kW, fast charging support, approximately 450 km driving range, regenerative braking and connected smart mobility features.",83
2021,5,Model 2,V207,"Premium AWD SUV with 2.0L turbo petrol engine, panoramic sunroof, leather upholstery, 360-degree camera, ADAS safety features and luxury interior.",72
2021,5,Model 2,V208,"Premium diesel SUV equipped with AWD, terrain response modes, seven-seat configuration, premium audio system and excellent highway capability.",75
2021,5,Model 2,V209,"Family SUV powered by a 2.0L turbo petrol engine, automatic transmission, digital instrument cluster, connected navigation and spacious seven-seat layout.",60
2021,5,Model 2,V210,"Hybrid family SUV offering advanced driver assistance, adaptive cruise control, premium comfort, efficient hybrid technology and smooth e-CVT transmission.",75
2021,5,Model 3,V301,"Executive sedan with 1.8L petrol engine, premium cabin, manual transmission, projector LED headlamps and elegant styling.",88
2021,5,Model 3,V302,"Executive automatic sedan with leather upholstery, dual-zone climate control, connected infotainment and refined ride quality.",108
2021,5,Model 3,V303,"Performance sedan featuring a 2.0L petrol engine, paddle shifters, sport suspension, 18-inch alloy wheels and responsive handling.",83
2021,5,Model 3,V304,"Luxury hybrid sedan with intelligent safety systems, premium interior, exceptional fuel efficiency and smooth e-CVT performance.",100
2021,5,Model 3,V305,"Performance edition sedan powered by a turbo petrol engine with premium infotainment, sport exhaust, wireless charging and athletic design.",41
2021,5,Model 3,V306,"Executive diesel sedan offering automatic transmission, spacious rear seating, superior ride comfort and long-distance efficiency.",83
2021,5,Model 3,V307,"Luxury petrol sedan with panoramic sunroof, premium leather interior, ten airbags, connected technology and refined driving dynamics.",72
2021,5,Model 3,V308,"Luxury hybrid sedan equipped with adaptive cruise control, ventilated seats, premium sound system and intelligent safety features.",75
2021,5,Model 3,V309,"Electric luxury sedan delivering approximately 550 km range, fast charging capability, connected vehicle platform and premium comfort.",60
2021,5,Model 3,V310,"High-performance dual-motor electric sedan capable of rapid acceleration, all-wheel drive, advanced driver assistance and cutting-edge technology.",75
2021,5,Model 4,V401,"Luxury seven-seat SUV with 2.5L petrol engine, AWD, panoramic sunroof, leather seats, premium infotainment and exceptional comfort.",61
2021,5,Model 4,V402,"Luxury diesel SUV with terrain management system, electronic parking brake, connected technology and spacious premium cabin.",21
2021,5,Model 4,V403,"Performance SUV featuring a 3.0L turbo petrol engine, adaptive suspension, AWD system and 20-inch alloy wheels.",15
2021,5,Model 4,V404,"Flagship luxury SUV powered by a 3.0L V6 petrol engine, ventilated seats, 360-degree camera, ADAS Level 2 and premium craftsmanship.",44
2021,5,Model 4,V405,"Flagship diesel SUV with air suspension, intelligent AWD, premium leather interior, advanced infotainment and executive comfort.",52
2021,5,Model 4,V406,"Dual-motor electric luxury SUV producing 300 kW, approximately 600 km driving range, ultra-fast charging, autonomous driving features and premium technology.",18
2021,5,Model 4,V407,"Performance electric SUV with dual-motor AWD, sports interior, rapid acceleration, intelligent safety systems and dynamic driving experience.",45
2021,5,Model 4,V408,"Flagship hybrid SUV powered by a 3.5L V6 hybrid engine, captain seats, panoramic glass roof, premium surround audio and comprehensive driver assistance.",44
2021,6,Model 1,V101,"Premium hatchback with a 1.2L petrol engine, 5-speed manual transmission, seating for five, dual airbags, ABS with EBD, LED DRLs, touchscreen infotainment, Apple CarPlay & Android Auto, excellent fuel efficiency and smooth city driving.",11
2021,6,Model 1,V102,"Premium hatchback powered by a 1.2L petrol engine with automatic transmission, reverse camera, cruise control, alloy wheels, automatic climate control and advanced infotainment for comfortable urban travel.",15
2021,6,Model 1,V103,"Mid-size sedan featuring a 1.5L petrol engine, manual transmission, spacious cabin, LED headlamps, rear AC vents, smart key access and balanced performance for everyday driving.",15
2021,6,Model 1,V104,"Premium sedan equipped with a 1.5L petrol engine and CVT automatic transmission, sunroof, wireless charging, connected car technology, six airbags and refined ride comfort.",23
2021,6,Model 2,V201,"Compact SUV powered by a 1.5L turbo diesel engine with manual gearbox, hill hold assist, rear parking sensors, 17-inch alloy wheels and practical family-oriented features.",40
2021,6,Model 2,V202,"Compact diesel SUV with automatic transmission, premium interior, electronic stability control, rear camera, ABS, spacious cabin and comfortable long-distance performance.",49
2021,6,Model 2,V203,"Sporty compact SUV featuring a 1.5L turbo petrol engine, manual transmission, LED lighting, touchscreen navigation and dynamic styling for enthusiastic drivers.",35
2021,6,Model 2,V204,"Compact SUV with turbo petrol engine and automatic transmission, push-button start, automatic climate control, connected vehicle technology and premium comfort.",40
2021,6,Model 2,V205,"Hybrid compact SUV with 1.5L petrol hybrid engine, e-CVT transmission, regenerative braking, outstanding fuel economy, advanced safety systems and intelligent driving assistance.",51
2021,6,Model 2,V206,"All-electric compact SUV producing 150 kW, fast charging support, approximately 450 km driving range, regenerative braking and connected smart mobility features.",45
2021,6,Model 2,V207,"Premium AWD SUV with 2.0L turbo petrol engine, panoramic sunroof, leather upholstery, 360-degree camera, ADAS safety features and luxury interior.",43
2021,6,Model 2,V208,"Premium diesel SUV equipped with AWD, terrain response modes, seven-seat configuration, premium audio system and excellent highway capability.",88
2021,6,Model 2,V209,"Family SUV powered by a 2.0L turbo petrol engine, automatic transmission, digital instrument cluster, connected navigation and spacious seven-seat layout.",41
2021,6,Model 2,V210,"Hybrid family SUV offering advanced driver assistance, adaptive cruise control, premium comfort, efficient hybrid technology and smooth e-CVT transmission.",32
2021,6,Model 3,V301,"Executive sedan with 1.8L petrol engine, premium cabin, manual transmission, projector LED headlamps and elegant styling.",40
2021,6,Model 3,V302,"Executive automatic sedan with leather upholstery, dual-zone climate control, connected infotainment and refined ride quality.",49
2021,6,Model 3,V303,"Performance sedan featuring a 2.0L petrol engine, paddle shifters, sport suspension, 18-inch alloy wheels and responsive handling.",35
2021,6,Model 3,V304,"Luxury hybrid sedan with intelligent safety systems, premium interior, exceptional fuel efficiency and smooth e-CVT performance.",40
2021,6,Model 3,V305,"Performance edition sedan powered by a turbo petrol engine with premium infotainment, sport exhaust, wireless charging and athletic design.",51
2021,6,Model 3,V306,"Executive diesel sedan offering automatic transmission, spacious rear seating, superior ride comfort and long-distance efficiency.",45
2021,6,Model 3,V307,"Luxury petrol sedan with panoramic sunroof, premium leather interior, ten airbags, connected technology and refined driving dynamics.",43
2021,6,Model 3,V308,"Luxury hybrid sedan equipped with adaptive cruise control, ventilated seats, premium sound system and intelligent safety features.",88
2021,6,Model 3,V309,"Electric luxury sedan delivering approximately 550 km range, fast charging capability, connected vehicle platform and premium comfort.",41
2021,6,Model 3,V310,"High-performance dual-motor electric sedan capable of rapid acceleration, all-wheel drive, advanced driver assistance and cutting-edge technology.",32
2021,6,Model 4,V401,"Luxury seven-seat SUV with 2.5L petrol engine, AWD, panoramic sunroof, leather seats, premium infotainment and exceptional comfort.",17
2021,6,Model 4,V402,"Luxury diesel SUV with terrain management system, electronic parking brake, connected technology and spacious premium cabin.",49
2021,6,Model 4,V403,"Performance SUV featuring a 3.0L turbo petrol engine, adaptive suspension, AWD system and 20-inch alloy wheels.",41
2021,6,Model 4,V404,"Flagship luxury SUV powered by a 3.0L V6 petrol engine, ventilated seats, 360-degree camera, ADAS Level 2 and premium craftsmanship.",34
2021,6,Model 4,V405,"Flagship diesel SUV with air suspension, intelligent AWD, premium leather interior, advanced infotainment and executive comfort.",32
2021,6,Model 4,V406,"Dual-motor electric luxury SUV producing 300 kW, approximately 600 km driving range, ultra-fast charging, autonomous driving features and premium technology.",48
2021,6,Model 4,V407,"Performance electric SUV with dual-motor AWD, sports interior, rapid acceleration, intelligent safety systems and dynamic driving experience.",38
2021,6,Model 4,V408,"Flagship hybrid SUV powered by a 3.5L V6 hybrid engine, captain seats, panoramic glass roof, premium surround audio and comprehensive driver assistance.",48
2021,7,Model 1,V101,"Premium hatchback with a 1.2L petrol engine, 5-speed manual transmission, seating for five, dual airbags, ABS with EBD, LED DRLs, touchscreen infotainment, Apple CarPlay & Android Auto, excellent fuel efficiency and smooth city driving.",17
2021,7,Model 1,V102,"Premium hatchback powered by a 1.2L petrol engine with automatic transmission, reverse camera, cruise control, alloy wheels, automatic climate control and advanced infotainment for comfortable urban travel.",14
2021,7,Model 1,V103,"Mid-size sedan featuring a 1.5L petrol engine, manual transmission, spacious cabin, LED headlamps, rear AC vents, smart key access and balanced performance for everyday driving.",19
2021,7,Model 1,V104,"Premium sedan equipped with a 1.5L petrol engine and CVT automatic transmission, sunroof, wireless charging, connected car technology, six airbags and refined ride comfort.",17
2021,7,Model 2,V201,"Compact SUV powered by a 1.5L turbo diesel engine with manual gearbox, hill hold assist, rear parking sensors, 17-inch alloy wheels and practical family-oriented features.",72
2021,7,Model 2,V202,"Compact diesel SUV with automatic transmission, premium interior, electronic stability control, rear camera, ABS, spacious cabin and comfortable long-distance performance.",47
2021,7,Model 2,V203,"Sporty compact SUV featuring a 1.5L turbo petrol engine, manual transmission, LED lighting, touchscreen navigation and dynamic styling for enthusiastic drivers.",72
2021,7,Model 2,V204,"Compact SUV with turbo petrol engine and automatic transmission, push-button start, automatic climate control, connected vehicle technology and premium comfort.",46
2021,7,Model 2,V205,"Hybrid compact SUV with 1.5L petrol hybrid engine, e-CVT transmission, regenerative braking, outstanding fuel economy, advanced safety systems and intelligent driving assistance.",32
2021,7,Model 2,V206,"All-electric compact SUV producing 150 kW, fast charging support, approximately 450 km driving range, regenerative braking and connected smart mobility features.",57
2021,7,Model 2,V207,"Premium AWD SUV with 2.0L turbo petrol engine, panoramic sunroof, leather upholstery, 360-degree camera, ADAS safety features and luxury interior.",25
2021,7,Model 2,V208,"Premium diesel SUV equipped with AWD, terrain response modes, seven-seat configuration, premium audio system and excellent highway capability.",59
2021,7,Model 2,V209,"Family SUV powered by a 2.0L turbo petrol engine, automatic transmission, digital instrument cluster, connected navigation and spacious seven-seat layout.",57
2021,7,Model 2,V210,"Hybrid family SUV offering advanced driver assistance, adaptive cruise control, premium comfort, efficient hybrid technology and smooth e-CVT transmission.",45
2021,7,Model 3,V301,"Executive sedan with 1.8L petrol engine, premium cabin, manual transmission, projector LED headlamps and elegant styling.",72
2021,7,Model 3,V302,"Executive automatic sedan with leather upholstery, dual-zone climate control, connected infotainment and refined ride quality.",47
2021,7,Model 3,V303,"Performance sedan featuring a 2.0L petrol engine, paddle shifters, sport suspension, 18-inch alloy wheels and responsive handling.",72
2021,7,Model 3,V304,"Luxury hybrid sedan with intelligent safety systems, premium interior, exceptional fuel efficiency and smooth e-CVT performance.",46
2021,7,Model 3,V305,"Performance edition sedan powered by a turbo petrol engine with premium infotainment, sport exhaust, wireless charging and athletic design.",32
2021,7,Model 3,V306,"Executive diesel sedan offering automatic transmission, spacious rear seating, superior ride comfort and long-distance efficiency.",57
2021,7,Model 3,V307,"Luxury petrol sedan with panoramic sunroof, premium leather interior, ten airbags, connected technology and refined driving dynamics.",25
2021,7,Model 3,V308,"Luxury hybrid sedan equipped with adaptive cruise control, ventilated seats, premium sound system and intelligent safety features.",59
2021,7,Model 3,V309,"Electric luxury sedan delivering approximately 550 km range, fast charging capability, connected vehicle platform and premium comfort.",57
2021,7,Model 3,V310,"High-performance dual-motor electric sedan capable of rapid acceleration, all-wheel drive, advanced driver assistance and cutting-edge technology.",45
2021,7,Model 4,V401,"Luxury seven-seat SUV with 2.5L petrol engine, AWD, panoramic sunroof, leather seats, premium infotainment and exceptional comfort.",18
2021,7,Model 4,V402,"Luxury diesel SUV with terrain management system, electronic parking brake, connected technology and spacious premium cabin.",31
2021,7,Model 4,V403,"Performance SUV featuring a 3.0L turbo petrol engine, adaptive suspension, AWD system and 20-inch alloy wheels.",9
2021,7,Model 4,V404,"Flagship luxury SUV powered by a 3.0L V6 petrol engine, ventilated seats, 360-degree camera, ADAS Level 2 and premium craftsmanship.",21
2021,7,Model 4,V405,"Flagship diesel SUV with air suspension, intelligent AWD, premium leather interior, advanced infotainment and executive comfort.",28
2021,7,Model 4,V406,"Dual-motor electric luxury SUV producing 300 kW, approximately 600 km driving range, ultra-fast charging, autonomous driving features and premium technology.",10
2021,7,Model 4,V407,"Performance electric SUV with dual-motor AWD, sports interior, rapid acceleration, intelligent safety systems and dynamic driving experience.",19
2021,7,Model 4,V408,"Flagship hybrid SUV powered by a 3.5L V6 hybrid engine, captain seats, panoramic glass roof, premium surround audio and comprehensive driver assistance.",26
2021,8,Model 1,V101,"Premium hatchback with a 1.2L petrol engine, 5-speed manual transmission, seating for five, dual airbags, ABS with EBD, LED DRLs, touchscreen infotainment, Apple CarPlay & Android Auto, excellent fuel efficiency and smooth city driving.",14
2021,8,Model 1,V102,"Premium hatchback powered by a 1.2L petrol engine with automatic transmission, reverse camera, cruise control, alloy wheels, automatic climate control and advanced infotainment for comfortable urban travel.",6
2021,8,Model 1,V103,"Mid-size sedan featuring a 1.5L petrol engine, manual transmission, spacious cabin, LED headlamps, rear AC vents, smart key access and balanced performance for everyday driving.",6
2021,8,Model 1,V104,"Premium sedan equipped with a 1.5L petrol engine and CVT automatic transmission, sunroof, wireless charging, connected car technology, six airbags and refined ride comfort.",13
2021,8,Model 2,V201,"Compact SUV powered by a 1.5L turbo diesel engine with manual gearbox, hill hold assist, rear parking sensors, 17-inch alloy wheels and practical family-oriented features.",44
2021,8,Model 2,V202,"Compact diesel SUV with automatic transmission, premium interior, electronic stability control, rear camera, ABS, spacious cabin and comfortable long-distance performance.",26
2021,8,Model 2,V203,"Sporty compact SUV featuring a 1.5L turbo petrol engine, manual transmission, LED lighting, touchscreen navigation and dynamic styling for enthusiastic drivers.",27
2021,8,Model 2,V204,"Compact SUV with turbo petrol engine and automatic transmission, push-button start, automatic climate control, connected vehicle technology and premium comfort.",71
2021,8,Model 2,V205,"Hybrid compact SUV with 1.5L petrol hybrid engine, e-CVT transmission, regenerative braking, outstanding fuel economy, advanced safety systems and intelligent driving assistance.",70
2021,8,Model 2,V206,"All-electric compact SUV producing 150 kW, fast charging support, approximately 450 km driving range, regenerative braking and connected smart mobility features.",62
2021,8,Model 2,V207,"Premium AWD SUV with 2.0L turbo petrol engine, panoramic sunroof, leather upholstery, 360-degree camera, ADAS safety features and luxury interior.",52
2021,8,Model 2,V208,"Premium diesel SUV equipped with AWD, terrain response modes, seven-seat configuration, premium audio system and excellent highway capability.",59
2021,8,Model 2,V209,"Family SUV powered by a 2.0L turbo petrol engine, automatic transmission, digital instrument cluster, connected navigation and spacious seven-seat layout.",68
2021,8,Model 2,V210,"Hybrid family SUV offering advanced driver assistance, adaptive cruise control, premium comfort, efficient hybrid technology and smooth e-CVT transmission.",66
2021,8,Model 3,V301,"Executive sedan with 1.8L petrol engine, premium cabin, manual transmission, projector LED headlamps and elegant styling.",44
2021,8,Model 3,V302,"Executive automatic sedan with leather upholstery, dual-zone climate control, connected infotainment and refined ride quality.",26
2021,8,Model 3,V303,"Performance sedan featuring a 2.0L petrol engine, paddle shifters, sport suspension, 18-inch alloy wheels and responsive handling.",27
2021,8,Model 3,V304,"Luxury hybrid sedan with intelligent safety systems, premium interior, exceptional fuel efficiency and smooth e-CVT performance.",71
2021,8,Model 3,V305,"Performance edition sedan powered by a turbo petrol engine with premium infotainment, sport exhaust, wireless charging and athletic design.",70
2021,8,Model 3,V306,"Executive diesel sedan offering automatic transmission, spacious rear seating, superior ride comfort and long-distance efficiency.",62
2021,8,Model 3,V307,"Luxury petrol sedan with panoramic sunroof, premium leather interior, ten airbags, connected technology and refined driving dynamics.",52
2021,8,Model 3,V308,"Luxury hybrid sedan equipped with adaptive cruise control, ventilated seats, premium sound system and intelligent safety features.",59
2021,8,Model 3,V309,"Electric luxury sedan delivering approximately 550 km range, fast charging capability, connected vehicle platform and premium comfort.",68
2021,8,Model 3,V310,"High-performance dual-motor electric sedan capable of rapid acceleration, all-wheel drive, advanced driver assistance and cutting-edge technology.",66
2021,8,Model 4,V401,"Luxury seven-seat SUV with 2.5L petrol engine, AWD, panoramic sunroof, leather seats, premium infotainment and exceptional comfort.",37
2021,8,Model 4,V402,"Luxury diesel SUV with terrain management system, electronic parking brake, connected technology and spacious premium cabin.",8
2021,8,Model 4,V403,"Performance SUV featuring a 3.0L turbo petrol engine, adaptive suspension, AWD system and 20-inch alloy wheels.",25
2021,8,Model 4,V404,"Flagship luxury SUV powered by a 3.0L V6 petrol engine, ventilated seats, 360-degree camera, ADAS Level 2 and premium craftsmanship.",31
2021,8,Model 4,V405,"Flagship diesel SUV with air suspension, intelligent AWD, premium leather interior, advanced infotainment and executive comfort.",34
2021,8,Model 4,V406,"Dual-motor electric luxury SUV producing 300 kW, approximately 600 km driving range, ultra-fast charging, autonomous driving features and premium technology.",14
2021,8,Model 4,V407,"Performance electric SUV with dual-motor AWD, sports interior, rapid acceleration, intelligent safety systems and dynamic driving experience.",20
2021,8,Model 4,V408,"Flagship hybrid SUV powered by a 3.5L V6 hybrid engine, captain seats, panoramic glass roof, premium surround audio and comprehensive driver assistance.",32
2021,9,Model 1,V101,"Premium hatchback with a 1.2L petrol engine, 5-speed manual transmission, seating for five, dual airbags, ABS with EBD, LED DRLs, touchscreen infotainment, Apple CarPlay & Android Auto, excellent fuel efficiency and smooth city driving.",18
2021,9,Model 1,V102,"Premium hatchback powered by a 1.2L petrol engine with automatic transmission, reverse camera, cruise control, alloy wheels, automatic climate control and advanced infotainment for comfortable urban travel.",19
2021,9,Model 1,V103,"Mid-size sedan featuring a 1.5L petrol engine, manual transmission, spacious cabin, LED headlamps, rear AC vents, smart key access and balanced performance for everyday driving.",10
2021,9,Model 1,V104,"Premium sedan equipped with a 1.5L petrol engine and CVT automatic transmission, sunroof, wireless charging, connected car technology, six airbags and refined ride comfort.",8
2021,9,Model 2,V201,"Compact SUV powered by a 1.5L turbo diesel engine with manual gearbox, hill hold assist, rear parking sensors, 17-inch alloy wheels and practical family-oriented features.",72
2021,9,Model 2,V202,"Compact diesel SUV with automatic transmission, premium interior, electronic stability control, rear camera, ABS, spacious cabin and comfortable long-distance performance.",35
2021,9,Model 2,V203,"Sporty compact SUV featuring a 1.5L turbo petrol engine, manual transmission, LED lighting, touchscreen navigation and dynamic styling for enthusiastic drivers.",60
2021,9,Model 2,V204,"Compact SUV with turbo petrol engine and automatic transmission, push-button start, automatic climate control, connected vehicle technology and premium comfort.",33
2021,9,Model 2,V205,"Hybrid compact SUV with 1.5L petrol hybrid engine, e-CVT transmission, regenerative braking, outstanding fuel economy, advanced safety systems and intelligent driving assistance.",78
2021,9,Model 2,V206,"All-electric compact SUV producing 150 kW, fast charging support, approximately 450 km driving range, regenerative braking and connected smart mobility features.",43
2021,9,Model 2,V207,"Premium AWD SUV with 2.0L turbo petrol engine, panoramic sunroof, leather upholstery, 360-degree camera, ADAS safety features and luxury interior.",29
2021,9,Model 2,V208,"Premium diesel SUV equipped with AWD, terrain response modes, seven-seat configuration, premium audio system and excellent highway capability.",51
2021,9,Model 2,V209,"Family SUV powered by a 2.0L turbo petrol engine, automatic transmission, digital instrument cluster, connected navigation and spacious seven-seat layout.",71
2021,9,Model 2,V210,"Hybrid family SUV offering advanced driver assistance, adaptive cruise control, premium comfort, efficient hybrid technology and smooth e-CVT transmission.",71
2021,9,Model 3,V301,"Executive sedan with 1.8L petrol engine, premium cabin, manual transmission, projector LED headlamps and elegant styling.",72
2021,9,Model 3,V302,"Executive automatic sedan with leather upholstery, dual-zone climate control, connected infotainment and refined ride quality.",35
2021,9,Model 3,V303,"Performance sedan featuring a 2.0L petrol engine, paddle shifters, sport suspension, 18-inch alloy wheels and responsive handling.",60
2021,9,Model 3,V304,"Luxury hybrid sedan with intelligent safety systems, premium interior, exceptional fuel efficiency and smooth e-CVT performance.",33
2021,9,Model 3,V305,"Performance edition sedan powered by a turbo petrol engine with premium infotainment, sport exhaust, wireless charging and athletic design.",78
2021,9,Model 3,V306,"Executive diesel sedan offering automatic transmission, spacious rear seating, superior ride comfort and long-distance efficiency.",43
2021,9,Model 3,V307,"Luxury petrol sedan with panoramic sunroof, premium leather interior, ten airbags, connected technology and refined driving dynamics.",29
2021,9,Model 3,V308,"Luxury hybrid sedan equipped with adaptive cruise control, ventilated seats, premium sound system and intelligent safety features.",51
2021,9,Model 3,V309,"Electric luxury sedan delivering approximately 550 km range, fast charging capability, connected vehicle platform and premium comfort.",71
2021,9,Model 3,V310,"High-performance dual-motor electric sedan capable of rapid acceleration, all-wheel drive, advanced driver assistance and cutting-edge technology.",71
2021,9,Model 4,V401,"Luxury seven-seat SUV with 2.5L petrol engine, AWD, panoramic sunroof, leather seats, premium infotainment and exceptional comfort.",36
2021,9,Model 4,V402,"Luxury diesel SUV with terrain management system, electronic parking brake, connected technology and spacious premium cabin.",35
2021,9,Model 4,V403,"Performance SUV featuring a 3.0L turbo petrol engine, adaptive suspension, AWD system and 20-inch alloy wheels.",40
2021,9,Model 4,V404,"Flagship luxury SUV powered by a 3.0L V6 petrol engine, ventilated seats, 360-degree camera, ADAS Level 2 and premium craftsmanship.",17
2021,9,Model 4,V405,"Flagship diesel SUV with air suspension, intelligent AWD, premium leather interior, advanced infotainment and executive comfort.",27
2021,9,Model 4,V406,"Dual-motor electric luxury SUV producing 300 kW, approximately 600 km driving range, ultra-fast charging, autonomous driving features and premium technology.",28
2021,9,Model 4,V407,"Performance electric SUV with dual-motor AWD, sports interior, rapid acceleration, intelligent safety systems and dynamic driving experience.",23
2021,9,Model 4,V408,"Flagship hybrid SUV powered by a 3.5L V6 hybrid engine, captain seats, panoramic glass roof, premium surround audio and comprehensive driver assistance.",28
2021,10,Model 1,V101,"Premium hatchback with a 1.2L petrol engine, 5-speed manual transmission, seating for five, dual airbags, ABS with EBD, LED DRLs, touchscreen infotainment, Apple CarPlay & Android Auto, excellent fuel efficiency and smooth city driving.",21
2021,10,Model 1,V102,"Premium hatchback powered by a 1.2L petrol engine with automatic transmission, reverse camera, cruise control, alloy wheels, automatic climate control and advanced infotainment for comfortable urban travel.",18
2021,10,Model 1,V103,"Mid-size sedan featuring a 1.5L petrol engine, manual transmission, spacious cabin, LED headlamps, rear AC vents, smart key access and balanced performance for everyday driving.",30
2021,10,Model 1,V104,"Premium sedan equipped with a 1.5L petrol engine and CVT automatic transmission, sunroof, wireless charging, connected car technology, six airbags and refined ride comfort.",27
2021,10,Model 2,V201,"Compact SUV powered by a 1.5L turbo diesel engine with manual gearbox, hill hold assist, rear parking sensors, 17-inch alloy wheels and practical family-oriented features.",37
2021,10,Model 2,V202,"Compact diesel SUV with automatic transmission, premium interior, electronic stability control, rear camera, ABS, spacious cabin and comfortable long-distance performance.",75
2021,10,Model 2,V203,"Sporty compact SUV featuring a 1.5L turbo petrol engine, manual transmission, LED lighting, touchscreen navigation and dynamic styling for enthusiastic drivers.",39
2021,10,Model 2,V204,"Compact SUV with turbo petrol engine and automatic transmission, push-button start, automatic climate control, connected vehicle technology and premium comfort.",74
2021,10,Model 2,V205,"Hybrid compact SUV with 1.5L petrol hybrid engine, e-CVT transmission, regenerative braking, outstanding fuel economy, advanced safety systems and intelligent driving assistance.",43
2021,10,Model 2,V206,"All-electric compact SUV producing 150 kW, fast charging support, approximately 450 km driving range, regenerative braking and connected smart mobility features.",104
2021,10,Model 2,V207,"Premium AWD SUV with 2.0L turbo petrol engine, panoramic sunroof, leather upholstery, 360-degree camera, ADAS safety features and luxury interior.",81
2021,10,Model 2,V208,"Premium diesel SUV equipped with AWD, terrain response modes, seven-seat configuration, premium audio system and excellent highway capability.",68
2021,10,Model 2,V209,"Family SUV powered by a 2.0L turbo petrol engine, automatic transmission, digital instrument cluster, connected navigation and spacious seven-seat layout.",64
2021,10,Model 2,V210,"Hybrid family SUV offering advanced driver assistance, adaptive cruise control, premium comfort, efficient hybrid technology and smooth e-CVT transmission.",110
2021,10,Model 3,V301,"Executive sedan with 1.8L petrol engine, premium cabin, manual transmission, projector LED headlamps and elegant styling.",37
2021,10,Model 3,V302,"Executive automatic sedan with leather upholstery, dual-zone climate control, connected infotainment and refined ride quality.",75
2021,10,Model 3,V303,"Performance sedan featuring a 2.0L petrol engine, paddle shifters, sport suspension, 18-inch alloy wheels and responsive handling.",39
2021,10,Model 3,V304,"Luxury hybrid sedan with intelligent safety systems, premium interior, exceptional fuel efficiency and smooth e-CVT performance.",74
2021,10,Model 3,V305,"Performance edition sedan powered by a turbo petrol engine with premium infotainment, sport exhaust, wireless charging and athletic design.",43
2021,10,Model 3,V306,"Executive diesel sedan offering automatic transmission, spacious rear seating, superior ride comfort and long-distance efficiency.",104
2021,10,Model 3,V307,"Luxury petrol sedan with panoramic sunroof, premium leather interior, ten airbags, connected technology and refined driving dynamics.",81
2021,10,Model 3,V308,"Luxury hybrid sedan equipped with adaptive cruise control, ventilated seats, premium sound system and intelligent safety features.",68
2021,10,Model 3,V309,"Electric luxury sedan delivering approximately 550 km range, fast charging capability, connected vehicle platform and premium comfort.",64
2021,10,Model 3,V310,"High-performance dual-motor electric sedan capable of rapid acceleration, all-wheel drive, advanced driver assistance and cutting-edge technology.",110
2021,10,Model 4,V401,"Luxury seven-seat SUV with 2.5L petrol engine, AWD, panoramic sunroof, leather seats, premium infotainment and exceptional comfort.",20
2021,10,Model 4,V402,"Luxury diesel SUV with terrain management system, electronic parking brake, connected technology and spacious premium cabin.",32
2021,10,Model 4,V403,"Performance SUV featuring a 3.0L turbo petrol engine, adaptive suspension, AWD system and 20-inch alloy wheels.",15
2021,10,Model 4,V404,"Flagship luxury SUV powered by a 3.0L V6 petrol engine, ventilated seats, 360-degree camera, ADAS Level 2 and premium craftsmanship.",48
2021,10,Model 4,V405,"Flagship diesel SUV with air suspension, intelligent AWD, premium leather interior, advanced infotainment and executive comfort.",54
2021,10,Model 4,V406,"Dual-motor electric luxury SUV producing 300 kW, approximately 600 km driving range, ultra-fast charging, autonomous driving features and premium technology.",19
2021,10,Model 4,V407,"Performance electric SUV with dual-motor AWD, sports interior, rapid acceleration, intelligent safety systems and dynamic driving experience.",33
2021,10,Model 4,V408,"Flagship hybrid SUV powered by a 3.5L V6 hybrid engine, captain seats, panoramic glass roof, premium surround audio and comprehensive driver assistance.",30
2021,11,Model 1,V101,"Premium hatchback with a 1.2L petrol engine, 5-speed manual transmission, seating for five, dual airbags, ABS with EBD, LED DRLs, touchscreen infotainment, Apple CarPlay & Android Auto, excellent fuel efficiency and smooth city driving.",29
2021,11,Model 1,V102,"Premium hatchback powered by a 1.2L petrol engine with automatic transmission, reverse camera, cruise control, alloy wheels, automatic climate control and advanced infotainment for comfortable urban travel.",30
2021,11,Model 1,V103,"Mid-size sedan featuring a 1.5L petrol engine, manual transmission, spacious cabin, LED headlamps, rear AC vents, smart key access and balanced performance for everyday driving.",29
2021,11,Model 1,V104,"Premium sedan equipped with a 1.5L petrol engine and CVT automatic transmission, sunroof, wireless charging, connected car technology, six airbags and refined ride comfort.",21
2021,11,Model 2,V201,"Compact SUV powered by a 1.5L turbo diesel engine with manual gearbox, hill hold assist, rear parking sensors, 17-inch alloy wheels and practical family-oriented features.",48
2021,11,Model 2,V202,"Compact diesel SUV with automatic transmission, premium interior, electronic stability control, rear camera, ABS, spacious cabin and comfortable long-distance performance.",109
2021,11,Model 2,V203,"Sporty compact SUV featuring a 1.5L turbo petrol engine, manual transmission, LED lighting, touchscreen navigation and dynamic styling for enthusiastic drivers.",42
2021,11,Model 2,V204,"Compact SUV with turbo petrol engine and automatic transmission, push-button start, automatic climate control, connected vehicle technology and premium comfort.",72
2021,11,Model 2,V205,"Hybrid compact SUV with 1.5L petrol hybrid engine, e-CVT transmission, regenerative braking, outstanding fuel economy, advanced safety systems and intelligent driving assistance.",104
2021,11,Model 2,V206,"All-electric compact SUV producing 150 kW, fast charging support, approximately 450 km driving range, regenerative braking and connected smart mobility features.",80
2021,11,Model 2,V207,"Premium AWD SUV with 2.0L turbo petrol engine, panoramic sunroof, leather upholstery, 360-degree camera, ADAS safety features and luxury interior.",74
2021,11,Model 2,V208,"Premium diesel SUV equipped with AWD, terrain response modes, seven-seat configuration, premium audio system and excellent highway capability.",47
2021,11,Model 2,V209,"Family SUV powered by a 2.0L turbo petrol engine, automatic transmission, digital instrument cluster, connected navigation and spacious seven-seat layout.",100
2021,11,Model 2,V210,"Hybrid family SUV offering advanced driver assistance, adaptive cruise control, premium comfort, efficient hybrid technology and smooth e-CVT transmission.",43
2021,11,Model 3,V301,"Executive sedan with 1.8L petrol engine, premium cabin, manual transmission, projector LED headlamps and elegant styling.",48
2021,11,Model 3,V302,"Executive automatic sedan with leather upholstery, dual-zone climate control, connected infotainment and refined ride quality.",109
2021,11,Model 3,V303,"Performance sedan featuring a 2.0L petrol engine, paddle shifters, sport suspension, 18-inch alloy wheels and responsive handling.",42
2021,11,Model 3,V304,"Luxury hybrid sedan with intelligent safety systems, premium interior, exceptional fuel efficiency and smooth e-CVT performance.",72
2021,11,Model 3,V305,"Performance edition sedan powered by a turbo petrol engine with premium infotainment, sport exhaust, wireless charging and athletic design.",104
2021,11,Model 3,V306,"Executive diesel sedan offering automatic transmission, spacious rear seating, superior ride comfort and long-distance efficiency.",80
2021,11,Model 3,V307,"Luxury petrol sedan with panoramic sunroof, premium leather interior, ten airbags, connected technology and refined driving dynamics.",74
2021,11,Model 3,V308,"Luxury hybrid sedan equipped with adaptive cruise control, ventilated seats, premium sound system and intelligent safety features.",47
2021,11,Model 3,V309,"Electric luxury sedan delivering approximately 550 km range, fast charging capability, connected vehicle platform and premium comfort.",100
2021,11,Model 3,V310,"High-performance dual-motor electric sedan capable of rapid acceleration, all-wheel drive, advanced driver assistance and cutting-edge technology.",43
2021,11,Model 4,V401,"Luxury seven-seat SUV with 2.5L petrol engine, AWD, panoramic sunroof, leather seats, premium infotainment and exceptional comfort.",53
2021,11,Model 4,V402,"Luxury diesel SUV with terrain management system, electronic parking brake, connected technology and spacious premium cabin.",54
2021,11,Model 4,V403,"Performance SUV featuring a 3.0L turbo petrol engine, adaptive suspension, AWD system and 20-inch alloy wheels.",38
2021,11,Model 4,V404,"Flagship luxury SUV powered by a 3.0L V6 petrol engine, ventilated seats, 360-degree camera, ADAS Level 2 and premium craftsmanship.",44
2021,11,Model 4,V405,"Flagship diesel SUV with air suspension, intelligent AWD, premium leather interior, advanced infotainment and executive comfort.",34
2021,11,Model 4,V406,"Dual-motor electric luxury SUV producing 300 kW, approximately 600 km driving range, ultra-fast charging, autonomous driving features and premium technology.",11
2021,11,Model 4,V407,"Performance electric SUV with dual-motor AWD, sports interior, rapid acceleration, intelligent safety systems and dynamic driving experience.",34
2021,11,Model 4,V408,"Flagship hybrid SUV powered by a 3.5L V6 hybrid engine, captain seats, panoramic glass roof, premium surround audio and comprehensive driver assistance.",30
2021,12,Model 1,V101,"Premium hatchback with a 1.2L petrol engine, 5-speed manual transmission, seating for five, dual airbags, ABS with EBD, LED DRLs, touchscreen infotainment, Apple CarPlay & Android Auto, excellent fuel efficiency and smooth city driving.",13
2021,12,Model 1,V102,"Premium hatchback powered by a 1.2L petrol engine with automatic transmission, reverse camera, cruise control, alloy wheels, automatic climate control and advanced infotainment for comfortable urban travel.",14
2021,12,Model 1,V103,"Mid-size sedan featuring a 1.5L petrol engine, manual transmission, spacious cabin, LED headlamps, rear AC vents, smart key access and balanced performance for everyday driving.",18
2021,12,Model 1,V104,"Premium sedan equipped with a 1.5L petrol engine and CVT automatic transmission, sunroof, wireless charging, connected car technology, six airbags and refined ride comfort.",24
2021,12,Model 2,V201,"Compact SUV powered by a 1.5L turbo diesel engine with manual gearbox, hill hold assist, rear parking sensors, 17-inch alloy wheels and practical family-oriented features.",56
2021,12,Model 2,V202,"Compact diesel SUV with automatic transmission, premium interior, electronic stability control, rear camera, ABS, spacious cabin and comfortable long-distance performance.",60
2021,12,Model 2,V203,"Sporty compact SUV featuring a 1.5L turbo petrol engine, manual transmission, LED lighting, touchscreen navigation and dynamic styling for enthusiastic drivers.",49
2021,12,Model 2,V204,"Compact SUV with turbo petrol engine and automatic transmission, push-button start, automatic climate control, connected vehicle technology and premium comfort.",51
2021,12,Model 2,V205,"Hybrid compact SUV with 1.5L petrol hybrid engine, e-CVT transmission, regenerative braking, outstanding fuel economy, advanced safety systems and intelligent driving assistance.",41
2021,12,Model 2,V206,"All-electric compact SUV producing 150 kW, fast charging support, approximately 450 km driving range, regenerative braking and connected smart mobility features.",69
2021,12,Model 2,V207,"Premium AWD SUV with 2.0L turbo petrol engine, panoramic sunroof, leather upholstery, 360-degree camera, ADAS safety features and luxury interior.",44
2021,12,Model 2,V208,"Premium diesel SUV equipped with AWD, terrain response modes, seven-seat configuration, premium audio system and excellent highway capability.",97
2021,12,Model 2,V209,"Family SUV powered by a 2.0L turbo petrol engine, automatic transmission, digital instrument cluster, connected navigation and spacious seven-seat layout.",102
2021,12,Model 2,V210,"Hybrid family SUV offering advanced driver assistance, adaptive cruise control, premium comfort, efficient hybrid technology and smooth e-CVT transmission.",100
2021,12,Model 3,V301,"Executive sedan with 1.8L petrol engine, premium cabin, manual transmission, projector LED headlamps and elegant styling.",56
2021,12,Model 3,V302,"Executive automatic sedan with leather upholstery, dual-zone climate control, connected infotainment and refined ride quality.",60
2021,12,Model 3,V303,"Performance sedan featuring a 2.0L petrol engine, paddle shifters, sport suspension, 18-inch alloy wheels and responsive handling.",49
2021,12,Model 3,V304,"Luxury hybrid sedan with intelligent safety systems, premium interior, exceptional fuel efficiency and smooth e-CVT performance.",51
2021,12,Model 3,V305,"Performance edition sedan powered by a turbo petrol engine with premium infotainment, sport exhaust, wireless charging and athletic design.",41
2021,12,Model 3,V306,"Executive diesel sedan offering automatic transmission, spacious rear seating, superior ride comfort and long-distance efficiency.",69
2021,12,Model 3,V307,"Luxury petrol sedan with panoramic sunroof, premium leather interior, ten airbags, connected technology and refined driving dynamics.",44
2021,12,Model 3,V308,"Luxury hybrid sedan equipped with adaptive cruise control, ventilated seats, premium sound system and intelligent safety features.",97
2021,12,Model 3,V309,"Electric luxury sedan delivering approximately 550 km range, fast charging capability, connected vehicle platform and premium comfort.",102
2021,12,Model 3,V310,"High-performance dual-motor electric sedan capable of rapid acceleration, all-wheel drive, advanced driver assistance and cutting-edge technology.",100
2021,12,Model 4,V401,"Luxury seven-seat SUV with 2.5L petrol engine, AWD, panoramic sunroof, leather seats, premium infotainment and exceptional comfort.",12
2021,12,Model 4,V402,"Luxury diesel SUV with terrain management system, electronic parking brake, connected technology and spacious premium cabin.",54
2021,12,Model 4,V403,"Performance SUV featuring a 3.0L turbo petrol engine, adaptive suspension, AWD system and 20-inch alloy wheels.",32
2021,12,Model 4,V404,"Flagship luxury SUV powered by a 3.0L V6 petrol engine, ventilated seats, 360-degree camera, ADAS Level 2 and premium craftsmanship.",61
2021,12,Model 4,V405,"Flagship diesel SUV with air suspension, intelligent AWD, premium leather interior, advanced infotainment and executive comfort.",51
2021,12,Model 4,V406,"Dual-motor electric luxury SUV producing 300 kW, approximately 600 km driving range, ultra-fast charging, autonomous driving features and premium technology.",18
2021,12,Model 4,V407,"Performance electric SUV with dual-motor AWD, sports interior, rapid acceleration, intelligent safety systems and dynamic driving experience.",49
2021,12,Model 4,V408,"Flagship hybrid SUV powered by a 3.5L V6 hybrid engine, captain seats, panoramic glass roof, premium surround audio and comprehensive driver assistance.",35
2022,1,Model 1,V101,"Premium hatchback with a 1.2L petrol engine, 5-speed manual transmission, seating for five, dual airbags, ABS with EBD, LED DRLs, touchscreen infotainment, Apple CarPlay & Android Auto, excellent fuel efficiency and smooth city driving.",13
2022,1,Model 1,V102,"Premium hatchback powered by a 1.2L petrol engine with automatic transmission, reverse camera, cruise control, alloy wheels, automatic climate control and advanced infotainment for comfortable urban travel.",14
2022,1,Model 1,V103,"Mid-size sedan featuring a 1.5L petrol engine, manual transmission, spacious cabin, LED headlamps, rear AC vents, smart key access and balanced performance for everyday driving.",14
2022,1,Model 1,V104,"Premium sedan equipped with a 1.5L petrol engine and CVT automatic transmission, sunroof, wireless charging, connected car technology, six airbags and refined ride comfort.",32
2022,1,Model 2,V201,"Compact SUV powered by a 1.5L turbo diesel engine with manual gearbox, hill hold assist, rear parking sensors, 17-inch alloy wheels and practical family-oriented features.",119
2022,1,Model 2,V202,"Compact diesel SUV with automatic transmission, premium interior, electronic stability control, rear camera, ABS, spacious cabin and comfortable long-distance performance.",55
2022,1,Model 2,V203,"Sporty compact SUV featuring a 1.5L turbo petrol engine, manual transmission, LED lighting, touchscreen navigation and dynamic styling for enthusiastic drivers.",94
2022,1,Model 2,V204,"Compact SUV with turbo petrol engine and automatic transmission, push-button start, automatic climate control, connected vehicle technology and premium comfort.",39
2022,1,Model 2,V205,"Hybrid compact SUV with 1.5L petrol hybrid engine, e-CVT transmission, regenerative braking, outstanding fuel economy, advanced safety systems and intelligent driving assistance.",90
2022,1,Model 2,V206,"All-electric compact SUV producing 150 kW, fast charging support, approximately 450 km driving range, regenerative braking and connected smart mobility features.",83
2022,1,Model 2,V207,"Premium AWD SUV with 2.0L turbo petrol engine, panoramic sunroof, leather upholstery, 360-degree camera, ADAS safety features and luxury interior.",65
2022,1,Model 2,V208,"Premium diesel SUV equipped with AWD, terrain response modes, seven-seat configuration, premium audio system and excellent highway capability.",94
2022,1,Model 2,V209,"Family SUV powered by a 2.0L turbo petrol engine, automatic transmission, digital instrument cluster, connected navigation and spacious seven-seat layout.",118
2022,1,Model 2,V210,"Hybrid family SUV offering advanced driver assistance, adaptive cruise control, premium comfort, efficient hybrid technology and smooth e-CVT transmission.",72
2022,1,Model 3,V301,"Executive sedan with 1.8L petrol engine, premium cabin, manual transmission, projector LED headlamps and elegant styling.",119
2022,1,Model 3,V302,"Executive automatic sedan with leather upholstery, dual-zone climate control, connected infotainment and refined ride quality.",55
2022,1,Model 3,V303,"Performance sedan featuring a 2.0L petrol engine, paddle shifters, sport suspension, 18-inch alloy wheels and responsive handling.",94
2022,1,Model 3,V304,"Luxury hybrid sedan with intelligent safety systems, premium interior, exceptional fuel efficiency and smooth e-CVT performance.",39
2022,1,Model 3,V305,"Performance edition sedan powered by a turbo petrol engine with premium infotainment, sport exhaust, wireless charging and athletic design.",90
2022,1,Model 3,V306,"Executive diesel sedan offering automatic transmission, spacious rear seating, superior ride comfort and long-distance efficiency.",83
2022,1,Model 3,V307,"Luxury petrol sedan with panoramic sunroof, premium leather interior, ten airbags, connected technology and refined driving dynamics.",65
2022,1,Model 3,V308,"Luxury hybrid sedan equipped with adaptive cruise control, ventilated seats, premium sound system and intelligent safety features.",94
2022,1,Model 3,V309,"Electric luxury sedan delivering approximately 550 km range, fast charging capability, connected vehicle platform and premium comfort.",118
2022,1,Model 3,V310,"High-performance dual-motor electric sedan capable of rapid acceleration, all-wheel drive, advanced driver assistance and cutting-edge technology.",72
2022,1,Model 4,V401,"Luxury seven-seat SUV with 2.5L petrol engine, AWD, panoramic sunroof, leather seats, premium infotainment and exceptional comfort.",63
2022,1,Model 4,V402,"Luxury diesel SUV with terrain management system, electronic parking brake, connected technology and spacious premium cabin.",63
2022,1,Model 4,V403,"Performance SUV featuring a 3.0L turbo petrol engine, adaptive suspension, AWD system and 20-inch alloy wheels.",65
2022,1,Model 4,V404,"Flagship luxury SUV powered by a 3.0L V6 petrol engine, ventilated seats, 360-degree camera, ADAS Level 2 and premium craftsmanship.",42
2022,1,Model 4,V405,"Flagship diesel SUV with air suspension, intelligent AWD, premium leather interior, advanced infotainment and executive comfort.",27
2022,1,Model 4,V406,"Dual-motor electric luxury SUV producing 300 kW, approximately 600 km driving range, ultra-fast charging, autonomous driving features and premium technology.",48
2022,1,Model 4,V407,"Performance electric SUV with dual-motor AWD, sports interior, rapid acceleration, intelligent safety systems and dynamic driving experience.",27
2022,1,Model 4,V408,"Flagship hybrid SUV powered by a 3.5L V6 hybrid engine, captain seats, panoramic glass roof, premium surround audio and comprehensive driver assistance.",32
2022,2,Model 1,V101,"Premium hatchback with a 1.2L petrol engine, 5-speed manual transmission, seating for five, dual airbags, ABS with EBD, LED DRLs, touchscreen infotainment, Apple CarPlay & Android Auto, excellent fuel efficiency and smooth city driving.",24
2022,2,Model 1,V102,"Premium hatchback powered by a 1.2L petrol engine with automatic transmission, reverse camera, cruise control, alloy wheels, automatic climate control and advanced infotainment for comfortable urban travel.",15
2022,2,Model 1,V103,"Mid-size sedan featuring a 1.5L petrol engine, manual transmission, spacious cabin, LED headlamps, rear AC vents, smart key access and balanced performance for everyday driving.",21
2022,2,Model 1,V104,"Premium sedan equipped with a 1.5L petrol engine and CVT automatic transmission, sunroof, wireless charging, connected car technology, six airbags and refined ride comfort.",32
2022,2,Model 2,V201,"Compact SUV powered by a 1.5L turbo diesel engine with manual gearbox, hill hold assist, rear parking sensors, 17-inch alloy wheels and practical family-oriented features.",112
2022,2,Model 2,V202,"Compact diesel SUV with automatic transmission, premium interior, electronic stability control, rear camera, ABS, spacious cabin and comfortable long-distance performance.",94
2022,2,Model 2,V203,"Sporty compact SUV featuring a 1.5L turbo petrol engine, manual transmission, LED lighting, touchscreen navigation and dynamic styling for enthusiastic drivers.",97
2022,2,Model 2,V204,"Compact SUV with turbo petrol engine and automatic transmission, push-button start, automatic climate control, connected vehicle technology and premium comfort.",72
2022,2,Model 2,V205,"Hybrid compact SUV with 1.5L petrol hybrid engine, e-CVT transmission, regenerative braking, outstanding fuel economy, advanced safety systems and intelligent driving assistance.",85
2022,2,Model 2,V206,"All-electric compact SUV producing 150 kW, fast charging support, approximately 450 km driving range, regenerative braking and connected smart mobility features.",102
2022,2,Model 2,V207,"Premium AWD SUV with 2.0L turbo petrol engine, panoramic sunroof, leather upholstery, 360-degree camera, ADAS safety features and luxury interior.",106
2022,2,Model 2,V208,"Premium diesel SUV equipped with AWD, terrain response modes, seven-seat configuration, premium audio system and excellent highway capability.",91
2022,2,Model 2,V209,"Family SUV powered by a 2.0L turbo petrol engine, automatic transmission, digital instrument cluster, connected navigation and spacious seven-seat layout.",55
2022,2,Model 2,V210,"Hybrid family SUV offering advanced driver assistance, adaptive cruise control, premium comfort, efficient hybrid technology and smooth e-CVT transmission.",60
2022,2,Model 3,V301,"Executive sedan with 1.8L petrol engine, premium cabin, manual transmission, projector LED headlamps and elegant styling.",112
2022,2,Model 3,V302,"Executive automatic sedan with leather upholstery, dual-zone climate control, connected infotainment and refined ride quality.",94
2022,2,Model 3,V303,"Performance sedan featuring a 2.0L petrol engine, paddle shifters, sport suspension, 18-inch alloy wheels and responsive handling.",97
2022,2,Model 3,V304,"Luxury hybrid sedan with intelligent safety systems, premium interior, exceptional fuel efficiency and smooth e-CVT performance.",72
2022,2,Model 3,V305,"Performance edition sedan powered by a turbo petrol engine with premium infotainment, sport exhaust, wireless charging and athletic design.",85
2022,2,Model 3,V306,"Executive diesel sedan offering automatic transmission, spacious rear seating, superior ride comfort and long-distance efficiency.",102
2022,2,Model 3,V307,"Luxury petrol sedan with panoramic sunroof, premium leather interior, ten airbags, connected technology and refined driving dynamics.",106
2022,2,Model 3,V308,"Luxury hybrid sedan equipped with adaptive cruise control, ventilated seats, premium sound system and intelligent safety features.",91
2022,2,Model 3,V309,"Electric luxury sedan delivering approximately 550 km range, fast charging capability, connected vehicle platform and premium comfort.",55
2022,2,Model 3,V310,"High-performance dual-motor electric sedan capable of rapid acceleration, all-wheel drive, advanced driver assistance and cutting-edge technology.",60
2022,2,Model 4,V401,"Luxury seven-seat SUV with 2.5L petrol engine, AWD, panoramic sunroof, leather seats, premium infotainment and exceptional comfort.",53
2022,2,Model 4,V402,"Luxury diesel SUV with terrain management system, electronic parking brake, connected technology and spacious premium cabin.",20
2022,2,Model 4,V403,"Performance SUV featuring a 3.0L turbo petrol engine, adaptive suspension, AWD system and 20-inch alloy wheels.",28
2022,2,Model 4,V404,"Flagship luxury SUV powered by a 3.0L V6 petrol engine, ventilated seats, 360-degree camera, ADAS Level 2 and premium craftsmanship.",14
2022,2,Model 4,V405,"Flagship diesel SUV with air suspension, intelligent AWD, premium leather interior, advanced infotainment and executive comfort.",55
2022,2,Model 4,V406,"Dual-motor electric luxury SUV producing 300 kW, approximately 600 km driving range, ultra-fast charging, autonomous driving features and premium technology.",44
2022,2,Model 4,V407,"Performance electric SUV with dual-motor AWD, sports interior, rapid acceleration, intelligent safety systems and dynamic driving experience.",36
2022,2,Model 4,V408,"Flagship hybrid SUV powered by a 3.5L V6 hybrid engine, captain seats, panoramic glass roof, premium surround audio and comprehensive driver assistance.",49
2022,3,Model 1,V101,"Premium hatchback with a 1.2L petrol engine, 5-speed manual transmission, seating for five, dual airbags, ABS with EBD, LED DRLs, touchscreen infotainment, Apple CarPlay & Android Auto, excellent fuel efficiency and smooth city driving.",14
2022,3,Model 1,V102,"Premium hatchback powered by a 1.2L petrol engine with automatic transmission, reverse camera, cruise control, alloy wheels, automatic climate control and advanced infotainment for comfortable urban travel.",41
2022,3,Model 1,V103,"Mid-size sedan featuring a 1.5L petrol engine, manual transmission, spacious cabin, LED headlamps, rear AC vents, smart key access and balanced performance for everyday driving.",33
2022,3,Model 1,V104,"Premium sedan equipped with a 1.5L petrol engine and CVT automatic transmission, sunroof, wireless charging, connected car technology, six airbags and refined ride comfort.",15
2022,3,Model 2,V201,"Compact SUV powered by a 1.5L turbo diesel engine with manual gearbox, hill hold assist, rear parking sensors, 17-inch alloy wheels and practical family-oriented features.",90
2022,3,Model 2,V202,"Compact diesel SUV with automatic transmission, premium interior, electronic stability control, rear camera, ABS, spacious cabin and comfortable long-distance performance.",55
2022,3,Model 2,V203,"Sporty compact SUV featuring a 1.5L turbo petrol engine, manual transmission, LED lighting, touchscreen navigation and dynamic styling for enthusiastic drivers.",69
2022,3,Model 2,V204,"Compact SUV with turbo petrol engine and automatic transmission, push-button start, automatic climate control, connected vehicle technology and premium comfort.",88
2022,3,Model 2,V205,"Hybrid compact SUV with 1.5L petrol hybrid engine, e-CVT transmission, regenerative braking, outstanding fuel economy, advanced safety systems and intelligent driving assistance.",119
2022,3,Model 2,V206,"All-electric compact SUV producing 150 kW, fast charging support, approximately 450 km driving range, regenerative braking and connected smart mobility features.",130
2022,3,Model 2,V207,"Premium AWD SUV with 2.0L turbo petrol engine, panoramic sunroof, leather upholstery, 360-degree camera, ADAS safety features and luxury interior.",66
2022,3,Model 2,V208,"Premium diesel SUV equipped with AWD, terrain response modes, seven-seat configuration, premium audio system and excellent highway capability.",116
2022,3,Model 2,V209,"Family SUV powered by a 2.0L turbo petrol engine, automatic transmission, digital instrument cluster, connected navigation and spacious seven-seat layout.",57
2022,3,Model 2,V210,"Hybrid family SUV offering advanced driver assistance, adaptive cruise control, premium comfort, efficient hybrid technology and smooth e-CVT transmission.",79
2022,3,Model 3,V301,"Executive sedan with 1.8L petrol engine, premium cabin, manual transmission, projector LED headlamps and elegant styling.",90
2022,3,Model 3,V302,"Executive automatic sedan with leather upholstery, dual-zone climate control, connected infotainment and refined ride quality.",55
2022,3,Model 3,V303,"Performance sedan featuring a 2.0L petrol engine, paddle shifters, sport suspension, 18-inch alloy wheels and responsive handling.",69
2022,3,Model 3,V304,"Luxury hybrid sedan with intelligent safety systems, premium interior, exceptional fuel efficiency and smooth e-CVT performance.",88
2022,3,Model 3,V305,"Performance edition sedan powered by a turbo petrol engine with premium infotainment, sport exhaust, wireless charging and athletic design.",119
2022,3,Model 3,V306,"Executive diesel sedan offering automatic transmission, spacious rear seating, superior ride comfort and long-distance efficiency.",130
2022,3,Model 3,V307,"Luxury petrol sedan with panoramic sunroof, premium leather interior, ten airbags, connected technology and refined driving dynamics.",66
2022,3,Model 3,V308,"Luxury hybrid sedan equipped with adaptive cruise control, ventilated seats, premium sound system and intelligent safety features.",116
2022,3,Model 3,V309,"Electric luxury sedan delivering approximately 550 km range, fast charging capability, connected vehicle platform and premium comfort.",57
2022,3,Model 3,V310,"High-performance dual-motor electric sedan capable of rapid acceleration, all-wheel drive, advanced driver assistance and cutting-edge technology.",79
2022,3,Model 4,V401,"Luxury seven-seat SUV with 2.5L petrol engine, AWD, panoramic sunroof, leather seats, premium infotainment and exceptional comfort.",53
2022,3,Model 4,V402,"Luxury diesel SUV with terrain management system, electronic parking brake, connected technology and spacious premium cabin.",44
2022,3,Model 4,V403,"Performance SUV featuring a 3.0L turbo petrol engine, adaptive suspension, AWD system and 20-inch alloy wheels.",15
2022,3,Model 4,V404,"Flagship luxury SUV powered by a 3.0L V6 petrol engine, ventilated seats, 360-degree camera, ADAS Level 2 and premium craftsmanship.",50
2022,3,Model 4,V405,"Flagship diesel SUV with air suspension, intelligent AWD, premium leather interior, advanced infotainment and executive comfort.",18
2022,3,Model 4,V406,"Dual-motor electric luxury SUV producing 300 kW, approximately 600 km driving range, ultra-fast charging, autonomous driving features and premium technology.",48
2022,3,Model 4,V407,"Performance electric SUV with dual-motor AWD, sports interior, rapid acceleration, intelligent safety systems and dynamic driving experience.",57
2022,3,Model 4,V408,"Flagship hybrid SUV powered by a 3.5L V6 hybrid engine, captain seats, panoramic glass roof, premium surround audio and comprehensive driver assistance.",46
2022,4,Model 1,V101,"Premium hatchback with a 1.2L petrol engine, 5-speed manual transmission, seating for five, dual airbags, ABS with EBD, LED DRLs, touchscreen infotainment, Apple CarPlay & Android Auto, excellent fuel efficiency and smooth city driving.",21
2022,4,Model 1,V102,"Premium hatchback powered by a 1.2L petrol engine with automatic transmission, reverse camera, cruise control, alloy wheels, automatic climate control and advanced infotainment for comfortable urban travel.",27
2022,4,Model 1,V103,"Mid-size sedan featuring a 1.5L petrol engine, manual transmission, spacious cabin, LED headlamps, rear AC vents, smart key access and balanced performance for everyday driving.",14
2022,4,Model 1,V104,"Premium sedan equipped with a 1.5L petrol engine and CVT automatic transmission, sunroof, wireless charging, connected car technology, six airbags and refined ride comfort.",26
2022,4,Model 2,V201,"Compact SUV powered by a 1.5L turbo diesel engine with manual gearbox, hill hold assist, rear parking sensors, 17-inch alloy wheels and practical family-oriented features.",80
2022,4,Model 2,V202,"Compact diesel SUV with automatic transmission, premium interior, electronic stability control, rear camera, ABS, spacious cabin and comfortable long-distance performance.",46
2022,4,Model 2,V203,"Sporty compact SUV featuring a 1.5L turbo petrol engine, manual transmission, LED lighting, touchscreen navigation and dynamic styling for enthusiastic drivers.",96
2022,4,Model 2,V204,"Compact SUV with turbo petrol engine and automatic transmission, push-button start, automatic climate control, connected vehicle technology and premium comfort.",58
2022,4,Model 2,V205,"Hybrid compact SUV with 1.5L petrol hybrid engine, e-CVT transmission, regenerative braking, outstanding fuel economy, advanced safety systems and intelligent driving assistance.",99
2022,4,Model 2,V206,"All-electric compact SUV producing 150 kW, fast charging support, approximately 450 km driving range, regenerative braking and connected smart mobility features.",66
2022,4,Model 2,V207,"Premium AWD SUV with 2.0L turbo petrol engine, panoramic sunroof, leather upholstery, 360-degree camera, ADAS safety features and luxury interior.",65
2022,4,Model 2,V208,"Premium diesel SUV equipped with AWD, terrain response modes, seven-seat configuration, premium audio system and excellent highway capability.",47
2022,4,Model 2,V209,"Family SUV powered by a 2.0L turbo petrol engine, automatic transmission, digital instrument cluster, connected navigation and spacious seven-seat layout.",90
2022,4,Model 2,V210,"Hybrid family SUV offering advanced driver assistance, adaptive cruise control, premium comfort, efficient hybrid technology and smooth e-CVT transmission.",122
2022,4,Model 3,V301,"Executive sedan with 1.8L petrol engine, premium cabin, manual transmission, projector LED headlamps and elegant styling.",80
2022,4,Model 3,V302,"Executive automatic sedan with leather upholstery, dual-zone climate control, connected infotainment and refined ride quality.",46
2022,4,Model 3,V303,"Performance sedan featuring a 2.0L petrol engine, paddle shifters, sport suspension, 18-inch alloy wheels and responsive handling.",96
2022,4,Model 3,V304,"Luxury hybrid sedan with intelligent safety systems, premium interior, exceptional fuel efficiency and smooth e-CVT performance.",58
2022,4,Model 3,V305,"Performance edition sedan powered by a turbo petrol engine with premium infotainment, sport exhaust, wireless charging and athletic design.",99
2022,4,Model 3,V306,"Executive diesel sedan offering automatic transmission, spacious rear seating, superior ride comfort and long-distance efficiency.",66
2022,4,Model 3,V307,"Luxury petrol sedan with panoramic sunroof, premium leather interior, ten airbags, connected technology and refined driving dynamics.",65
2022,4,Model 3,V308,"Luxury hybrid sedan equipped with adaptive cruise control, ventilated seats, premium sound system and intelligent safety features.",47
2022,4,Model 3,V309,"Electric luxury sedan delivering approximately 550 km range, fast charging capability, connected vehicle platform and premium comfort.",90
2022,4,Model 3,V310,"High-performance dual-motor electric sedan capable of rapid acceleration, all-wheel drive, advanced driver assistance and cutting-edge technology.",122
2022,4,Model 4,V401,"Luxury seven-seat SUV with 2.5L petrol engine, AWD, panoramic sunroof, leather seats, premium infotainment and exceptional comfort.",74
2022,4,Model 4,V402,"Luxury diesel SUV with terrain management system, electronic parking brake, connected technology and spacious premium cabin.",25
2022,4,Model 4,V403,"Performance SUV featuring a 3.0L turbo petrol engine, adaptive suspension, AWD system and 20-inch alloy wheels.",80
2022,4,Model 4,V404,"Flagship luxury SUV powered by a 3.0L V6 petrol engine, ventilated seats, 360-degree camera, ADAS Level 2 and premium craftsmanship.",75
2022,4,Model 4,V405,"Flagship diesel SUV with air suspension, intelligent AWD, premium leather interior, advanced infotainment and executive comfort.",54
2022,4,Model 4,V406,"Dual-motor electric luxury SUV producing 300 kW, approximately 600 km driving range, ultra-fast charging, autonomous driving features and premium technology.",53
2022,4,Model 4,V407,"Performance electric SUV with dual-motor AWD, sports interior, rapid acceleration, intelligent safety systems and dynamic driving experience.",67
2022,4,Model 4,V408,"Flagship hybrid SUV powered by a 3.5L V6 hybrid engine, captain seats, panoramic glass roof, premium surround audio and comprehensive driver assistance.",14
2022,5,Model 1,V101,"Premium hatchback with a 1.2L petrol engine, 5-speed manual transmission, seating for five, dual airbags, ABS with EBD, LED DRLs, touchscreen infotainment, Apple CarPlay & Android Auto, excellent fuel efficiency and smooth city driving.",14
2022,5,Model 1,V102,"Premium hatchback powered by a 1.2L petrol engine with automatic transmission, reverse camera, cruise control, alloy wheels, automatic climate control and advanced infotainment for comfortable urban travel.",11
2022,5,Model 1,V103,"Mid-size sedan featuring a 1.5L petrol engine, manual transmission, spacious cabin, LED headlamps, rear AC vents, smart key access and balanced performance for everyday driving.",21
2022,5,Model 1,V104,"Premium sedan equipped with a 1.5L petrol engine and CVT automatic transmission, sunroof, wireless charging, connected car technology, six airbags and refined ride comfort.",19
2022,5,Model 2,V201,"Compact SUV powered by a 1.5L turbo diesel engine with manual gearbox, hill hold assist, rear parking sensors, 17-inch alloy wheels and practical family-oriented features.",67
2022,5,Model 2,V202,"Compact diesel SUV with automatic transmission, premium interior, electronic stability control, rear camera, ABS, spacious cabin and comfortable long-distance performance.",136
2022,5,Model 2,V203,"Sporty compact SUV featuring a 1.5L turbo petrol engine, manual transmission, LED lighting, touchscreen navigation and dynamic styling for enthusiastic drivers.",146
2022,5,Model 2,V204,"Compact SUV with turbo petrol engine and automatic transmission, push-button start, automatic climate control, connected vehicle technology and premium comfort.",133
2022,5,Model 2,V205,"Hybrid compact SUV with 1.5L petrol hybrid engine, e-CVT transmission, regenerative braking, outstanding fuel economy, advanced safety systems and intelligent driving assistance.",114
2022,5,Model 2,V206,"All-electric compact SUV producing 150 kW, fast charging support, approximately 450 km driving range, regenerative braking and connected smart mobility features.",60
2022,5,Model 2,V207,"Premium AWD SUV with 2.0L turbo petrol engine, panoramic sunroof, leather upholstery, 360-degree camera, ADAS safety features and luxury interior.",90
2022,5,Model 2,V208,"Premium diesel SUV equipped with AWD, terrain response modes, seven-seat configuration, premium audio system and excellent highway capability.",82
2022,5,Model 2,V209,"Family SUV powered by a 2.0L turbo petrol engine, automatic transmission, digital instrument cluster, connected navigation and spacious seven-seat layout.",93
2022,5,Model 2,V210,"Hybrid family SUV offering advanced driver assistance, adaptive cruise control, premium comfort, efficient hybrid technology and smooth e-CVT transmission.",62
2022,5,Model 3,V301,"Executive sedan with 1.8L petrol engine, premium cabin, manual transmission, projector LED headlamps and elegant styling.",67
2022,5,Model 3,V302,"Executive automatic sedan with leather upholstery, dual-zone climate control, connected infotainment and refined ride quality.",136
2022,5,Model 3,V303,"Performance sedan featuring a 2.0L petrol engine, paddle shifters, sport suspension, 18-inch alloy wheels and responsive handling.",146
2022,5,Model 3,V304,"Luxury hybrid sedan with intelligent safety systems, premium interior, exceptional fuel efficiency and smooth e-CVT performance.",133
2022,5,Model 3,V305,"Performance edition sedan powered by a turbo petrol engine with premium infotainment, sport exhaust, wireless charging and athletic design.",114
2022,5,Model 3,V306,"Executive diesel sedan offering automatic transmission, spacious rear seating, superior ride comfort and long-distance efficiency.",60
2022,5,Model 3,V307,"Luxury petrol sedan with panoramic sunroof, premium leather interior, ten airbags, connected technology and refined driving dynamics.",90
2022,5,Model 3,V308,"Luxury hybrid sedan equipped with adaptive cruise control, ventilated seats, premium sound system and intelligent safety features.",82
2022,5,Model 3,V309,"Electric luxury sedan delivering approximately 550 km range, fast charging capability, connected vehicle platform and premium comfort.",93
2022,5,Model 3,V310,"High-performance dual-motor electric sedan capable of rapid acceleration, all-wheel drive, advanced driver assistance and cutting-edge technology.",62
2022,5,Model 4,V401,"Luxury seven-seat SUV with 2.5L petrol engine, AWD, panoramic sunroof, leather seats, premium infotainment and exceptional comfort.",18
2022,5,Model 4,V402,"Luxury diesel SUV with terrain management system, electronic parking brake, connected technology and spacious premium cabin.",34
2022,5,Model 4,V403,"Performance SUV featuring a 3.0L turbo petrol engine, adaptive suspension, AWD system and 20-inch alloy wheels.",50
2022,5,Model 4,V404,"Flagship luxury SUV powered by a 3.0L V6 petrol engine, ventilated seats, 360-degree camera, ADAS Level 2 and premium craftsmanship.",69
2022,5,Model 4,V405,"Flagship diesel SUV with air suspension, intelligent AWD, premium leather interior, advanced infotainment and executive comfort.",67
2022,5,Model 4,V406,"Dual-motor electric luxury SUV producing 300 kW, approximately 600 km driving range, ultra-fast charging, autonomous driving features and premium technology.",53
2022,5,Model 4,V407,"Performance electric SUV with dual-motor AWD, sports interior, rapid acceleration, intelligent safety systems and dynamic driving experience.",19
2022,5,Model 4,V408,"Flagship hybrid SUV powered by a 3.5L V6 hybrid engine, captain seats, panoramic glass roof, premium surround audio and comprehensive driver assistance.",23
2022,6,Model 1,V101,"Premium hatchback with a 1.2L petrol engine, 5-speed manual transmission, seating for five, dual airbags, ABS with EBD, LED DRLs, touchscreen infotainment, Apple CarPlay & Android Auto, excellent fuel efficiency and smooth city driving.",25
2022,6,Model 1,V102,"Premium hatchback powered by a 1.2L petrol engine with automatic transmission, reverse camera, cruise control, alloy wheels, automatic climate control and advanced infotainment for comfortable urban travel.",29
2022,6,Model 1,V103,"Mid-size sedan featuring a 1.5L petrol engine, manual transmission, spacious cabin, LED headlamps, rear AC vents, smart key access and balanced performance for everyday driving.",27
2022,6,Model 1,V104,"Premium sedan equipped with a 1.5L petrol engine and CVT automatic transmission, sunroof, wireless charging, connected car technology, six airbags and refined ride comfort.",9
2022,6,Model 2,V201,"Compact SUV powered by a 1.5L turbo diesel engine with manual gearbox, hill hold assist, rear parking sensors, 17-inch alloy wheels and practical family-oriented features.",104
2022,6,Model 2,V202,"Compact diesel SUV with automatic transmission, premium interior, electronic stability control, rear camera, ABS, spacious cabin and comfortable long-distance performance.",113
2022,6,Model 2,V203,"Sporty compact SUV featuring a 1.5L turbo petrol engine, manual transmission, LED lighting, touchscreen navigation and dynamic styling for enthusiastic drivers.",66
2022,6,Model 2,V204,"Compact SUV with turbo petrol engine and automatic transmission, push-button start, automatic climate control, connected vehicle technology and premium comfort.",52
2022,6,Model 2,V205,"Hybrid compact SUV with 1.5L petrol hybrid engine, e-CVT transmission, regenerative braking, outstanding fuel economy, advanced safety systems and intelligent driving assistance.",73
2022,6,Model 2,V206,"All-electric compact SUV producing 150 kW, fast charging support, approximately 450 km driving range, regenerative braking and connected smart mobility features.",92
2022,6,Model 2,V207,"Premium AWD SUV with 2.0L turbo petrol engine, panoramic sunroof, leather upholstery, 360-degree camera, ADAS safety features and luxury interior.",33
2022,6,Model 2,V208,"Premium diesel SUV equipped with AWD, terrain response modes, seven-seat configuration, premium audio system and excellent highway capability.",118
2022,6,Model 2,V209,"Family SUV powered by a 2.0L turbo petrol engine, automatic transmission, digital instrument cluster, connected navigation and spacious seven-seat layout.",82
2022,6,Model 2,V210,"Hybrid family SUV offering advanced driver assistance, adaptive cruise control, premium comfort, efficient hybrid technology and smooth e-CVT transmission.",66
2022,6,Model 3,V301,"Executive sedan with 1.8L petrol engine, premium cabin, manual transmission, projector LED headlamps and elegant styling.",104
2022,6,Model 3,V302,"Executive automatic sedan with leather upholstery, dual-zone climate control, connected infotainment and refined ride quality.",113
2022,6,Model 3,V303,"Performance sedan featuring a 2.0L petrol engine, paddle shifters, sport suspension, 18-inch alloy wheels and responsive handling.",66
2022,6,Model 3,V304,"Luxury hybrid sedan with intelligent safety systems, premium interior, exceptional fuel efficiency and smooth e-CVT performance.",52
2022,6,Model 3,V305,"Performance edition sedan powered by a turbo petrol engine with premium infotainment, sport exhaust, wireless charging and athletic design.",73
2022,6,Model 3,V306,"Executive diesel sedan offering automatic transmission, spacious rear seating, superior ride comfort and long-distance efficiency.",92
2022,6,Model 3,V307,"Luxury petrol sedan with panoramic sunroof, premium leather interior, ten airbags, connected technology and refined driving dynamics.",33
2022,6,Model 3,V308,"Luxury hybrid sedan equipped with adaptive cruise control, ventilated seats, premium sound system and intelligent safety features.",118
2022,6,Model 3,V309,"Electric luxury sedan delivering approximately 550 km range, fast charging capability, connected vehicle platform and premium comfort.",82
2022,6,Model 3,V310,"High-performance dual-motor electric sedan capable of rapid acceleration, all-wheel drive, advanced driver assistance and cutting-edge technology.",66
2022,6,Model 4,V401,"Luxury seven-seat SUV with 2.5L petrol engine, AWD, panoramic sunroof, leather seats, premium infotainment and exceptional comfort.",51
2022,6,Model 4,V402,"Luxury diesel SUV with terrain management system, electronic parking brake, connected technology and spacious premium cabin.",40
2022,6,Model 4,V403,"Performance SUV featuring a 3.0L turbo petrol engine, adaptive suspension, AWD system and 20-inch alloy wheels.",23
2022,6,Model 4,V404,"Flagship luxury SUV powered by a 3.0L V6 petrol engine, ventilated seats, 360-degree camera, ADAS Level 2 and premium craftsmanship.",57
2022,6,Model 4,V405,"Flagship diesel SUV with air suspension, intelligent AWD, premium leather interior, advanced infotainment and executive comfort.",57
2022,6,Model 4,V406,"Dual-motor electric luxury SUV producing 300 kW, approximately 600 km driving range, ultra-fast charging, autonomous driving features and premium technology.",16
2022,6,Model 4,V407,"Performance electric SUV with dual-motor AWD, sports interior, rapid acceleration, intelligent safety systems and dynamic driving experience.",48
2022,6,Model 4,V408,"Flagship hybrid SUV powered by a 3.5L V6 hybrid engine, captain seats, panoramic glass roof, premium surround audio and comprehensive driver assistance.",36
2022,7,Model 1,V101,"Premium hatchback with a 1.2L petrol engine, 5-speed manual transmission, seating for five, dual airbags, ABS with EBD, LED DRLs, touchscreen infotainment, Apple CarPlay & Android Auto, excellent fuel efficiency and smooth city driving.",8
2022,7,Model 1,V102,"Premium hatchback powered by a 1.2L petrol engine with automatic transmission, reverse camera, cruise control, alloy wheels, automatic climate control and advanced infotainment for comfortable urban travel.",21
2022,7,Model 1,V103,"Mid-size sedan featuring a 1.5L petrol engine, manual transmission, spacious cabin, LED headlamps, rear AC vents, smart key access and balanced performance for everyday driving.",21
2022,7,Model 1,V104,"Premium sedan equipped with a 1.5L petrol engine and CVT automatic transmission, sunroof, wireless charging, connected car technology, six airbags and refined ride comfort.",21
2022,7,Model 2,V201,"Compact SUV powered by a 1.5L turbo diesel engine with manual gearbox, hill hold assist, rear parking sensors, 17-inch alloy wheels and practical family-oriented features.",82
2022,7,Model 2,V202,"Compact diesel SUV with automatic transmission, premium interior, electronic stability control, rear camera, ABS, spacious cabin and comfortable long-distance performance.",87
2022,7,Model 2,V203,"Sporty compact SUV featuring a 1.5L turbo petrol engine, manual transmission, LED lighting, touchscreen navigation and dynamic styling for enthusiastic drivers.",28
2022,7,Model 2,V204,"Compact SUV with turbo petrol engine and automatic transmission, push-button start, automatic climate control, connected vehicle technology and premium comfort.",69
2022,7,Model 2,V205,"Hybrid compact SUV with 1.5L petrol hybrid engine, e-CVT transmission, regenerative braking, outstanding fuel economy, advanced safety systems and intelligent driving assistance.",78
2022,7,Model 2,V206,"All-electric compact SUV producing 150 kW, fast charging support, approximately 450 km driving range, regenerative braking and connected smart mobility features.",31
2022,7,Model 2,V207,"Premium AWD SUV with 2.0L turbo petrol engine, panoramic sunroof, leather upholstery, 360-degree camera, ADAS safety features and luxury interior.",69
2022,7,Model 2,V208,"Premium diesel SUV equipped with AWD, terrain response modes, seven-seat configuration, premium audio system and excellent highway capability.",68
2022,7,Model 2,V209,"Family SUV powered by a 2.0L turbo petrol engine, automatic transmission, digital instrument cluster, connected navigation and spacious seven-seat layout.",54
2022,7,Model 2,V210,"Hybrid family SUV offering advanced driver assistance, adaptive cruise control, premium comfort, efficient hybrid technology and smooth e-CVT transmission.",28
2022,7,Model 3,V301,"Executive sedan with 1.8L petrol engine, premium cabin, manual transmission, projector LED headlamps and elegant styling.",82
2022,7,Model 3,V302,"Executive automatic sedan with leather upholstery, dual-zone climate control, connected infotainment and refined ride quality.",87
2022,7,Model 3,V303,"Performance sedan featuring a 2.0L petrol engine, paddle shifters, sport suspension, 18-inch alloy wheels and responsive handling.",28
2022,7,Model 3,V304,"Luxury hybrid sedan with intelligent safety systems, premium interior, exceptional fuel efficiency and smooth e-CVT performance.",69
2022,7,Model 3,V305,"Performance edition sedan powered by a turbo petrol engine with premium infotainment, sport exhaust, wireless charging and athletic design.",78
2022,7,Model 3,V306,"Executive diesel sedan offering automatic transmission, spacious rear seating, superior ride comfort and long-distance efficiency.",31
2022,7,Model 3,V307,"Luxury petrol sedan with panoramic sunroof, premium leather interior, ten airbags, connected technology and refined driving dynamics.",69
2022,7,Model 3,V308,"Luxury hybrid sedan equipped with adaptive cruise control, ventilated seats, premium sound system and intelligent safety features.",68
2022,7,Model 3,V309,"Electric luxury sedan delivering approximately 550 km range, fast charging capability, connected vehicle platform and premium comfort.",54
2022,7,Model 3,V310,"High-performance dual-motor electric sedan capable of rapid acceleration, all-wheel drive, advanced driver assistance and cutting-edge technology.",28
2022,7,Model 4,V401,"Luxury seven-seat SUV with 2.5L petrol engine, AWD, panoramic sunroof, leather seats, premium infotainment and exceptional comfort.",28
2022,7,Model 4,V402,"Luxury diesel SUV with terrain management system, electronic parking brake, connected technology and spacious premium cabin.",52
2022,7,Model 4,V403,"Performance SUV featuring a 3.0L turbo petrol engine, adaptive suspension, AWD system and 20-inch alloy wheels.",12
2022,7,Model 4,V404,"Flagship luxury SUV powered by a 3.0L V6 petrol engine, ventilated seats, 360-degree camera, ADAS Level 2 and premium craftsmanship.",28
2022,7,Model 4,V405,"Flagship diesel SUV with air suspension, intelligent AWD, premium leather interior, advanced infotainment and executive comfort.",22
2022,7,Model 4,V406,"Dual-motor electric luxury SUV producing 300 kW, approximately 600 km driving range, ultra-fast charging, autonomous driving features and premium technology.",49
2022,7,Model 4,V407,"Performance electric SUV with dual-motor AWD, sports interior, rapid acceleration, intelligent safety systems and dynamic driving experience.",45
2022,7,Model 4,V408,"Flagship hybrid SUV powered by a 3.5L V6 hybrid engine, captain seats, panoramic glass roof, premium surround audio and comprehensive driver assistance.",44
2022,8,Model 1,V101,"Premium hatchback with a 1.2L petrol engine, 5-speed manual transmission, seating for five, dual airbags, ABS with EBD, LED DRLs, touchscreen infotainment, Apple CarPlay & Android Auto, excellent fuel efficiency and smooth city driving.",9
2022,8,Model 1,V102,"Premium hatchback powered by a 1.2L petrol engine with automatic transmission, reverse camera, cruise control, alloy wheels, automatic climate control and advanced infotainment for comfortable urban travel.",23
2022,8,Model 1,V103,"Mid-size sedan featuring a 1.5L petrol engine, manual transmission, spacious cabin, LED headlamps, rear AC vents, smart key access and balanced performance for everyday driving.",16
2022,8,Model 1,V104,"Premium sedan equipped with a 1.5L petrol engine and CVT automatic transmission, sunroof, wireless charging, connected car technology, six airbags and refined ride comfort.",10
2022,8,Model 2,V201,"Compact SUV powered by a 1.5L turbo diesel engine with manual gearbox, hill hold assist, rear parking sensors, 17-inch alloy wheels and practical family-oriented features.",31
2022,8,Model 2,V202,"Compact diesel SUV with automatic transmission, premium interior, electronic stability control, rear camera, ABS, spacious cabin and comfortable long-distance performance.",65
2022,8,Model 2,V203,"Sporty compact SUV featuring a 1.5L turbo petrol engine, manual transmission, LED lighting, touchscreen navigation and dynamic styling for enthusiastic drivers.",87
2022,8,Model 2,V204,"Compact SUV with turbo petrol engine and automatic transmission, push-button start, automatic climate control, connected vehicle technology and premium comfort.",64
2022,8,Model 2,V205,"Hybrid compact SUV with 1.5L petrol hybrid engine, e-CVT transmission, regenerative braking, outstanding fuel economy, advanced safety systems and intelligent driving assistance.",45
2022,8,Model 2,V206,"All-electric compact SUV producing 150 kW, fast charging support, approximately 450 km driving range, regenerative braking and connected smart mobility features.",77
2022,8,Model 2,V207,"Premium AWD SUV with 2.0L turbo petrol engine, panoramic sunroof, leather upholstery, 360-degree camera, ADAS safety features and luxury interior.",79
2022,8,Model 2,V208,"Premium diesel SUV equipped with AWD, terrain response modes, seven-seat configuration, premium audio system and excellent highway capability.",46
2022,8,Model 2,V209,"Family SUV powered by a 2.0L turbo petrol engine, automatic transmission, digital instrument cluster, connected navigation and spacious seven-seat layout.",41
2022,8,Model 2,V210,"Hybrid family SUV offering advanced driver assistance, adaptive cruise control, premium comfort, efficient hybrid technology and smooth e-CVT transmission.",33
2022,8,Model 3,V301,"Executive sedan with 1.8L petrol engine, premium cabin, manual transmission, projector LED headlamps and elegant styling.",31
2022,8,Model 3,V302,"Executive automatic sedan with leather upholstery, dual-zone climate control, connected infotainment and refined ride quality.",65
2022,8,Model 3,V303,"Performance sedan featuring a 2.0L petrol engine, paddle shifters, sport suspension, 18-inch alloy wheels and responsive handling.",87
2022,8,Model 3,V304,"Luxury hybrid sedan with intelligent safety systems, premium interior, exceptional fuel efficiency and smooth e-CVT performance.",64
2022,8,Model 3,V305,"Performance edition sedan powered by a turbo petrol engine with premium infotainment, sport exhaust, wireless charging and athletic design.",45
2022,8,Model 3,V306,"Executive diesel sedan offering automatic transmission, spacious rear seating, superior ride comfort and long-distance efficiency.",77
2022,8,Model 3,V307,"Luxury petrol sedan with panoramic sunroof, premium leather interior, ten airbags, connected technology and refined driving dynamics.",79
2022,8,Model 3,V308,"Luxury hybrid sedan equipped with adaptive cruise control, ventilated seats, premium sound system and intelligent safety features.",46
2022,8,Model 3,V309,"Electric luxury sedan delivering approximately 550 km range, fast charging capability, connected vehicle platform and premium comfort.",41
2022,8,Model 3,V310,"High-performance dual-motor electric sedan capable of rapid acceleration, all-wheel drive, advanced driver assistance and cutting-edge technology.",33
2022,8,Model 4,V401,"Luxury seven-seat SUV with 2.5L petrol engine, AWD, panoramic sunroof, leather seats, premium infotainment and exceptional comfort.",48
2022,8,Model 4,V402,"Luxury diesel SUV with terrain management system, electronic parking brake, connected technology and spacious premium cabin.",52
2022,8,Model 4,V403,"Performance SUV featuring a 3.0L turbo petrol engine, adaptive suspension, AWD system and 20-inch alloy wheels.",34
2022,8,Model 4,V404,"Flagship luxury SUV powered by a 3.0L V6 petrol engine, ventilated seats, 360-degree camera, ADAS Level 2 and premium craftsmanship.",10
2022,8,Model 4,V405,"Flagship diesel SUV with air suspension, intelligent AWD, premium leather interior, advanced infotainment and executive comfort.",25
2022,8,Model 4,V406,"Dual-motor electric luxury SUV producing 300 kW, approximately 600 km driving range, ultra-fast charging, autonomous driving features and premium technology.",19
2022,8,Model 4,V407,"Performance electric SUV with dual-motor AWD, sports interior, rapid acceleration, intelligent safety systems and dynamic driving experience.",11
2022,8,Model 4,V408,"Flagship hybrid SUV powered by a 3.5L V6 hybrid engine, captain seats, panoramic glass roof, premium surround audio and comprehensive driver assistance.",19
2022,9,Model 1,V101,"Premium hatchback with a 1.2L petrol engine, 5-speed manual transmission, seating for five, dual airbags, ABS with EBD, LED DRLs, touchscreen infotainment, Apple CarPlay & Android Auto, excellent fuel efficiency and smooth city driving.",9
2022,9,Model 1,V102,"Premium hatchback powered by a 1.2L petrol engine with automatic transmission, reverse camera, cruise control, alloy wheels, automatic climate control and advanced infotainment for comfortable urban travel.",19
2022,9,Model 1,V103,"Mid-size sedan featuring a 1.5L petrol engine, manual transmission, spacious cabin, LED headlamps, rear AC vents, smart key access and balanced performance for everyday driving.",18
2022,9,Model 1,V104,"Premium sedan equipped with a 1.5L petrol engine and CVT automatic transmission, sunroof, wireless charging, connected car technology, six airbags and refined ride comfort.",26
2022,9,Model 2,V201,"Compact SUV powered by a 1.5L turbo diesel engine with manual gearbox, hill hold assist, rear parking sensors, 17-inch alloy wheels and practical family-oriented features.",87
2022,9,Model 2,V202,"Compact diesel SUV with automatic transmission, premium interior, electronic stability control, rear camera, ABS, spacious cabin and comfortable long-distance performance.",108
2022,9,Model 2,V203,"Sporty compact SUV featuring a 1.5L turbo petrol engine, manual transmission, LED lighting, touchscreen navigation and dynamic styling for enthusiastic drivers.",99
2022,9,Model 2,V204,"Compact SUV with turbo petrol engine and automatic transmission, push-button start, automatic climate control, connected vehicle technology and premium comfort.",68
2022,9,Model 2,V205,"Hybrid compact SUV with 1.5L petrol hybrid engine, e-CVT transmission, regenerative braking, outstanding fuel economy, advanced safety systems and intelligent driving assistance.",37
2022,9,Model 2,V206,"All-electric compact SUV producing 150 kW, fast charging support, approximately 450 km driving range, regenerative braking and connected smart mobility features.",59
2022,9,Model 2,V207,"Premium AWD SUV with 2.0L turbo petrol engine, panoramic sunroof, leather upholstery, 360-degree camera, ADAS safety features and luxury interior.",72
2022,9,Model 2,V208,"Premium diesel SUV equipped with AWD, terrain response modes, seven-seat configuration, premium audio system and excellent highway capability.",82
2022,9,Model 2,V209,"Family SUV powered by a 2.0L turbo petrol engine, automatic transmission, digital instrument cluster, connected navigation and spacious seven-seat layout.",39
2022,9,Model 2,V210,"Hybrid family SUV offering advanced driver assistance, adaptive cruise control, premium comfort, efficient hybrid technology and smooth e-CVT transmission.",78
2022,9,Model 3,V301,"Executive sedan with 1.8L petrol engine, premium cabin, manual transmission, projector LED headlamps and elegant styling.",87
2022,9,Model 3,V302,"Executive automatic sedan with leather upholstery, dual-zone climate control, connected infotainment and refined ride quality.",108
2022,9,Model 3,V303,"Performance sedan featuring a 2.0L petrol engine, paddle shifters, sport suspension, 18-inch alloy wheels and responsive handling.",99
2022,9,Model 3,V304,"Luxury hybrid sedan with intelligent safety systems, premium interior, exceptional fuel efficiency and smooth e-CVT performance.",68
2022,9,Model 3,V305,"Performance edition sedan powered by a turbo petrol engine with premium infotainment, sport exhaust, wireless charging and athletic design.",37
2022,9,Model 3,V306,"Executive diesel sedan offering automatic transmission, spacious rear seating, superior ride comfort and long-distance efficiency.",59
2022,9,Model 3,V307,"Luxury petrol sedan with panoramic sunroof, premium leather interior, ten airbags, connected technology and refined driving dynamics.",72
2022,9,Model 3,V308,"Luxury hybrid sedan equipped with adaptive cruise control, ventilated seats, premium sound system and intelligent safety features.",82
2022,9,Model 3,V309,"Electric luxury sedan delivering approximately 550 km range, fast charging capability, connected vehicle platform and premium comfort.",39
2022,9,Model 3,V310,"High-performance dual-motor electric sedan capable of rapid acceleration, all-wheel drive, advanced driver assistance and cutting-edge technology.",78
2022,9,Model 4,V401,"Luxury seven-seat SUV with 2.5L petrol engine, AWD, panoramic sunroof, leather seats, premium infotainment and exceptional comfort.",30
2022,9,Model 4,V402,"Luxury diesel SUV with terrain management system, electronic parking brake, connected technology and spacious premium cabin.",19
2022,9,Model 4,V403,"Performance SUV featuring a 3.0L turbo petrol engine, adaptive suspension, AWD system and 20-inch alloy wheels.",36
2022,9,Model 4,V404,"Flagship luxury SUV powered by a 3.0L V6 petrol engine, ventilated seats, 360-degree camera, ADAS Level 2 and premium craftsmanship.",41
2022,9,Model 4,V405,"Flagship diesel SUV with air suspension, intelligent AWD, premium leather interior, advanced infotainment and executive comfort.",39
2022,9,Model 4,V406,"Dual-motor electric luxury SUV producing 300 kW, approximately 600 km driving range, ultra-fast charging, autonomous driving features and premium technology.",63
2022,9,Model 4,V407,"Performance electric SUV with dual-motor AWD, sports interior, rapid acceleration, intelligent safety systems and dynamic driving experience.",41
2022,9,Model 4,V408,"Flagship hybrid SUV powered by a 3.5L V6 hybrid engine, captain seats, panoramic glass roof, premium surround audio and comprehensive driver assistance.",37
2022,10,Model 1,V101,"Premium hatchback with a 1.2L petrol engine, 5-speed manual transmission, seating for five, dual airbags, ABS with EBD, LED DRLs, touchscreen infotainment, Apple CarPlay & Android Auto, excellent fuel efficiency and smooth city driving.",24
2022,10,Model 1,V102,"Premium hatchback powered by a 1.2L petrol engine with automatic transmission, reverse camera, cruise control, alloy wheels, automatic climate control and advanced infotainment for comfortable urban travel.",18
2022,10,Model 1,V103,"Mid-size sedan featuring a 1.5L petrol engine, manual transmission, spacious cabin, LED headlamps, rear AC vents, smart key access and balanced performance for everyday driving.",31
2022,10,Model 1,V104,"Premium sedan equipped with a 1.5L petrol engine and CVT automatic transmission, sunroof, wireless charging, connected car technology, six airbags and refined ride comfort.",40
2022,10,Model 2,V201,"Compact SUV powered by a 1.5L turbo diesel engine with manual gearbox, hill hold assist, rear parking sensors, 17-inch alloy wheels and practical family-oriented features.",127
2022,10,Model 2,V202,"Compact diesel SUV with automatic transmission, premium interior, electronic stability control, rear camera, ABS, spacious cabin and comfortable long-distance performance.",105
2022,10,Model 2,V203,"Sporty compact SUV featuring a 1.5L turbo petrol engine, manual transmission, LED lighting, touchscreen navigation and dynamic styling for enthusiastic drivers.",131
2022,10,Model 2,V204,"Compact SUV with turbo petrol engine and automatic transmission, push-button start, automatic climate control, connected vehicle technology and premium comfort.",87
2022,10,Model 2,V205,"Hybrid compact SUV with 1.5L petrol hybrid engine, e-CVT transmission, regenerative braking, outstanding fuel economy, advanced safety systems and intelligent driving assistance.",55
2022,10,Model 2,V206,"All-electric compact SUV producing 150 kW, fast charging support, approximately 450 km driving range, regenerative braking and connected smart mobility features.",114
2022,10,Model 2,V207,"Premium AWD SUV with 2.0L turbo petrol engine, panoramic sunroof, leather upholstery, 360-degree camera, ADAS safety features and luxury interior.",54
2022,10,Model 2,V208,"Premium diesel SUV equipped with AWD, terrain response modes, seven-seat configuration, premium audio system and excellent highway capability.",116
2022,10,Model 2,V209,"Family SUV powered by a 2.0L turbo petrol engine, automatic transmission, digital instrument cluster, connected navigation and spacious seven-seat layout.",146
2022,10,Model 2,V210,"Hybrid family SUV offering advanced driver assistance, adaptive cruise control, premium comfort, efficient hybrid technology and smooth e-CVT transmission.",72
2022,10,Model 3,V301,"Executive sedan with 1.8L petrol engine, premium cabin, manual transmission, projector LED headlamps and elegant styling.",127
2022,10,Model 3,V302,"Executive automatic sedan with leather upholstery, dual-zone climate control, connected infotainment and refined ride quality.",105
2022,10,Model 3,V303,"Performance sedan featuring a 2.0L petrol engine, paddle shifters, sport suspension, 18-inch alloy wheels and responsive handling.",131
2022,10,Model 3,V304,"Luxury hybrid sedan with intelligent safety systems, premium interior, exceptional fuel efficiency and smooth e-CVT performance.",87
2022,10,Model 3,V305,"Performance edition sedan powered by a turbo petrol engine with premium infotainment, sport exhaust, wireless charging and athletic design.",55
2022,10,Model 3,V306,"Executive diesel sedan offering automatic transmission, spacious rear seating, superior ride comfort and long-distance efficiency.",114
2022,10,Model 3,V307,"Luxury petrol sedan with panoramic sunroof, premium leather interior, ten airbags, connected technology and refined driving dynamics.",54
2022,10,Model 3,V308,"Luxury hybrid sedan equipped with adaptive cruise control, ventilated seats, premium sound system and intelligent safety features.",116
2022,10,Model 3,V309,"Electric luxury sedan delivering approximately 550 km range, fast charging capability, connected vehicle platform and premium comfort.",146
2022,10,Model 3,V310,"High-performance dual-motor electric sedan capable of rapid acceleration, all-wheel drive, advanced driver assistance and cutting-edge technology.",72
2022,10,Model 4,V401,"Luxury seven-seat SUV with 2.5L petrol engine, AWD, panoramic sunroof, leather seats, premium infotainment and exceptional comfort.",60
2022,10,Model 4,V402,"Luxury diesel SUV with terrain management system, electronic parking brake, connected technology and spacious premium cabin.",39
2022,10,Model 4,V403,"Performance SUV featuring a 3.0L turbo petrol engine, adaptive suspension, AWD system and 20-inch alloy wheels.",41
2022,10,Model 4,V404,"Flagship luxury SUV powered by a 3.0L V6 petrol engine, ventilated seats, 360-degree camera, ADAS Level 2 and premium craftsmanship.",22
2022,10,Model 4,V405,"Flagship diesel SUV with air suspension, intelligent AWD, premium leather interior, advanced infotainment and executive comfort.",21
2022,10,Model 4,V406,"Dual-motor electric luxury SUV producing 300 kW, approximately 600 km driving range, ultra-fast charging, autonomous driving features and premium technology.",41
2022,10,Model 4,V407,"Performance electric SUV with dual-motor AWD, sports interior, rapid acceleration, intelligent safety systems and dynamic driving experience.",71
2022,10,Model 4,V408,"Flagship hybrid SUV powered by a 3.5L V6 hybrid engine, captain seats, panoramic glass roof, premium surround audio and comprehensive driver assistance.",39
2022,11,Model 1,V101,"Premium hatchback with a 1.2L petrol engine, 5-speed manual transmission, seating for five, dual airbags, ABS with EBD, LED DRLs, touchscreen infotainment, Apple CarPlay & Android Auto, excellent fuel efficiency and smooth city driving.",23
2022,11,Model 1,V102,"Premium hatchback powered by a 1.2L petrol engine with automatic transmission, reverse camera, cruise control, alloy wheels, automatic climate control and advanced infotainment for comfortable urban travel.",29
2022,11,Model 1,V103,"Mid-size sedan featuring a 1.5L petrol engine, manual transmission, spacious cabin, LED headlamps, rear AC vents, smart key access and balanced performance for everyday driving.",36
2022,11,Model 1,V104,"Premium sedan equipped with a 1.5L petrol engine and CVT automatic transmission, sunroof, wireless charging, connected car technology, six airbags and refined ride comfort.",41
2022,11,Model 2,V201,"Compact SUV powered by a 1.5L turbo diesel engine with manual gearbox, hill hold assist, rear parking sensors, 17-inch alloy wheels and practical family-oriented features.",115
2022,11,Model 2,V202,"Compact diesel SUV with automatic transmission, premium interior, electronic stability control, rear camera, ABS, spacious cabin and comfortable long-distance performance.",69
2022,11,Model 2,V203,"Sporty compact SUV featuring a 1.5L turbo petrol engine, manual transmission, LED lighting, touchscreen navigation and dynamic styling for enthusiastic drivers.",118
2022,11,Model 2,V204,"Compact SUV with turbo petrol engine and automatic transmission, push-button start, automatic climate control, connected vehicle technology and premium comfort.",102
2022,11,Model 2,V205,"Hybrid compact SUV with 1.5L petrol hybrid engine, e-CVT transmission, regenerative braking, outstanding fuel economy, advanced safety systems and intelligent driving assistance.",118
2022,11,Model 2,V206,"All-electric compact SUV producing 150 kW, fast charging support, approximately 450 km driving range, regenerative braking and connected smart mobility features.",48
2022,11,Model 2,V207,"Premium AWD SUV with 2.0L turbo petrol engine, panoramic sunroof, leather upholstery, 360-degree camera, ADAS safety features and luxury interior.",102
2022,11,Model 2,V208,"Premium diesel SUV equipped with AWD, terrain response modes, seven-seat configuration, premium audio system and excellent highway capability.",148
2022,11,Model 2,V209,"Family SUV powered by a 2.0L turbo petrol engine, automatic transmission, digital instrument cluster, connected navigation and spacious seven-seat layout.",116
2022,11,Model 2,V210,"Hybrid family SUV offering advanced driver assistance, adaptive cruise control, premium comfort, efficient hybrid technology and smooth e-CVT transmission.",89
2022,11,Model 3,V301,"Executive sedan with 1.8L petrol engine, premium cabin, manual transmission, projector LED headlamps and elegant styling.",115
2022,11,Model 3,V302,"Executive automatic sedan with leather upholstery, dual-zone climate control, connected infotainment and refined ride quality.",69
2022,11,Model 3,V303,"Performance sedan featuring a 2.0L petrol engine, paddle shifters, sport suspension, 18-inch alloy wheels and responsive handling.",118
2022,11,Model 3,V304,"Luxury hybrid sedan with intelligent safety systems, premium interior, exceptional fuel efficiency and smooth e-CVT performance.",102
2022,11,Model 3,V305,"Performance edition sedan powered by a turbo petrol engine with premium infotainment, sport exhaust, wireless charging and athletic design.",118
2022,11,Model 3,V306,"Executive diesel sedan offering automatic transmission, spacious rear seating, superior ride comfort and long-distance efficiency.",48
2022,11,Model 3,V307,"Luxury petrol sedan with panoramic sunroof, premium leather interior, ten airbags, connected technology and refined driving dynamics.",102
2022,11,Model 3,V308,"Luxury hybrid sedan equipped with adaptive cruise control, ventilated seats, premium sound system and intelligent safety features.",148
2022,11,Model 3,V309,"Electric luxury sedan delivering approximately 550 km range, fast charging capability, connected vehicle platform and premium comfort.",116
2022,11,Model 3,V310,"High-performance dual-motor electric sedan capable of rapid acceleration, all-wheel drive, advanced driver assistance and cutting-edge technology.",89
2022,11,Model 4,V401,"Luxury seven-seat SUV with 2.5L petrol engine, AWD, panoramic sunroof, leather seats, premium infotainment and exceptional comfort.",69
2022,11,Model 4,V402,"Luxury diesel SUV with terrain management system, electronic parking brake, connected technology and spacious premium cabin.",18
2022,11,Model 4,V403,"Performance SUV featuring a 3.0L turbo petrol engine, adaptive suspension, AWD system and 20-inch alloy wheels.",20
2022,11,Model 4,V404,"Flagship luxury SUV powered by a 3.0L V6 petrol engine, ventilated seats, 360-degree camera, ADAS Level 2 and premium craftsmanship.",71
2022,11,Model 4,V405,"Flagship diesel SUV with air suspension, intelligent AWD, premium leather interior, advanced infotainment and executive comfort.",69
2022,11,Model 4,V406,"Dual-motor electric luxury SUV producing 300 kW, approximately 600 km driving range, ultra-fast charging, autonomous driving features and premium technology.",48
2022,11,Model 4,V407,"Performance electric SUV with dual-motor AWD, sports interior, rapid acceleration, intelligent safety systems and dynamic driving experience.",45
2022,11,Model 4,V408,"Flagship hybrid SUV powered by a 3.5L V6 hybrid engine, captain seats, panoramic glass roof, premium surround audio and comprehensive driver assistance.",58
2022,12,Model 1,V101,"Premium hatchback with a 1.2L petrol engine, 5-speed manual transmission, seating for five, dual airbags, ABS with EBD, LED DRLs, touchscreen infotainment, Apple CarPlay & Android Auto, excellent fuel efficiency and smooth city driving.",40
2022,12,Model 1,V102,"Premium hatchback powered by a 1.2L petrol engine with automatic transmission, reverse camera, cruise control, alloy wheels, automatic climate control and advanced infotainment for comfortable urban travel.",17
2022,12,Model 1,V103,"Mid-size sedan featuring a 1.5L petrol engine, manual transmission, spacious cabin, LED headlamps, rear AC vents, smart key access and balanced performance for everyday driving.",11
2022,12,Model 1,V104,"Premium sedan equipped with a 1.5L petrol engine and CVT automatic transmission, sunroof, wireless charging, connected car technology, six airbags and refined ride comfort.",16
2022,12,Model 2,V201,"Compact SUV powered by a 1.5L turbo diesel engine with manual gearbox, hill hold assist, rear parking sensors, 17-inch alloy wheels and practical family-oriented features.",146
2022,12,Model 2,V202,"Compact diesel SUV with automatic transmission, premium interior, electronic stability control, rear camera, ABS, spacious cabin and comfortable long-distance performance.",117
2022,12,Model 2,V203,"Sporty compact SUV featuring a 1.5L turbo petrol engine, manual transmission, LED lighting, touchscreen navigation and dynamic styling for enthusiastic drivers.",46
2022,12,Model 2,V204,"Compact SUV with turbo petrol engine and automatic transmission, push-button start, automatic climate control, connected vehicle technology and premium comfort.",63
2022,12,Model 2,V205,"Hybrid compact SUV with 1.5L petrol hybrid engine, e-CVT transmission, regenerative braking, outstanding fuel economy, advanced safety systems and intelligent driving assistance.",53
2022,12,Model 2,V206,"All-electric compact SUV producing 150 kW, fast charging support, approximately 450 km driving range, regenerative braking and connected smart mobility features.",82
2022,12,Model 2,V207,"Premium AWD SUV with 2.0L turbo petrol engine, panoramic sunroof, leather upholstery, 360-degree camera, ADAS safety features and luxury interior.",104
2022,12,Model 2,V208,"Premium diesel SUV equipped with AWD, terrain response modes, seven-seat configuration, premium audio system and excellent highway capability.",103
2022,12,Model 2,V209,"Family SUV powered by a 2.0L turbo petrol engine, automatic transmission, digital instrument cluster, connected navigation and spacious seven-seat layout.",108
2022,12,Model 2,V210,"Hybrid family SUV offering advanced driver assistance, adaptive cruise control, premium comfort, efficient hybrid technology and smooth e-CVT transmission.",140
2022,12,Model 3,V301,"Executive sedan with 1.8L petrol engine, premium cabin, manual transmission, projector LED headlamps and elegant styling.",146
2022,12,Model 3,V302,"Executive automatic sedan with leather upholstery, dual-zone climate control, connected infotainment and refined ride quality.",117
2022,12,Model 3,V303,"Performance sedan featuring a 2.0L petrol engine, paddle shifters, sport suspension, 18-inch alloy wheels and responsive handling.",46
2022,12,Model 3,V304,"Luxury hybrid sedan with intelligent safety systems, premium interior, exceptional fuel efficiency and smooth e-CVT performance.",63
2022,12,Model 3,V305,"Performance edition sedan powered by a turbo petrol engine with premium infotainment, sport exhaust, wireless charging and athletic design.",53
2022,12,Model 3,V306,"Executive diesel sedan offering automatic transmission, spacious rear seating, superior ride comfort and long-distance efficiency.",82
2022,12,Model 3,V307,"Luxury petrol sedan with panoramic sunroof, premium leather interior, ten airbags, connected technology and refined driving dynamics.",104
2022,12,Model 3,V308,"Luxury hybrid sedan equipped with adaptive cruise control, ventilated seats, premium sound system and intelligent safety features.",103
2022,12,Model 3,V309,"Electric luxury sedan delivering approximately 550 km range, fast charging capability, connected vehicle platform and premium comfort.",108
2022,12,Model 3,V310,"High-performance dual-motor electric sedan capable of rapid acceleration, all-wheel drive, advanced driver assistance and cutting-edge technology.",140
2022,12,Model 4,V401,"Luxury seven-seat SUV with 2.5L petrol engine, AWD, panoramic sunroof, leather seats, premium infotainment and exceptional comfort.",16
2022,12,Model 4,V402,"Luxury diesel SUV with terrain management system, electronic parking brake, connected technology and spacious premium cabin.",66
2022,12,Model 4,V403,"Performance SUV featuring a 3.0L turbo petrol engine, adaptive suspension, AWD system and 20-inch alloy wheels.",27
2022,12,Model 4,V404,"Flagship luxury SUV powered by a 3.0L V6 petrol engine, ventilated seats, 360-degree camera, ADAS Level 2 and premium craftsmanship.",72
2022,12,Model 4,V405,"Flagship diesel SUV with air suspension, intelligent AWD, premium leather interior, advanced infotainment and executive comfort.",53
2022,12,Model 4,V406,"Dual-motor electric luxury SUV producing 300 kW, approximately 600 km driving range, ultra-fast charging, autonomous driving features and premium technology.",46
2022,12,Model 4,V407,"Performance electric SUV with dual-motor AWD, sports interior, rapid acceleration, intelligent safety systems and dynamic driving experience.",46
2022,12,Model 4,V408,"Flagship hybrid SUV powered by a 3.5L V6 hybrid engine, captain seats, panoramic glass roof, premium surround audio and comprehensive driver assistance.",52
2023,1,Model 1,V101,"Premium hatchback with a 1.2L petrol engine, 5-speed manual transmission, seating for five, dual airbags, ABS with EBD, LED DRLs, touchscreen infotainment, Apple CarPlay & Android Auto, excellent fuel efficiency and smooth city driving.",11
2023,1,Model 1,V102,"Premium hatchback powered by a 1.2L petrol engine with automatic transmission, reverse camera, cruise control, alloy wheels, automatic climate control and advanced infotainment for comfortable urban travel.",29
2023,1,Model 1,V103,"Mid-size sedan featuring a 1.5L petrol engine, manual transmission, spacious cabin, LED headlamps, rear AC vents, smart key access and balanced performance for everyday driving.",13
2023,1,Model 1,V104,"Premium sedan equipped with a 1.5L petrol engine and CVT automatic transmission, sunroof, wireless charging, connected car technology, six airbags and refined ride comfort.",27
2023,1,Model 2,V201,"Compact SUV powered by a 1.5L turbo diesel engine with manual gearbox, hill hold assist, rear parking sensors, 17-inch alloy wheels and practical family-oriented features.",86
2023,1,Model 2,V202,"Compact diesel SUV with automatic transmission, premium interior, electronic stability control, rear camera, ABS, spacious cabin and comfortable long-distance performance.",91
2023,1,Model 2,V203,"Sporty compact SUV featuring a 1.5L turbo petrol engine, manual transmission, LED lighting, touchscreen navigation and dynamic styling for enthusiastic drivers.",79
2023,1,Model 2,V204,"Compact SUV with turbo petrol engine and automatic transmission, push-button start, automatic climate control, connected vehicle technology and premium comfort.",74
2023,1,Model 2,V205,"Hybrid compact SUV with 1.5L petrol hybrid engine, e-CVT transmission, regenerative braking, outstanding fuel economy, advanced safety systems and intelligent driving assistance.",69
2023,1,Model 2,V206,"All-electric compact SUV producing 150 kW, fast charging support, approximately 450 km driving range, regenerative braking and connected smart mobility features.",50
2023,1,Model 2,V207,"Premium AWD SUV with 2.0L turbo petrol engine, panoramic sunroof, leather upholstery, 360-degree camera, ADAS safety features and luxury interior.",37
2023,1,Model 2,V208,"Premium diesel SUV equipped with AWD, terrain response modes, seven-seat configuration, premium audio system and excellent highway capability.",60
2023,1,Model 2,V209,"Family SUV powered by a 2.0L turbo petrol engine, automatic transmission, digital instrument cluster, connected navigation and spacious seven-seat layout.",105
2023,1,Model 2,V210,"Hybrid family SUV offering advanced driver assistance, adaptive cruise control, premium comfort, efficient hybrid technology and smooth e-CVT transmission.",108
2023,1,Model 3,V301,"Executive sedan with 1.8L petrol engine, premium cabin, manual transmission, projector LED headlamps and elegant styling.",86
2023,1,Model 3,V302,"Executive automatic sedan with leather upholstery, dual-zone climate control, connected infotainment and refined ride quality.",91
2023,1,Model 3,V303,"Performance sedan featuring a 2.0L petrol engine, paddle shifters, sport suspension, 18-inch alloy wheels and responsive handling.",79
2023,1,Model 3,V304,"Luxury hybrid sedan with intelligent safety systems, premium interior, exceptional fuel efficiency and smooth e-CVT performance.",74
2023,1,Model 3,V305,"Performance edition sedan powered by a turbo petrol engine with premium infotainment, sport exhaust, wireless charging and athletic design.",69
2023,1,Model 3,V306,"Executive diesel sedan offering automatic transmission, spacious rear seating, superior ride comfort and long-distance efficiency.",50
2023,1,Model 3,V307,"Luxury petrol sedan with panoramic sunroof, premium leather interior, ten airbags, connected technology and refined driving dynamics.",37
2023,1,Model 3,V308,"Luxury hybrid sedan equipped with adaptive cruise control, ventilated seats, premium sound system and intelligent safety features.",60
2023,1,Model 3,V309,"Electric luxury sedan delivering approximately 550 km range, fast charging capability, connected vehicle platform and premium comfort.",105
2023,1,Model 3,V310,"High-performance dual-motor electric sedan capable of rapid acceleration, all-wheel drive, advanced driver assistance and cutting-edge technology.",108
2023,1,Model 4,V401,"Luxury seven-seat SUV with 2.5L petrol engine, AWD, panoramic sunroof, leather seats, premium infotainment and exceptional comfort.",39
2023,1,Model 4,V402,"Luxury diesel SUV with terrain management system, electronic parking brake, connected technology and spacious premium cabin.",51
2023,1,Model 4,V403,"Performance SUV featuring a 3.0L turbo petrol engine, adaptive suspension, AWD system and 20-inch alloy wheels.",20
2023,1,Model 4,V404,"Flagship luxury SUV powered by a 3.0L V6 petrol engine, ventilated seats, 360-degree camera, ADAS Level 2 and premium craftsmanship.",30
2023,1,Model 4,V405,"Flagship diesel SUV with air suspension, intelligent AWD, premium leather interior, advanced infotainment and executive comfort.",67
2023,1,Model 4,V406,"Dual-motor electric luxury SUV producing 300 kW, approximately 600 km driving range, ultra-fast charging, autonomous driving features and premium technology.",30
2023,1,Model 4,V407,"Performance electric SUV with dual-motor AWD, sports interior, rapid acceleration, intelligent safety systems and dynamic driving experience.",62
2023,1,Model 4,V408,"Flagship hybrid SUV powered by a 3.5L V6 hybrid engine, captain seats, panoramic glass roof, premium surround audio and comprehensive driver assistance.",43
2023,2,Model 1,V101,"Premium hatchback with a 1.2L petrol engine, 5-speed manual transmission, seating for five, dual airbags, ABS with EBD, LED DRLs, touchscreen infotainment, Apple CarPlay & Android Auto, excellent fuel efficiency and smooth city driving.",16
2023,2,Model 1,V102,"Premium hatchback powered by a 1.2L petrol engine with automatic transmission, reverse camera, cruise control, alloy wheels, automatic climate control and advanced infotainment for comfortable urban travel.",30
2023,2,Model 1,V103,"Mid-size sedan featuring a 1.5L petrol engine, manual transmission, spacious cabin, LED headlamps, rear AC vents, smart key access and balanced performance for everyday driving.",19
2023,2,Model 1,V104,"Premium sedan equipped with a 1.5L petrol engine and CVT automatic transmission, sunroof, wireless charging, connected car technology, six airbags and refined ride comfort.",33
2023,2,Model 2,V201,"Compact SUV powered by a 1.5L turbo diesel engine with manual gearbox, hill hold assist, rear parking sensors, 17-inch alloy wheels and practical family-oriented features.",104
2023,2,Model 2,V202,"Compact diesel SUV with automatic transmission, premium interior, electronic stability control, rear camera, ABS, spacious cabin and comfortable long-distance performance.",63
2023,2,Model 2,V203,"Sporty compact SUV featuring a 1.5L turbo petrol engine, manual transmission, LED lighting, touchscreen navigation and dynamic styling for enthusiastic drivers.",51
2023,2,Model 2,V204,"Compact SUV with turbo petrol engine and automatic transmission, push-button start, automatic climate control, connected vehicle technology and premium comfort.",53
2023,2,Model 2,V205,"Hybrid compact SUV with 1.5L petrol hybrid engine, e-CVT transmission, regenerative braking, outstanding fuel economy, advanced safety systems and intelligent driving assistance.",44
2023,2,Model 2,V206,"All-electric compact SUV producing 150 kW, fast charging support, approximately 450 km driving range, regenerative braking and connected smart mobility features.",99
2023,2,Model 2,V207,"Premium AWD SUV with 2.0L turbo petrol engine, panoramic sunroof, leather upholstery, 360-degree camera, ADAS safety features and luxury interior.",59
2023,2,Model 2,V208,"Premium diesel SUV equipped with AWD, terrain response modes, seven-seat configuration, premium audio system and excellent highway capability.",98
2023,2,Model 2,V209,"Family SUV powered by a 2.0L turbo petrol engine, automatic transmission, digital instrument cluster, connected navigation and spacious seven-seat layout.",46
2023,2,Model 2,V210,"Hybrid family SUV offering advanced driver assistance, adaptive cruise control, premium comfort, efficient hybrid technology and smooth e-CVT transmission.",80
2023,2,Model 3,V301,"Executive sedan with 1.8L petrol engine, premium cabin, manual transmission, projector LED headlamps and elegant styling.",104
2023,2,Model 3,V302,"Executive automatic sedan with leather upholstery, dual-zone climate control, connected infotainment and refined ride quality.",63
2023,2,Model 3,V303,"Performance sedan featuring a 2.0L petrol engine, paddle shifters, sport suspension, 18-inch alloy wheels and responsive handling.",51
2023,2,Model 3,V304,"Luxury hybrid sedan with intelligent safety systems, premium interior, exceptional fuel efficiency and smooth e-CVT performance.",53
2023,2,Model 3,V305,"Performance edition sedan powered by a turbo petrol engine with premium infotainment, sport exhaust, wireless charging and athletic design.",44
2023,2,Model 3,V306,"Executive diesel sedan offering automatic transmission, spacious rear seating, superior ride comfort and long-distance efficiency.",99
2023,2,Model 3,V307,"Luxury petrol sedan with panoramic sunroof, premium leather interior, ten airbags, connected technology and refined driving dynamics.",59
2023,2,Model 3,V308,"Luxury hybrid sedan equipped with adaptive cruise control, ventilated seats, premium sound system and intelligent safety features.",98
2023,2,Model 3,V309,"Electric luxury sedan delivering approximately 550 km range, fast charging capability, connected vehicle platform and premium comfort.",46
2023,2,Model 3,V310,"High-performance dual-motor electric sedan capable of rapid acceleration, all-wheel drive, advanced driver assistance and cutting-edge technology.",80
2023,2,Model 4,V401,"Luxury seven-seat SUV with 2.5L petrol engine, AWD, panoramic sunroof, leather seats, premium infotainment and exceptional comfort.",59
2023,2,Model 4,V402,"Luxury diesel SUV with terrain management system, electronic parking brake, connected technology and spacious premium cabin.",36
2023,2,Model 4,V403,"Performance SUV featuring a 3.0L turbo petrol engine, adaptive suspension, AWD system and 20-inch alloy wheels.",62
2023,2,Model 4,V404,"Flagship luxury SUV powered by a 3.0L V6 petrol engine, ventilated seats, 360-degree camera, ADAS Level 2 and premium craftsmanship.",16
2023,2,Model 4,V405,"Flagship diesel SUV with air suspension, intelligent AWD, premium leather interior, advanced infotainment and executive comfort.",51
2023,2,Model 4,V406,"Dual-motor electric luxury SUV producing 300 kW, approximately 600 km driving range, ultra-fast charging, autonomous driving features and premium technology.",50
2023,2,Model 4,V407,"Performance electric SUV with dual-motor AWD, sports interior, rapid acceleration, intelligent safety systems and dynamic driving experience.",32
2023,2,Model 4,V408,"Flagship hybrid SUV powered by a 3.5L V6 hybrid engine, captain seats, panoramic glass roof, premium surround audio and comprehensive driver assistance.",33
2023,3,Model 1,V101,"Premium hatchback with a 1.2L petrol engine, 5-speed manual transmission, seating for five, dual airbags, ABS with EBD, LED DRLs, touchscreen infotainment, Apple CarPlay & Android Auto, excellent fuel efficiency and smooth city driving.",18
2023,3,Model 1,V102,"Premium hatchback powered by a 1.2L petrol engine with automatic transmission, reverse camera, cruise control, alloy wheels, automatic climate control and advanced infotainment for comfortable urban travel.",42
2023,3,Model 1,V103,"Mid-size sedan featuring a 1.5L petrol engine, manual transmission, spacious cabin, LED headlamps, rear AC vents, smart key access and balanced performance for everyday driving.",42
2023,3,Model 1,V104,"Premium sedan equipped with a 1.5L petrol engine and CVT automatic transmission, sunroof, wireless charging, connected car technology, six airbags and refined ride comfort.",41
2023,3,Model 2,V201,"Compact SUV powered by a 1.5L turbo diesel engine with manual gearbox, hill hold assist, rear parking sensors, 17-inch alloy wheels and practical family-oriented features.",73
2023,3,Model 2,V202,"Compact diesel SUV with automatic transmission, premium interior, electronic stability control, rear camera, ABS, spacious cabin and comfortable long-distance performance.",107
2023,3,Model 2,V203,"Sporty compact SUV featuring a 1.5L turbo petrol engine, manual transmission, LED lighting, touchscreen navigation and dynamic styling for enthusiastic drivers.",134
2023,3,Model 2,V204,"Compact SUV with turbo petrol engine and automatic transmission, push-button start, automatic climate control, connected vehicle technology and premium comfort.",82
2023,3,Model 2,V205,"Hybrid compact SUV with 1.5L petrol hybrid engine, e-CVT transmission, regenerative braking, outstanding fuel economy, advanced safety systems and intelligent driving assistance.",64
2023,3,Model 2,V206,"All-electric compact SUV producing 150 kW, fast charging support, approximately 450 km driving range, regenerative braking and connected smart mobility features.",78
2023,3,Model 2,V207,"Premium AWD SUV with 2.0L turbo petrol engine, panoramic sunroof, leather upholstery, 360-degree camera, ADAS safety features and luxury interior.",67
2023,3,Model 2,V208,"Premium diesel SUV equipped with AWD, terrain response modes, seven-seat configuration, premium audio system and excellent highway capability.",85
2023,3,Model 2,V209,"Family SUV powered by a 2.0L turbo petrol engine, automatic transmission, digital instrument cluster, connected navigation and spacious seven-seat layout.",131
2023,3,Model 2,V210,"Hybrid family SUV offering advanced driver assistance, adaptive cruise control, premium comfort, efficient hybrid technology and smooth e-CVT transmission.",46
2023,3,Model 3,V301,"Executive sedan with 1.8L petrol engine, premium cabin, manual transmission, projector LED headlamps and elegant styling.",73
2023,3,Model 3,V302,"Executive automatic sedan with leather upholstery, dual-zone climate control, connected infotainment and refined ride quality.",107
2023,3,Model 3,V303,"Performance sedan featuring a 2.0L petrol engine, paddle shifters, sport suspension, 18-inch alloy wheels and responsive handling.",134
2023,3,Model 3,V304,"Luxury hybrid sedan with intelligent safety systems, premium interior, exceptional fuel efficiency and smooth e-CVT performance.",82
2023,3,Model 3,V305,"Performance edition sedan powered by a turbo petrol engine with premium infotainment, sport exhaust, wireless charging and athletic design.",64
2023,3,Model 3,V306,"Executive diesel sedan offering automatic transmission, spacious rear seating, superior ride comfort and long-distance efficiency.",78
2023,3,Model 3,V307,"Luxury petrol sedan with panoramic sunroof, premium leather interior, ten airbags, connected technology and refined driving dynamics.",67
2023,3,Model 3,V308,"Luxury hybrid sedan equipped with adaptive cruise control, ventilated seats, premium sound system and intelligent safety features.",85
2023,3,Model 3,V309,"Electric luxury sedan delivering approximately 550 km range, fast charging capability, connected vehicle platform and premium comfort.",131
2023,3,Model 3,V310,"High-performance dual-motor electric sedan capable of rapid acceleration, all-wheel drive, advanced driver assistance and cutting-edge technology.",46
2023,3,Model 4,V401,"Luxury seven-seat SUV with 2.5L petrol engine, AWD, panoramic sunroof, leather seats, premium infotainment and exceptional comfort.",46
2023,3,Model 4,V402,"Luxury diesel SUV with terrain management system, electronic parking brake, connected technology and spacious premium cabin.",63
2023,3,Model 4,V403,"Performance SUV featuring a 3.0L turbo petrol engine, adaptive suspension, AWD system and 20-inch alloy wheels.",66
2023,3,Model 4,V404,"Flagship luxury SUV powered by a 3.0L V6 petrol engine, ventilated seats, 360-degree camera, ADAS Level 2 and premium craftsmanship.",47
2023,3,Model 4,V405,"Flagship diesel SUV with air suspension, intelligent AWD, premium leather interior, advanced infotainment and executive comfort.",55
2023,3,Model 4,V406,"Dual-motor electric luxury SUV producing 300 kW, approximately 600 km driving range, ultra-fast charging, autonomous driving features and premium technology.",63
2023,3,Model 4,V407,"Performance electric SUV with dual-motor AWD, sports interior, rapid acceleration, intelligent safety systems and dynamic driving experience.",25
2023,3,Model 4,V408,"Flagship hybrid SUV powered by a 3.5L V6 hybrid engine, captain seats, panoramic glass roof, premium surround audio and comprehensive driver assistance.",69
2023,4,Model 1,V101,"Premium hatchback with a 1.2L petrol engine, 5-speed manual transmission, seating for five, dual airbags, ABS with EBD, LED DRLs, touchscreen infotainment, Apple CarPlay & Android Auto, excellent fuel efficiency and smooth city driving.",14
2023,4,Model 1,V102,"Premium hatchback powered by a 1.2L petrol engine with automatic transmission, reverse camera, cruise control, alloy wheels, automatic climate control and advanced infotainment for comfortable urban travel.",13
2023,4,Model 1,V103,"Mid-size sedan featuring a 1.5L petrol engine, manual transmission, spacious cabin, LED headlamps, rear AC vents, smart key access and balanced performance for everyday driving.",24
2023,4,Model 1,V104,"Premium sedan equipped with a 1.5L petrol engine and CVT automatic transmission, sunroof, wireless charging, connected car technology, six airbags and refined ride comfort.",28
2023,4,Model 2,V201,"Compact SUV powered by a 1.5L turbo diesel engine with manual gearbox, hill hold assist, rear parking sensors, 17-inch alloy wheels and practical family-oriented features.",128
2023,4,Model 2,V202,"Compact diesel SUV with automatic transmission, premium interior, electronic stability control, rear camera, ABS, spacious cabin and comfortable long-distance performance.",136
2023,4,Model 2,V203,"Sporty compact SUV featuring a 1.5L turbo petrol engine, manual transmission, LED lighting, touchscreen navigation and dynamic styling for enthusiastic drivers.",116
2023,4,Model 2,V204,"Compact SUV with turbo petrol engine and automatic transmission, push-button start, automatic climate control, connected vehicle technology and premium comfort.",116
2023,4,Model 2,V205,"Hybrid compact SUV with 1.5L petrol hybrid engine, e-CVT transmission, regenerative braking, outstanding fuel economy, advanced safety systems and intelligent driving assistance.",146
2023,4,Model 2,V206,"All-electric compact SUV producing 150 kW, fast charging support, approximately 450 km driving range, regenerative braking and connected smart mobility features.",55
2023,4,Model 2,V207,"Premium AWD SUV with 2.0L turbo petrol engine, panoramic sunroof, leather upholstery, 360-degree camera, ADAS safety features and luxury interior.",65
2023,4,Model 2,V208,"Premium diesel SUV equipped with AWD, terrain response modes, seven-seat configuration, premium audio system and excellent highway capability.",99
2023,4,Model 2,V209,"Family SUV powered by a 2.0L turbo petrol engine, automatic transmission, digital instrument cluster, connected navigation and spacious seven-seat layout.",55
2023,4,Model 2,V210,"Hybrid family SUV offering advanced driver assistance, adaptive cruise control, premium comfort, efficient hybrid technology and smooth e-CVT transmission.",123
2023,4,Model 3,V301,"Executive sedan with 1.8L petrol engine, premium cabin, manual transmission, projector LED headlamps and elegant styling.",128
2023,4,Model 3,V302,"Executive automatic sedan with leather upholstery, dual-zone climate control, connected infotainment and refined ride quality.",136
2023,4,Model 3,V303,"Performance sedan featuring a 2.0L petrol engine, paddle shifters, sport suspension, 18-inch alloy wheels and responsive handling.",116
2023,4,Model 3,V304,"Luxury hybrid sedan with intelligent safety systems, premium interior, exceptional fuel efficiency and smooth e-CVT performance.",116
2023,4,Model 3,V305,"Performance edition sedan powered by a turbo petrol engine with premium infotainment, sport exhaust, wireless charging and athletic design.",146
2023,4,Model 3,V306,"Executive diesel sedan offering automatic transmission, spacious rear seating, superior ride comfort and long-distance efficiency.",55
2023,4,Model 3,V307,"Luxury petrol sedan with panoramic sunroof, premium leather interior, ten airbags, connected technology and refined driving dynamics.",65
2023,4,Model 3,V308,"Luxury hybrid sedan equipped with adaptive cruise control, ventilated seats, premium sound system and intelligent safety features.",99
2023,4,Model 3,V309,"Electric luxury sedan delivering approximately 550 km range, fast charging capability, connected vehicle platform and premium comfort.",55
2023,4,Model 3,V310,"High-performance dual-motor electric sedan capable of rapid acceleration, all-wheel drive, advanced driver assistance and cutting-edge technology.",123
2023,4,Model 4,V401,"Luxury seven-seat SUV with 2.5L petrol engine, AWD, panoramic sunroof, leather seats, premium infotainment and exceptional comfort.",55
2023,4,Model 4,V402,"Luxury diesel SUV with terrain management system, electronic parking brake, connected technology and spacious premium cabin.",75
2023,4,Model 4,V403,"Performance SUV featuring a 3.0L turbo petrol engine, adaptive suspension, AWD system and 20-inch alloy wheels.",60
2023,4,Model 4,V404,"Flagship luxury SUV powered by a 3.0L V6 petrol engine, ventilated seats, 360-degree camera, ADAS Level 2 and premium craftsmanship.",45
2023,4,Model 4,V405,"Flagship diesel SUV with air suspension, intelligent AWD, premium leather interior, advanced infotainment and executive comfort.",25
2023,4,Model 4,V406,"Dual-motor electric luxury SUV producing 300 kW, approximately 600 km driving range, ultra-fast charging, autonomous driving features and premium technology.",84
2023,4,Model 4,V407,"Performance electric SUV with dual-motor AWD, sports interior, rapid acceleration, intelligent safety systems and dynamic driving experience.",63
2023,4,Model 4,V408,"Flagship hybrid SUV powered by a 3.5L V6 hybrid engine, captain seats, panoramic glass roof, premium surround audio and comprehensive driver assistance.",71
2023,5,Model 1,V101,"Premium hatchback with a 1.2L petrol engine, 5-speed manual transmission, seating for five, dual airbags, ABS with EBD, LED DRLs, touchscreen infotainment, Apple CarPlay & Android Auto, excellent fuel efficiency and smooth city driving.",37
2023,5,Model 1,V102,"Premium hatchback powered by a 1.2L petrol engine with automatic transmission, reverse camera, cruise control, alloy wheels, automatic climate control and advanced infotainment for comfortable urban travel.",18
2023,5,Model 1,V103,"Mid-size sedan featuring a 1.5L petrol engine, manual transmission, spacious cabin, LED headlamps, rear AC vents, smart key access and balanced performance for everyday driving.",16
2023,5,Model 1,V104,"Premium sedan equipped with a 1.5L petrol engine and CVT automatic transmission, sunroof, wireless charging, connected car technology, six airbags and refined ride comfort.",30
2023,5,Model 2,V201,"Compact SUV powered by a 1.5L turbo diesel engine with manual gearbox, hill hold assist, rear parking sensors, 17-inch alloy wheels and practical family-oriented features.",132
2023,5,Model 2,V202,"Compact diesel SUV with automatic transmission, premium interior, electronic stability control, rear camera, ABS, spacious cabin and comfortable long-distance performance.",52
2023,5,Model 2,V203,"Sporty compact SUV featuring a 1.5L turbo petrol engine, manual transmission, LED lighting, touchscreen navigation and dynamic styling for enthusiastic drivers.",64
2023,5,Model 2,V204,"Compact SUV with turbo petrol engine and automatic transmission, push-button start, automatic climate control, connected vehicle technology and premium comfort.",135
2023,5,Model 2,V205,"Hybrid compact SUV with 1.5L petrol hybrid engine, e-CVT transmission, regenerative braking, outstanding fuel economy, advanced safety systems and intelligent driving assistance.",70
2023,5,Model 2,V206,"All-electric compact SUV producing 150 kW, fast charging support, approximately 450 km driving range, regenerative braking and connected smart mobility features.",96
2023,5,Model 2,V207,"Premium AWD SUV with 2.0L turbo petrol engine, panoramic sunroof, leather upholstery, 360-degree camera, ADAS safety features and luxury interior.",72
2023,5,Model 2,V208,"Premium diesel SUV equipped with AWD, terrain response modes, seven-seat configuration, premium audio system and excellent highway capability.",71
2023,5,Model 2,V209,"Family SUV powered by a 2.0L turbo petrol engine, automatic transmission, digital instrument cluster, connected navigation and spacious seven-seat layout.",100
2023,5,Model 2,V210,"Hybrid family SUV offering advanced driver assistance, adaptive cruise control, premium comfort, efficient hybrid technology and smooth e-CVT transmission.",82
2023,5,Model 3,V301,"Executive sedan with 1.8L petrol engine, premium cabin, manual transmission, projector LED headlamps and elegant styling.",132
2023,5,Model 3,V302,"Executive automatic sedan with leather upholstery, dual-zone climate control, connected infotainment and refined ride quality.",52
2023,5,Model 3,V303,"Performance sedan featuring a 2.0L petrol engine, paddle shifters, sport suspension, 18-inch alloy wheels and responsive handling.",64
2023,5,Model 3,V304,"Luxury hybrid sedan with intelligent safety systems, premium interior, exceptional fuel efficiency and smooth e-CVT performance.",135
2023,5,Model 3,V305,"Performance edition sedan powered by a turbo petrol engine with premium infotainment, sport exhaust, wireless charging and athletic design.",70
2023,5,Model 3,V306,"Executive diesel sedan offering automatic transmission, spacious rear seating, superior ride comfort and long-distance efficiency.",96
2023,5,Model 3,V307,"Luxury petrol sedan with panoramic sunroof, premium leather interior, ten airbags, connected technology and refined driving dynamics.",72
2023,5,Model 3,V308,"Luxury hybrid sedan equipped with adaptive cruise control, ventilated seats, premium sound system and intelligent safety features.",71
2023,5,Model 3,V309,"Electric luxury sedan delivering approximately 550 km range, fast charging capability, connected vehicle platform and premium comfort.",100
2023,5,Model 3,V310,"High-performance dual-motor electric sedan capable of rapid acceleration, all-wheel drive, advanced driver assistance and cutting-edge technology.",82
2023,5,Model 4,V401,"Luxury seven-seat SUV with 2.5L petrol engine, AWD, panoramic sunroof, leather seats, premium infotainment and exceptional comfort.",45
2023,5,Model 4,V402,"Luxury diesel SUV with terrain management system, electronic parking brake, connected technology and spacious premium cabin.",60
2023,5,Model 4,V403,"Performance SUV featuring a 3.0L turbo petrol engine, adaptive suspension, AWD system and 20-inch alloy wheels.",39
2023,5,Model 4,V404,"Flagship luxury SUV powered by a 3.0L V6 petrol engine, ventilated seats, 360-degree camera, ADAS Level 2 and premium craftsmanship.",21
2023,5,Model 4,V405,"Flagship diesel SUV with air suspension, intelligent AWD, premium leather interior, advanced infotainment and executive comfort.",37
2023,5,Model 4,V406,"Dual-motor electric luxury SUV producing 300 kW, approximately 600 km driving range, ultra-fast charging, autonomous driving features and premium technology.",32
2023,5,Model 4,V407,"Performance electric SUV with dual-motor AWD, sports interior, rapid acceleration, intelligent safety systems and dynamic driving experience.",71
2023,5,Model 4,V408,"Flagship hybrid SUV powered by a 3.5L V6 hybrid engine, captain seats, panoramic glass roof, premium surround audio and comprehensive driver assistance.",63
2023,6,Model 1,V101,"Premium hatchback with a 1.2L petrol engine, 5-speed manual transmission, seating for five, dual airbags, ABS with EBD, LED DRLs, touchscreen infotainment, Apple CarPlay & Android Auto, excellent fuel efficiency and smooth city driving.",18
2023,6,Model 1,V102,"Premium hatchback powered by a 1.2L petrol engine with automatic transmission, reverse camera, cruise control, alloy wheels, automatic climate control and advanced infotainment for comfortable urban travel.",13
2023,6,Model 1,V103,"Mid-size sedan featuring a 1.5L petrol engine, manual transmission, spacious cabin, LED headlamps, rear AC vents, smart key access and balanced performance for everyday driving.",31
2023,6,Model 1,V104,"Premium sedan equipped with a 1.5L petrol engine and CVT automatic transmission, sunroof, wireless charging, connected car technology, six airbags and refined ride comfort.",19
2023,6,Model 2,V201,"Compact SUV powered by a 1.5L turbo diesel engine with manual gearbox, hill hold assist, rear parking sensors, 17-inch alloy wheels and practical family-oriented features.",122
2023,6,Model 2,V202,"Compact diesel SUV with automatic transmission, premium interior, electronic stability control, rear camera, ABS, spacious cabin and comfortable long-distance performance.",111
2023,6,Model 2,V203,"Sporty compact SUV featuring a 1.5L turbo petrol engine, manual transmission, LED lighting, touchscreen navigation and dynamic styling for enthusiastic drivers.",47
2023,6,Model 2,V204,"Compact SUV with turbo petrol engine and automatic transmission, push-button start, automatic climate control, connected vehicle technology and premium comfort.",106
2023,6,Model 2,V205,"Hybrid compact SUV with 1.5L petrol hybrid engine, e-CVT transmission, regenerative braking, outstanding fuel economy, advanced safety systems and intelligent driving assistance.",58
2023,6,Model 2,V206,"All-electric compact SUV producing 150 kW, fast charging support, approximately 450 km driving range, regenerative braking and connected smart mobility features.",119
2023,6,Model 2,V207,"Premium AWD SUV with 2.0L turbo petrol engine, panoramic sunroof, leather upholstery, 360-degree camera, ADAS safety features and luxury interior.",117
2023,6,Model 2,V208,"Premium diesel SUV equipped with AWD, terrain response modes, seven-seat configuration, premium audio system and excellent highway capability.",56
2023,6,Model 2,V209,"Family SUV powered by a 2.0L turbo petrol engine, automatic transmission, digital instrument cluster, connected navigation and spacious seven-seat layout.",58
2023,6,Model 2,V210,"Hybrid family SUV offering advanced driver assistance, adaptive cruise control, premium comfort, efficient hybrid technology and smooth e-CVT transmission.",123
2023,6,Model 3,V301,"Executive sedan with 1.8L petrol engine, premium cabin, manual transmission, projector LED headlamps and elegant styling.",122
2023,6,Model 3,V302,"Executive automatic sedan with leather upholstery, dual-zone climate control, connected infotainment and refined ride quality.",111
2023,6,Model 3,V303,"Performance sedan featuring a 2.0L petrol engine, paddle shifters, sport suspension, 18-inch alloy wheels and responsive handling.",47
2023,6,Model 3,V304,"Luxury hybrid sedan with intelligent safety systems, premium interior, exceptional fuel efficiency and smooth e-CVT performance.",106
2023,6,Model 3,V305,"Performance edition sedan powered by a turbo petrol engine with premium infotainment, sport exhaust, wireless charging and athletic design.",58
2023,6,Model 3,V306,"Executive diesel sedan offering automatic transmission, spacious rear seating, superior ride comfort and long-distance efficiency.",119
2023,6,Model 3,V307,"Luxury petrol sedan with panoramic sunroof, premium leather interior, ten airbags, connected technology and refined driving dynamics.",117
2023,6,Model 3,V308,"Luxury hybrid sedan equipped with adaptive cruise control, ventilated seats, premium sound system and intelligent safety features.",56
2023,6,Model 3,V309,"Electric luxury sedan delivering approximately 550 km range, fast charging capability, connected vehicle platform and premium comfort.",58
2023,6,Model 3,V310,"High-performance dual-motor electric sedan capable of rapid acceleration, all-wheel drive, advanced driver assistance and cutting-edge technology.",123
2023,6,Model 4,V401,"Luxury seven-seat SUV with 2.5L petrol engine, AWD, panoramic sunroof, leather seats, premium infotainment and exceptional comfort.",63
2023,6,Model 4,V402,"Luxury diesel SUV with terrain management system, electronic parking brake, connected technology and spacious premium cabin.",55
2023,6,Model 4,V403,"Performance SUV featuring a 3.0L turbo petrol engine, adaptive suspension, AWD system and 20-inch alloy wheels.",36
2023,6,Model 4,V404,"Flagship luxury SUV powered by a 3.0L V6 petrol engine, ventilated seats, 360-degree camera, ADAS Level 2 and premium craftsmanship.",52
2023,6,Model 4,V405,"Flagship diesel SUV with air suspension, intelligent AWD, premium leather interior, advanced infotainment and executive comfort.",14
2023,6,Model 4,V406,"Dual-motor electric luxury SUV producing 300 kW, approximately 600 km driving range, ultra-fast charging, autonomous driving features and premium technology.",13
2023,6,Model 4,V407,"Performance electric SUV with dual-motor AWD, sports interior, rapid acceleration, intelligent safety systems and dynamic driving experience.",17
2023,6,Model 4,V408,"Flagship hybrid SUV powered by a 3.5L V6 hybrid engine, captain seats, panoramic glass roof, premium surround audio and comprehensive driver assistance.",14
2023,7,Model 1,V101,"Premium hatchback with a 1.2L petrol engine, 5-speed manual transmission, seating for five, dual airbags, ABS with EBD, LED DRLs, touchscreen infotainment, Apple CarPlay & Android Auto, excellent fuel efficiency and smooth city driving.",25
2023,7,Model 1,V102,"Premium hatchback powered by a 1.2L petrol engine with automatic transmission, reverse camera, cruise control, alloy wheels, automatic climate control and advanced infotainment for comfortable urban travel.",23
2023,7,Model 1,V103,"Mid-size sedan featuring a 1.5L petrol engine, manual transmission, spacious cabin, LED headlamps, rear AC vents, smart key access and balanced performance for everyday driving.",14
2023,7,Model 1,V104,"Premium sedan equipped with a 1.5L petrol engine and CVT automatic transmission, sunroof, wireless charging, connected car technology, six airbags and refined ride comfort.",25
2023,7,Model 2,V201,"Compact SUV powered by a 1.5L turbo diesel engine with manual gearbox, hill hold assist, rear parking sensors, 17-inch alloy wheels and practical family-oriented features.",51
2023,7,Model 2,V202,"Compact diesel SUV with automatic transmission, premium interior, electronic stability control, rear camera, ABS, spacious cabin and comfortable long-distance performance.",93
2023,7,Model 2,V203,"Sporty compact SUV featuring a 1.5L turbo petrol engine, manual transmission, LED lighting, touchscreen navigation and dynamic styling for enthusiastic drivers.",75
2023,7,Model 2,V204,"Compact SUV with turbo petrol engine and automatic transmission, push-button start, automatic climate control, connected vehicle technology and premium comfort.",98
2023,7,Model 2,V205,"Hybrid compact SUV with 1.5L petrol hybrid engine, e-CVT transmission, regenerative braking, outstanding fuel economy, advanced safety systems and intelligent driving assistance.",30
2023,7,Model 2,V206,"All-electric compact SUV producing 150 kW, fast charging support, approximately 450 km driving range, regenerative braking and connected smart mobility features.",84
2023,7,Model 2,V207,"Premium AWD SUV with 2.0L turbo petrol engine, panoramic sunroof, leather upholstery, 360-degree camera, ADAS safety features and luxury interior.",99
2023,7,Model 2,V208,"Premium diesel SUV equipped with AWD, terrain response modes, seven-seat configuration, premium audio system and excellent highway capability.",90
2023,7,Model 2,V209,"Family SUV powered by a 2.0L turbo petrol engine, automatic transmission, digital instrument cluster, connected navigation and spacious seven-seat layout.",60
2023,7,Model 2,V210,"Hybrid family SUV offering advanced driver assistance, adaptive cruise control, premium comfort, efficient hybrid technology and smooth e-CVT transmission.",62
2023,7,Model 3,V301,"Executive sedan with 1.8L petrol engine, premium cabin, manual transmission, projector LED headlamps and elegant styling.",51
2023,7,Model 3,V302,"Executive automatic sedan with leather upholstery, dual-zone climate control, connected infotainment and refined ride quality.",93
2023,7,Model 3,V303,"Performance sedan featuring a 2.0L petrol engine, paddle shifters, sport suspension, 18-inch alloy wheels and responsive handling.",75
2023,7,Model 3,V304,"Luxury hybrid sedan with intelligent safety systems, premium interior, exceptional fuel efficiency and smooth e-CVT performance.",98
2023,7,Model 3,V305,"Performance edition sedan powered by a turbo petrol engine with premium infotainment, sport exhaust, wireless charging and athletic design.",30
2023,7,Model 3,V306,"Executive diesel sedan offering automatic transmission, spacious rear seating, superior ride comfort and long-distance efficiency.",84
2023,7,Model 3,V307,"Luxury petrol sedan with panoramic sunroof, premium leather interior, ten airbags, connected technology and refined driving dynamics.",99
2023,7,Model 3,V308,"Luxury hybrid sedan equipped with adaptive cruise control, ventilated seats, premium sound system and intelligent safety features.",90
2023,7,Model 3,V309,"Electric luxury sedan delivering approximately 550 km range, fast charging capability, connected vehicle platform and premium comfort.",60
2023,7,Model 3,V310,"High-performance dual-motor electric sedan capable of rapid acceleration, all-wheel drive, advanced driver assistance and cutting-edge technology.",62
2023,7,Model 4,V401,"Luxury seven-seat SUV with 2.5L petrol engine, AWD, panoramic sunroof, leather seats, premium infotainment and exceptional comfort.",36
2023,7,Model 4,V402,"Luxury diesel SUV with terrain management system, electronic parking brake, connected technology and spacious premium cabin.",23
2023,7,Model 4,V403,"Performance SUV featuring a 3.0L turbo petrol engine, adaptive suspension, AWD system and 20-inch alloy wheels.",48
2023,7,Model 4,V404,"Flagship luxury SUV powered by a 3.0L V6 petrol engine, ventilated seats, 360-degree camera, ADAS Level 2 and premium craftsmanship.",32
2023,7,Model 4,V405,"Flagship diesel SUV with air suspension, intelligent AWD, premium leather interior, advanced infotainment and executive comfort.",26
2023,7,Model 4,V406,"Dual-motor electric luxury SUV producing 300 kW, approximately 600 km driving range, ultra-fast charging, autonomous driving features and premium technology.",35
2023,7,Model 4,V407,"Performance electric SUV with dual-motor AWD, sports interior, rapid acceleration, intelligent safety systems and dynamic driving experience.",13
2023,7,Model 4,V408,"Flagship hybrid SUV powered by a 3.5L V6 hybrid engine, captain seats, panoramic glass roof, premium surround audio and comprehensive driver assistance.",49
2023,8,Model 1,V101,"Premium hatchback with a 1.2L petrol engine, 5-speed manual transmission, seating for five, dual airbags, ABS with EBD, LED DRLs, touchscreen infotainment, Apple CarPlay & Android Auto, excellent fuel efficiency and smooth city driving.",8
2023,8,Model 1,V102,"Premium hatchback powered by a 1.2L petrol engine with automatic transmission, reverse camera, cruise control, alloy wheels, automatic climate control and advanced infotainment for comfortable urban travel.",11
2023,8,Model 1,V103,"Mid-size sedan featuring a 1.5L petrol engine, manual transmission, spacious cabin, LED headlamps, rear AC vents, smart key access and balanced performance for everyday driving.",19
2023,8,Model 1,V104,"Premium sedan equipped with a 1.5L petrol engine and CVT automatic transmission, sunroof, wireless charging, connected car technology, six airbags and refined ride comfort.",18
2023,8,Model 2,V201,"Compact SUV powered by a 1.5L turbo diesel engine with manual gearbox, hill hold assist, rear parking sensors, 17-inch alloy wheels and practical family-oriented features.",82
2023,8,Model 2,V202,"Compact diesel SUV with automatic transmission, premium interior, electronic stability control, rear camera, ABS, spacious cabin and comfortable long-distance performance.",80
2023,8,Model 2,V203,"Sporty compact SUV featuring a 1.5L turbo petrol engine, manual transmission, LED lighting, touchscreen navigation and dynamic styling for enthusiastic drivers.",50
2023,8,Model 2,V204,"Compact SUV with turbo petrol engine and automatic transmission, push-button start, automatic climate control, connected vehicle technology and premium comfort.",66
2023,8,Model 2,V205,"Hybrid compact SUV with 1.5L petrol hybrid engine, e-CVT transmission, regenerative braking, outstanding fuel economy, advanced safety systems and intelligent driving assistance.",97
2023,8,Model 2,V206,"All-electric compact SUV producing 150 kW, fast charging support, approximately 450 km driving range, regenerative braking and connected smart mobility features.",43
2023,8,Model 2,V207,"Premium AWD SUV with 2.0L turbo petrol engine, panoramic sunroof, leather upholstery, 360-degree camera, ADAS safety features and luxury interior.",63
2023,8,Model 2,V208,"Premium diesel SUV equipped with AWD, terrain response modes, seven-seat configuration, premium audio system and excellent highway capability.",63
2023,8,Model 2,V209,"Family SUV powered by a 2.0L turbo petrol engine, automatic transmission, digital instrument cluster, connected navigation and spacious seven-seat layout.",67
2023,8,Model 2,V210,"Hybrid family SUV offering advanced driver assistance, adaptive cruise control, premium comfort, efficient hybrid technology and smooth e-CVT transmission.",73
2023,8,Model 3,V301,"Executive sedan with 1.8L petrol engine, premium cabin, manual transmission, projector LED headlamps and elegant styling.",82
2023,8,Model 3,V302,"Executive automatic sedan with leather upholstery, dual-zone climate control, connected infotainment and refined ride quality.",80
2023,8,Model 3,V303,"Performance sedan featuring a 2.0L petrol engine, paddle shifters, sport suspension, 18-inch alloy wheels and responsive handling.",50
2023,8,Model 3,V304,"Luxury hybrid sedan with intelligent safety systems, premium interior, exceptional fuel efficiency and smooth e-CVT performance.",66
2023,8,Model 3,V305,"Performance edition sedan powered by a turbo petrol engine with premium infotainment, sport exhaust, wireless charging and athletic design.",97
2023,8,Model 3,V306,"Executive diesel sedan offering automatic transmission, spacious rear seating, superior ride comfort and long-distance efficiency.",43
2023,8,Model 3,V307,"Luxury petrol sedan with panoramic sunroof, premium leather interior, ten airbags, connected technology and refined driving dynamics.",63
2023,8,Model 3,V308,"Luxury hybrid sedan equipped with adaptive cruise control, ventilated seats, premium sound system and intelligent safety features.",63
2023,8,Model 3,V309,"Electric luxury sedan delivering approximately 550 km range, fast charging capability, connected vehicle platform and premium comfort.",67
2023,8,Model 3,V310,"High-performance dual-motor electric sedan capable of rapid acceleration, all-wheel drive, advanced driver assistance and cutting-edge technology.",73
2023,8,Model 4,V401,"Luxury seven-seat SUV with 2.5L petrol engine, AWD, panoramic sunroof, leather seats, premium infotainment and exceptional comfort.",16
2023,8,Model 4,V402,"Luxury diesel SUV with terrain management system, electronic parking brake, connected technology and spacious premium cabin.",53
2023,8,Model 4,V403,"Performance SUV featuring a 3.0L turbo petrol engine, adaptive suspension, AWD system and 20-inch alloy wheels.",30
2023,8,Model 4,V404,"Flagship luxury SUV powered by a 3.0L V6 petrol engine, ventilated seats, 360-degree camera, ADAS Level 2 and premium craftsmanship.",38
2023,8,Model 4,V405,"Flagship diesel SUV with air suspension, intelligent AWD, premium leather interior, advanced infotainment and executive comfort.",41
2023,8,Model 4,V406,"Dual-motor electric luxury SUV producing 300 kW, approximately 600 km driving range, ultra-fast charging, autonomous driving features and premium technology.",15
2023,8,Model 4,V407,"Performance electric SUV with dual-motor AWD, sports interior, rapid acceleration, intelligent safety systems and dynamic driving experience.",27
2023,8,Model 4,V408,"Flagship hybrid SUV powered by a 3.5L V6 hybrid engine, captain seats, panoramic glass roof, premium surround audio and comprehensive driver assistance.",23
2023,9,Model 1,V101,"Premium hatchback with a 1.2L petrol engine, 5-speed manual transmission, seating for five, dual airbags, ABS with EBD, LED DRLs, touchscreen infotainment, Apple CarPlay & Android Auto, excellent fuel efficiency and smooth city driving.",25
2023,9,Model 1,V102,"Premium hatchback powered by a 1.2L petrol engine with automatic transmission, reverse camera, cruise control, alloy wheels, automatic climate control and advanced infotainment for comfortable urban travel.",12
2023,9,Model 1,V103,"Mid-size sedan featuring a 1.5L petrol engine, manual transmission, spacious cabin, LED headlamps, rear AC vents, smart key access and balanced performance for everyday driving.",18
2023,9,Model 1,V104,"Premium sedan equipped with a 1.5L petrol engine and CVT automatic transmission, sunroof, wireless charging, connected car technology, six airbags and refined ride comfort.",24
2023,9,Model 2,V201,"Compact SUV powered by a 1.5L turbo diesel engine with manual gearbox, hill hold assist, rear parking sensors, 17-inch alloy wheels and practical family-oriented features.",69
2023,9,Model 2,V202,"Compact diesel SUV with automatic transmission, premium interior, electronic stability control, rear camera, ABS, spacious cabin and comfortable long-distance performance.",54
2023,9,Model 2,V203,"Sporty compact SUV featuring a 1.5L turbo petrol engine, manual transmission, LED lighting, touchscreen navigation and dynamic styling for enthusiastic drivers.",47
2023,9,Model 2,V204,"Compact SUV with turbo petrol engine and automatic transmission, push-button start, automatic climate control, connected vehicle technology and premium comfort.",41
2023,9,Model 2,V205,"Hybrid compact SUV with 1.5L petrol hybrid engine, e-CVT transmission, regenerative braking, outstanding fuel economy, advanced safety systems and intelligent driving assistance.",76
2023,9,Model 2,V206,"All-electric compact SUV producing 150 kW, fast charging support, approximately 450 km driving range, regenerative braking and connected smart mobility features.",89
2023,9,Model 2,V207,"Premium AWD SUV with 2.0L turbo petrol engine, panoramic sunroof, leather upholstery, 360-degree camera, ADAS safety features and luxury interior.",122
2023,9,Model 2,V208,"Premium diesel SUV equipped with AWD, terrain response modes, seven-seat configuration, premium audio system and excellent highway capability.",94
2023,9,Model 2,V209,"Family SUV powered by a 2.0L turbo petrol engine, automatic transmission, digital instrument cluster, connected navigation and spacious seven-seat layout.",69
2023,9,Model 2,V210,"Hybrid family SUV offering advanced driver assistance, adaptive cruise control, premium comfort, efficient hybrid technology and smooth e-CVT transmission.",56
2023,9,Model 3,V301,"Executive sedan with 1.8L petrol engine, premium cabin, manual transmission, projector LED headlamps and elegant styling.",69
2023,9,Model 3,V302,"Executive automatic sedan with leather upholstery, dual-zone climate control, connected infotainment and refined ride quality.",54
2023,9,Model 3,V303,"Performance sedan featuring a 2.0L petrol engine, paddle shifters, sport suspension, 18-inch alloy wheels and responsive handling.",47
2023,9,Model 3,V304,"Luxury hybrid sedan with intelligent safety systems, premium interior, exceptional fuel efficiency and smooth e-CVT performance.",41
2023,9,Model 3,V305,"Performance edition sedan powered by a turbo petrol engine with premium infotainment, sport exhaust, wireless charging and athletic design.",76
2023,9,Model 3,V306,"Executive diesel sedan offering automatic transmission, spacious rear seating, superior ride comfort and long-distance efficiency.",89
2023,9,Model 3,V307,"Luxury petrol sedan with panoramic sunroof, premium leather interior, ten airbags, connected technology and refined driving dynamics.",122
2023,9,Model 3,V308,"Luxury hybrid sedan equipped with adaptive cruise control, ventilated seats, premium sound system and intelligent safety features.",94
2023,9,Model 3,V309,"Electric luxury sedan delivering approximately 550 km range, fast charging capability, connected vehicle platform and premium comfort.",69
2023,9,Model 3,V310,"High-performance dual-motor electric sedan capable of rapid acceleration, all-wheel drive, advanced driver assistance and cutting-edge technology.",56
2023,9,Model 4,V401,"Luxury seven-seat SUV with 2.5L petrol engine, AWD, panoramic sunroof, leather seats, premium infotainment and exceptional comfort.",34
2023,9,Model 4,V402,"Luxury diesel SUV with terrain management system, electronic parking brake, connected technology and spacious premium cabin.",52
2023,9,Model 4,V403,"Performance SUV featuring a 3.0L turbo petrol engine, adaptive suspension, AWD system and 20-inch alloy wheels.",63
2023,9,Model 4,V404,"Flagship luxury SUV powered by a 3.0L V6 petrol engine, ventilated seats, 360-degree camera, ADAS Level 2 and premium craftsmanship.",34
2023,9,Model 4,V405,"Flagship diesel SUV with air suspension, intelligent AWD, premium leather interior, advanced infotainment and executive comfort.",25
2023,9,Model 4,V406,"Dual-motor electric luxury SUV producing 300 kW, approximately 600 km driving range, ultra-fast charging, autonomous driving features and premium technology.",66
2023,9,Model 4,V407,"Performance electric SUV with dual-motor AWD, sports interior, rapid acceleration, intelligent safety systems and dynamic driving experience.",23
2023,9,Model 4,V408,"Flagship hybrid SUV powered by a 3.5L V6 hybrid engine, captain seats, panoramic glass roof, premium surround audio and comprehensive driver assistance.",47
2023,10,Model 1,V101,"Premium hatchback with a 1.2L petrol engine, 5-speed manual transmission, seating for five, dual airbags, ABS with EBD, LED DRLs, touchscreen infotainment, Apple CarPlay & Android Auto, excellent fuel efficiency and smooth city driving.",33
2023,10,Model 1,V102,"Premium hatchback powered by a 1.2L petrol engine with automatic transmission, reverse camera, cruise control, alloy wheels, automatic climate control and advanced infotainment for comfortable urban travel.",31
2023,10,Model 1,V103,"Mid-size sedan featuring a 1.5L petrol engine, manual transmission, spacious cabin, LED headlamps, rear AC vents, smart key access and balanced performance for everyday driving.",32
2023,10,Model 1,V104,"Premium sedan equipped with a 1.5L petrol engine and CVT automatic transmission, sunroof, wireless charging, connected car technology, six airbags and refined ride comfort.",24
2023,10,Model 2,V201,"Compact SUV powered by a 1.5L turbo diesel engine with manual gearbox, hill hold assist, rear parking sensors, 17-inch alloy wheels and practical family-oriented features.",132
2023,10,Model 2,V202,"Compact diesel SUV with automatic transmission, premium interior, electronic stability control, rear camera, ABS, spacious cabin and comfortable long-distance performance.",46
2023,10,Model 2,V203,"Sporty compact SUV featuring a 1.5L turbo petrol engine, manual transmission, LED lighting, touchscreen navigation and dynamic styling for enthusiastic drivers.",58
2023,10,Model 2,V204,"Compact SUV with turbo petrol engine and automatic transmission, push-button start, automatic climate control, connected vehicle technology and premium comfort.",113
2023,10,Model 2,V205,"Hybrid compact SUV with 1.5L petrol hybrid engine, e-CVT transmission, regenerative braking, outstanding fuel economy, advanced safety systems and intelligent driving assistance.",133
2023,10,Model 2,V206,"All-electric compact SUV producing 150 kW, fast charging support, approximately 450 km driving range, regenerative braking and connected smart mobility features.",125
2023,10,Model 2,V207,"Premium AWD SUV with 2.0L turbo petrol engine, panoramic sunroof, leather upholstery, 360-degree camera, ADAS safety features and luxury interior.",85
2023,10,Model 2,V208,"Premium diesel SUV equipped with AWD, terrain response modes, seven-seat configuration, premium audio system and excellent highway capability.",81
2023,10,Model 2,V209,"Family SUV powered by a 2.0L turbo petrol engine, automatic transmission, digital instrument cluster, connected navigation and spacious seven-seat layout.",147
2023,10,Model 2,V210,"Hybrid family SUV offering advanced driver assistance, adaptive cruise control, premium comfort, efficient hybrid technology and smooth e-CVT transmission.",105
2023,10,Model 3,V301,"Executive sedan with 1.8L petrol engine, premium cabin, manual transmission, projector LED headlamps and elegant styling.",132
2023,10,Model 3,V302,"Executive automatic sedan with leather upholstery, dual-zone climate control, connected infotainment and refined ride quality.",46
2023,10,Model 3,V303,"Performance sedan featuring a 2.0L petrol engine, paddle shifters, sport suspension, 18-inch alloy wheels and responsive handling.",58
2023,10,Model 3,V304,"Luxury hybrid sedan with intelligent safety systems, premium interior, exceptional fuel efficiency and smooth e-CVT performance.",113
2023,10,Model 3,V305,"Performance edition sedan powered by a turbo petrol engine with premium infotainment, sport exhaust, wireless charging and athletic design.",133
2023,10,Model 3,V306,"Executive diesel sedan offering automatic transmission, spacious rear seating, superior ride comfort and long-distance efficiency.",125
2023,10,Model 3,V307,"Luxury petrol sedan with panoramic sunroof, premium leather interior, ten airbags, connected technology and refined driving dynamics.",85
2023,10,Model 3,V308,"Luxury hybrid sedan equipped with adaptive cruise control, ventilated seats, premium sound system and intelligent safety features.",81
2023,10,Model 3,V309,"Electric luxury sedan delivering approximately 550 km range, fast charging capability, connected vehicle platform and premium comfort.",147
2023,10,Model 3,V310,"High-performance dual-motor electric sedan capable of rapid acceleration, all-wheel drive, advanced driver assistance and cutting-edge technology.",105
2023,10,Model 4,V401,"Luxury seven-seat SUV with 2.5L petrol engine, AWD, panoramic sunroof, leather seats, premium infotainment and exceptional comfort.",18
2023,10,Model 4,V402,"Luxury diesel SUV with terrain management system, electronic parking brake, connected technology and spacious premium cabin.",18
2023,10,Model 4,V403,"Performance SUV featuring a 3.0L turbo petrol engine, adaptive suspension, AWD system and 20-inch alloy wheels.",39
2023,10,Model 4,V404,"Flagship luxury SUV powered by a 3.0L V6 petrol engine, ventilated seats, 360-degree camera, ADAS Level 2 and premium craftsmanship.",58
2023,10,Model 4,V405,"Flagship diesel SUV with air suspension, intelligent AWD, premium leather interior, advanced infotainment and executive comfort.",68
2023,10,Model 4,V406,"Dual-motor electric luxury SUV producing 300 kW, approximately 600 km driving range, ultra-fast charging, autonomous driving features and premium technology.",72
2023,10,Model 4,V407,"Performance electric SUV with dual-motor AWD, sports interior, rapid acceleration, intelligent safety systems and dynamic driving experience.",75
2023,10,Model 4,V408,"Flagship hybrid SUV powered by a 3.5L V6 hybrid engine, captain seats, panoramic glass roof, premium surround audio and comprehensive driver assistance.",56
2023,11,Model 1,V101,"Premium hatchback with a 1.2L petrol engine, 5-speed manual transmission, seating for five, dual airbags, ABS with EBD, LED DRLs, touchscreen infotainment, Apple CarPlay & Android Auto, excellent fuel efficiency and smooth city driving.",23
2023,11,Model 1,V102,"Premium hatchback powered by a 1.2L petrol engine with automatic transmission, reverse camera, cruise control, alloy wheels, automatic climate control and advanced infotainment for comfortable urban travel.",35
2023,11,Model 1,V103,"Mid-size sedan featuring a 1.5L petrol engine, manual transmission, spacious cabin, LED headlamps, rear AC vents, smart key access and balanced performance for everyday driving.",10
2023,11,Model 1,V104,"Premium sedan equipped with a 1.5L petrol engine and CVT automatic transmission, sunroof, wireless charging, connected car technology, six airbags and refined ride comfort.",15
2023,11,Model 2,V201,"Compact SUV powered by a 1.5L turbo diesel engine with manual gearbox, hill hold assist, rear parking sensors, 17-inch alloy wheels and practical family-oriented features.",120
2023,11,Model 2,V202,"Compact diesel SUV with automatic transmission, premium interior, electronic stability control, rear camera, ABS, spacious cabin and comfortable long-distance performance.",66
2023,11,Model 2,V203,"Sporty compact SUV featuring a 1.5L turbo petrol engine, manual transmission, LED lighting, touchscreen navigation and dynamic styling for enthusiastic drivers.",89
2023,11,Model 2,V204,"Compact SUV with turbo petrol engine and automatic transmission, push-button start, automatic climate control, connected vehicle technology and premium comfort.",108
2023,11,Model 2,V205,"Hybrid compact SUV with 1.5L petrol hybrid engine, e-CVT transmission, regenerative braking, outstanding fuel economy, advanced safety systems and intelligent driving assistance.",115
2023,11,Model 2,V206,"All-electric compact SUV producing 150 kW, fast charging support, approximately 450 km driving range, regenerative braking and connected smart mobility features.",108
2023,11,Model 2,V207,"Premium AWD SUV with 2.0L turbo petrol engine, panoramic sunroof, leather upholstery, 360-degree camera, ADAS safety features and luxury interior.",50
2023,11,Model 2,V208,"Premium diesel SUV equipped with AWD, terrain response modes, seven-seat configuration, premium audio system and excellent highway capability.",114
2023,11,Model 2,V209,"Family SUV powered by a 2.0L turbo petrol engine, automatic transmission, digital instrument cluster, connected navigation and spacious seven-seat layout.",51
2023,11,Model 2,V210,"Hybrid family SUV offering advanced driver assistance, adaptive cruise control, premium comfort, efficient hybrid technology and smooth e-CVT transmission.",144
2023,11,Model 3,V301,"Executive sedan with 1.8L petrol engine, premium cabin, manual transmission, projector LED headlamps and elegant styling.",120
2023,11,Model 3,V302,"Executive automatic sedan with leather upholstery, dual-zone climate control, connected infotainment and refined ride quality.",66
2023,11,Model 3,V303,"Performance sedan featuring a 2.0L petrol engine, paddle shifters, sport suspension, 18-inch alloy wheels and responsive handling.",89
2023,11,Model 3,V304,"Luxury hybrid sedan with intelligent safety systems, premium interior, exceptional fuel efficiency and smooth e-CVT performance.",108
2023,11,Model 3,V305,"Performance edition sedan powered by a turbo petrol engine with premium infotainment, sport exhaust, wireless charging and athletic design.",115
2023,11,Model 3,V306,"Executive diesel sedan offering automatic transmission, spacious rear seating, superior ride comfort and long-distance efficiency.",108
2023,11,Model 3,V307,"Luxury petrol sedan with panoramic sunroof, premium leather interior, ten airbags, connected technology and refined driving dynamics.",50
2023,11,Model 3,V308,"Luxury hybrid sedan equipped with adaptive cruise control, ventilated seats, premium sound system and intelligent safety features.",114
2023,11,Model 3,V309,"Electric luxury sedan delivering approximately 550 km range, fast charging capability, connected vehicle platform and premium comfort.",51
2023,11,Model 3,V310,"High-performance dual-motor electric sedan capable of rapid acceleration, all-wheel drive, advanced driver assistance and cutting-edge technology.",144
2023,11,Model 4,V401,"Luxury seven-seat SUV with 2.5L petrol engine, AWD, panoramic sunroof, leather seats, premium infotainment and exceptional comfort.",64
2023,11,Model 4,V402,"Luxury diesel SUV with terrain management system, electronic parking brake, connected technology and spacious premium cabin.",31
2023,11,Model 4,V403,"Performance SUV featuring a 3.0L turbo petrol engine, adaptive suspension, AWD system and 20-inch alloy wheels.",46
2023,11,Model 4,V404,"Flagship luxury SUV powered by a 3.0L V6 petrol engine, ventilated seats, 360-degree camera, ADAS Level 2 and premium craftsmanship.",63
2023,11,Model 4,V405,"Flagship diesel SUV with air suspension, intelligent AWD, premium leather interior, advanced infotainment and executive comfort.",39
2023,11,Model 4,V406,"Dual-motor electric luxury SUV producing 300 kW, approximately 600 km driving range, ultra-fast charging, autonomous driving features and premium technology.",21
2023,11,Model 4,V407,"Performance electric SUV with dual-motor AWD, sports interior, rapid acceleration, intelligent safety systems and dynamic driving experience.",49
2023,11,Model 4,V408,"Flagship hybrid SUV powered by a 3.5L V6 hybrid engine, captain seats, panoramic glass roof, premium surround audio and comprehensive driver assistance.",59
2023,12,Model 1,V101,"Premium hatchback with a 1.2L petrol engine, 5-speed manual transmission, seating for five, dual airbags, ABS with EBD, LED DRLs, touchscreen infotainment, Apple CarPlay & Android Auto, excellent fuel efficiency and smooth city driving.",30
2023,12,Model 1,V102,"Premium hatchback powered by a 1.2L petrol engine with automatic transmission, reverse camera, cruise control, alloy wheels, automatic climate control and advanced infotainment for comfortable urban travel.",35
2023,12,Model 1,V103,"Mid-size sedan featuring a 1.5L petrol engine, manual transmission, spacious cabin, LED headlamps, rear AC vents, smart key access and balanced performance for everyday driving.",23
2023,12,Model 1,V104,"Premium sedan equipped with a 1.5L petrol engine and CVT automatic transmission, sunroof, wireless charging, connected car technology, six airbags and refined ride comfort.",38
2023,12,Model 2,V201,"Compact SUV powered by a 1.5L turbo diesel engine with manual gearbox, hill hold assist, rear parking sensors, 17-inch alloy wheels and practical family-oriented features.",152
2023,12,Model 2,V202,"Compact diesel SUV with automatic transmission, premium interior, electronic stability control, rear camera, ABS, spacious cabin and comfortable long-distance performance.",63
2023,12,Model 2,V203,"Sporty compact SUV featuring a 1.5L turbo petrol engine, manual transmission, LED lighting, touchscreen navigation and dynamic styling for enthusiastic drivers.",65
2023,12,Model 2,V204,"Compact SUV with turbo petrol engine and automatic transmission, push-button start, automatic climate control, connected vehicle technology and premium comfort.",59
2023,12,Model 2,V205,"Hybrid compact SUV with 1.5L petrol hybrid engine, e-CVT transmission, regenerative braking, outstanding fuel economy, advanced safety systems and intelligent driving assistance.",113
2023,12,Model 2,V206,"All-electric compact SUV producing 150 kW, fast charging support, approximately 450 km driving range, regenerative braking and connected smart mobility features.",109
2023,12,Model 2,V207,"Premium AWD SUV with 2.0L turbo petrol engine, panoramic sunroof, leather upholstery, 360-degree camera, ADAS safety features and luxury interior.",103
2023,12,Model 2,V208,"Premium diesel SUV equipped with AWD, terrain response modes, seven-seat configuration, premium audio system and excellent highway capability.",142
2023,12,Model 2,V209,"Family SUV powered by a 2.0L turbo petrol engine, automatic transmission, digital instrument cluster, connected navigation and spacious seven-seat layout.",108
2023,12,Model 2,V210,"Hybrid family SUV offering advanced driver assistance, adaptive cruise control, premium comfort, efficient hybrid technology and smooth e-CVT transmission.",68
2023,12,Model 3,V301,"Executive sedan with 1.8L petrol engine, premium cabin, manual transmission, projector LED headlamps and elegant styling.",152
2023,12,Model 3,V302,"Executive automatic sedan with leather upholstery, dual-zone climate control, connected infotainment and refined ride quality.",63
2023,12,Model 3,V303,"Performance sedan featuring a 2.0L petrol engine, paddle shifters, sport suspension, 18-inch alloy wheels and responsive handling.",65
2023,12,Model 3,V304,"Luxury hybrid sedan with intelligent safety systems, premium interior, exceptional fuel efficiency and smooth e-CVT performance.",59
2023,12,Model 3,V305,"Performance edition sedan powered by a turbo petrol engine with premium infotainment, sport exhaust, wireless charging and athletic design.",113
2023,12,Model 3,V306,"Executive diesel sedan offering automatic transmission, spacious rear seating, superior ride comfort and long-distance efficiency.",109
2023,12,Model 3,V307,"Luxury petrol sedan with panoramic sunroof, premium leather interior, ten airbags, connected technology and refined driving dynamics.",103
2023,12,Model 3,V308,"Luxury hybrid sedan equipped with adaptive cruise control, ventilated seats, premium sound system and intelligent safety features.",142
2023,12,Model 3,V309,"Electric luxury sedan delivering approximately 550 km range, fast charging capability, connected vehicle platform and premium comfort.",108
2023,12,Model 3,V310,"High-performance dual-motor electric sedan capable of rapid acceleration, all-wheel drive, advanced driver assistance and cutting-edge technology.",68
2023,12,Model 4,V401,"Luxury seven-seat SUV with 2.5L petrol engine, AWD, panoramic sunroof, leather seats, premium infotainment and exceptional comfort.",32
2023,12,Model 4,V402,"Luxury diesel SUV with terrain management system, electronic parking brake, connected technology and spacious premium cabin.",68
2023,12,Model 4,V403,"Performance SUV featuring a 3.0L turbo petrol engine, adaptive suspension, AWD system and 20-inch alloy wheels.",60
2023,12,Model 4,V404,"Flagship luxury SUV powered by a 3.0L V6 petrol engine, ventilated seats, 360-degree camera, ADAS Level 2 and premium craftsmanship.",50
2023,12,Model 4,V405,"Flagship diesel SUV with air suspension, intelligent AWD, premium leather interior, advanced infotainment and executive comfort.",59
2023,12,Model 4,V406,"Dual-motor electric luxury SUV producing 300 kW, approximately 600 km driving range, ultra-fast charging, autonomous driving features and premium technology.",18
2023,12,Model 4,V407,"Performance electric SUV with dual-motor AWD, sports interior, rapid acceleration, intelligent safety systems and dynamic driving experience.",18
2023,12,Model 4,V408,"Flagship hybrid SUV powered by a 3.5L V6 hybrid engine, captain seats, panoramic glass roof, premium surround audio and comprehensive driver assistance.",17
2024,1,Model 1,V101,"Premium hatchback with a 1.2L petrol engine, 5-speed manual transmission, seating for five, dual airbags, ABS with EBD, LED DRLs, touchscreen infotainment, Apple CarPlay & Android Auto, excellent fuel efficiency and smooth city driving.",13
2024,1,Model 1,V102,"Premium hatchback powered by a 1.2L petrol engine with automatic transmission, reverse camera, cruise control, alloy wheels, automatic climate control and advanced infotainment for comfortable urban travel.",35
2024,1,Model 1,V103,"Mid-size sedan featuring a 1.5L petrol engine, manual transmission, spacious cabin, LED headlamps, rear AC vents, smart key access and balanced performance for everyday driving.",21
2024,1,Model 1,V104,"Premium sedan equipped with a 1.5L petrol engine and CVT automatic transmission, sunroof, wireless charging, connected car technology, six airbags and refined ride comfort.",26
2024,1,Model 2,V201,"Compact SUV powered by a 1.5L turbo diesel engine with manual gearbox, hill hold assist, rear parking sensors, 17-inch alloy wheels and practical family-oriented features.",112
2024,1,Model 2,V202,"Compact diesel SUV with automatic transmission, premium interior, electronic stability control, rear camera, ABS, spacious cabin and comfortable long-distance performance.",102
2024,1,Model 2,V203,"Sporty compact SUV featuring a 1.5L turbo petrol engine, manual transmission, LED lighting, touchscreen navigation and dynamic styling for enthusiastic drivers.",57
2024,1,Model 2,V204,"Compact SUV with turbo petrol engine and automatic transmission, push-button start, automatic climate control, connected vehicle technology and premium comfort.",125
2024,1,Model 2,V205,"Hybrid compact SUV with 1.5L petrol hybrid engine, e-CVT transmission, regenerative braking, outstanding fuel economy, advanced safety systems and intelligent driving assistance.",111
2024,1,Model 2,V206,"All-electric compact SUV producing 150 kW, fast charging support, approximately 450 km driving range, regenerative braking and connected smart mobility features.",55
2024,1,Model 2,V207,"Premium AWD SUV with 2.0L turbo petrol engine, panoramic sunroof, leather upholstery, 360-degree camera, ADAS safety features and luxury interior.",83
2024,1,Model 2,V208,"Premium diesel SUV equipped with AWD, terrain response modes, seven-seat configuration, premium audio system and excellent highway capability.",126
2024,1,Model 2,V209,"Family SUV powered by a 2.0L turbo petrol engine, automatic transmission, digital instrument cluster, connected navigation and spacious seven-seat layout.",82
2024,1,Model 2,V210,"Hybrid family SUV offering advanced driver assistance, adaptive cruise control, premium comfort, efficient hybrid technology and smooth e-CVT transmission.",59
2024,1,Model 3,V301,"Executive sedan with 1.8L petrol engine, premium cabin, manual transmission, projector LED headlamps and elegant styling.",112
2024,1,Model 3,V302,"Executive automatic sedan with leather upholstery, dual-zone climate control, connected infotainment and refined ride quality.",102
2024,1,Model 3,V303,"Performance sedan featuring a 2.0L petrol engine, paddle shifters, sport suspension, 18-inch alloy wheels and responsive handling.",57
2024,1,Model 3,V304,"Luxury hybrid sedan with intelligent safety systems, premium interior, exceptional fuel efficiency and smooth e-CVT performance.",125
2024,1,Model 3,V305,"Performance edition sedan powered by a turbo petrol engine with premium infotainment, sport exhaust, wireless charging and athletic design.",111
2024,1,Model 3,V306,"Executive diesel sedan offering automatic transmission, spacious rear seating, superior ride comfort and long-distance efficiency.",55
2024,1,Model 3,V307,"Luxury petrol sedan with panoramic sunroof, premium leather interior, ten airbags, connected technology and refined driving dynamics.",83
2024,1,Model 3,V308,"Luxury hybrid sedan equipped with adaptive cruise control, ventilated seats, premium sound system and intelligent safety features.",126
2024,1,Model 3,V309,"Electric luxury sedan delivering approximately 550 km range, fast charging capability, connected vehicle platform and premium comfort.",82
2024,1,Model 3,V310,"High-performance dual-motor electric sedan capable of rapid acceleration, all-wheel drive, advanced driver assistance and cutting-edge technology.",59
2024,1,Model 4,V401,"Luxury seven-seat SUV with 2.5L petrol engine, AWD, panoramic sunroof, leather seats, premium infotainment and exceptional comfort.",41
2024,1,Model 4,V402,"Luxury diesel SUV with terrain management system, electronic parking brake, connected technology and spacious premium cabin.",57
2024,1,Model 4,V403,"Performance SUV featuring a 3.0L turbo petrol engine, adaptive suspension, AWD system and 20-inch alloy wheels.",66
2024,1,Model 4,V404,"Flagship luxury SUV powered by a 3.0L V6 petrol engine, ventilated seats, 360-degree camera, ADAS Level 2 and premium craftsmanship.",34
2024,1,Model 4,V405,"Flagship diesel SUV with air suspension, intelligent AWD, premium leather interior, advanced infotainment and executive comfort.",55
2024,1,Model 4,V406,"Dual-motor electric luxury SUV producing 300 kW, approximately 600 km driving range, ultra-fast charging, autonomous driving features and premium technology.",37
2024,1,Model 4,V407,"Performance electric SUV with dual-motor AWD, sports interior, rapid acceleration, intelligent safety systems and dynamic driving experience.",49
2024,1,Model 4,V408,"Flagship hybrid SUV powered by a 3.5L V6 hybrid engine, captain seats, panoramic glass roof, premium surround audio and comprehensive driver assistance.",49
2024,2,Model 1,V101,"Premium hatchback with a 1.2L petrol engine, 5-speed manual transmission, seating for five, dual airbags, ABS with EBD, LED DRLs, touchscreen infotainment, Apple CarPlay & Android Auto, excellent fuel efficiency and smooth city driving.",28
2024,2,Model 1,V102,"Premium hatchback powered by a 1.2L petrol engine with automatic transmission, reverse camera, cruise control, alloy wheels, automatic climate control and advanced infotainment for comfortable urban travel.",27
2024,2,Model 1,V103,"Mid-size sedan featuring a 1.5L petrol engine, manual transmission, spacious cabin, LED headlamps, rear AC vents, smart key access and balanced performance for everyday driving.",35
2024,2,Model 1,V104,"Premium sedan equipped with a 1.5L petrol engine and CVT automatic transmission, sunroof, wireless charging, connected car technology, six airbags and refined ride comfort.",30
2024,2,Model 2,V201,"Compact SUV powered by a 1.5L turbo diesel engine with manual gearbox, hill hold assist, rear parking sensors, 17-inch alloy wheels and practical family-oriented features.",79
2024,2,Model 2,V202,"Compact diesel SUV with automatic transmission, premium interior, electronic stability control, rear camera, ABS, spacious cabin and comfortable long-distance performance.",105
2024,2,Model 2,V203,"Sporty compact SUV featuring a 1.5L turbo petrol engine, manual transmission, LED lighting, touchscreen navigation and dynamic styling for enthusiastic drivers.",37
2024,2,Model 2,V204,"Compact SUV with turbo petrol engine and automatic transmission, push-button start, automatic climate control, connected vehicle technology and premium comfort.",90
2024,2,Model 2,V205,"Hybrid compact SUV with 1.5L petrol hybrid engine, e-CVT transmission, regenerative braking, outstanding fuel economy, advanced safety systems and intelligent driving assistance.",84
2024,2,Model 2,V206,"All-electric compact SUV producing 150 kW, fast charging support, approximately 450 km driving range, regenerative braking and connected smart mobility features.",51
2024,2,Model 2,V207,"Premium AWD SUV with 2.0L turbo petrol engine, panoramic sunroof, leather upholstery, 360-degree camera, ADAS safety features and luxury interior.",96
2024,2,Model 2,V208,"Premium diesel SUV equipped with AWD, terrain response modes, seven-seat configuration, premium audio system and excellent highway capability.",122
2024,2,Model 2,V209,"Family SUV powered by a 2.0L turbo petrol engine, automatic transmission, digital instrument cluster, connected navigation and spacious seven-seat layout.",80
2024,2,Model 2,V210,"Hybrid family SUV offering advanced driver assistance, adaptive cruise control, premium comfort, efficient hybrid technology and smooth e-CVT transmission.",39
2024,2,Model 3,V301,"Executive sedan with 1.8L petrol engine, premium cabin, manual transmission, projector LED headlamps and elegant styling.",79
2024,2,Model 3,V302,"Executive automatic sedan with leather upholstery, dual-zone climate control, connected infotainment and refined ride quality.",105
2024,2,Model 3,V303,"Performance sedan featuring a 2.0L petrol engine, paddle shifters, sport suspension, 18-inch alloy wheels and responsive handling.",37
2024,2,Model 3,V304,"Luxury hybrid sedan with intelligent safety systems, premium interior, exceptional fuel efficiency and smooth e-CVT performance.",90
2024,2,Model 3,V305,"Performance edition sedan powered by a turbo petrol engine with premium infotainment, sport exhaust, wireless charging and athletic design.",84
2024,2,Model 3,V306,"Executive diesel sedan offering automatic transmission, spacious rear seating, superior ride comfort and long-distance efficiency.",51
2024,2,Model 3,V307,"Luxury petrol sedan with panoramic sunroof, premium leather interior, ten airbags, connected technology and refined driving dynamics.",96
2024,2,Model 3,V308,"Luxury hybrid sedan equipped with adaptive cruise control, ventilated seats, premium sound system and intelligent safety features.",122
2024,2,Model 3,V309,"Electric luxury sedan delivering approximately 550 km range, fast charging capability, connected vehicle platform and premium comfort.",80
2024,2,Model 3,V310,"High-performance dual-motor electric sedan capable of rapid acceleration, all-wheel drive, advanced driver assistance and cutting-edge technology.",39
2024,2,Model 4,V401,"Luxury seven-seat SUV with 2.5L petrol engine, AWD, panoramic sunroof, leather seats, premium infotainment and exceptional comfort.",56
2024,2,Model 4,V402,"Luxury diesel SUV with terrain management system, electronic parking brake, connected technology and spacious premium cabin.",46
2024,2,Model 4,V403,"Performance SUV featuring a 3.0L turbo petrol engine, adaptive suspension, AWD system and 20-inch alloy wheels.",31
2024,2,Model 4,V404,"Flagship luxury SUV powered by a 3.0L V6 petrol engine, ventilated seats, 360-degree camera, ADAS Level 2 and premium craftsmanship.",60
2024,2,Model 4,V405,"Flagship diesel SUV with air suspension, intelligent AWD, premium leather interior, advanced infotainment and executive comfort.",70
2024,2,Model 4,V406,"Dual-motor electric luxury SUV producing 300 kW, approximately 600 km driving range, ultra-fast charging, autonomous driving features and premium technology.",69
2024,2,Model 4,V407,"Performance electric SUV with dual-motor AWD, sports interior, rapid acceleration, intelligent safety systems and dynamic driving experience.",55
2024,2,Model 4,V408,"Flagship hybrid SUV powered by a 3.5L V6 hybrid engine, captain seats, panoramic glass roof, premium surround audio and comprehensive driver assistance.",54
2024,3,Model 1,V101,"Premium hatchback with a 1.2L petrol engine, 5-speed manual transmission, seating for five, dual airbags, ABS with EBD, LED DRLs, touchscreen infotainment, Apple CarPlay & Android Auto, excellent fuel efficiency and smooth city driving.",21
2024,3,Model 1,V102,"Premium hatchback powered by a 1.2L petrol engine with automatic transmission, reverse camera, cruise control, alloy wheels, automatic climate control and advanced infotainment for comfortable urban travel.",13
2024,3,Model 1,V103,"Mid-size sedan featuring a 1.5L petrol engine, manual transmission, spacious cabin, LED headlamps, rear AC vents, smart key access and balanced performance for everyday driving.",38
2024,3,Model 1,V104,"Premium sedan equipped with a 1.5L petrol engine and CVT automatic transmission, sunroof, wireless charging, connected car technology, six airbags and refined ride comfort.",33
2024,3,Model 2,V201,"Compact SUV powered by a 1.5L turbo diesel engine with manual gearbox, hill hold assist, rear parking sensors, 17-inch alloy wheels and practical family-oriented features.",75
2024,3,Model 2,V202,"Compact diesel SUV with automatic transmission, premium interior, electronic stability control, rear camera, ABS, spacious cabin and comfortable long-distance performance.",141
2024,3,Model 2,V203,"Sporty compact SUV featuring a 1.5L turbo petrol engine, manual transmission, LED lighting, touchscreen navigation and dynamic styling for enthusiastic drivers.",158
2024,3,Model 2,V204,"Compact SUV with turbo petrol engine and automatic transmission, push-button start, automatic climate control, connected vehicle technology and premium comfort.",114
2024,3,Model 2,V205,"Hybrid compact SUV with 1.5L petrol hybrid engine, e-CVT transmission, regenerative braking, outstanding fuel economy, advanced safety systems and intelligent driving assistance.",71
2024,3,Model 2,V206,"All-electric compact SUV producing 150 kW, fast charging support, approximately 450 km driving range, regenerative braking and connected smart mobility features.",89
2024,3,Model 2,V207,"Premium AWD SUV with 2.0L turbo petrol engine, panoramic sunroof, leather upholstery, 360-degree camera, ADAS safety features and luxury interior.",49
2024,3,Model 2,V208,"Premium diesel SUV equipped with AWD, terrain response modes, seven-seat configuration, premium audio system and excellent highway capability.",150
2024,3,Model 2,V209,"Family SUV powered by a 2.0L turbo petrol engine, automatic transmission, digital instrument cluster, connected navigation and spacious seven-seat layout.",64
2024,3,Model 2,V210,"Hybrid family SUV offering advanced driver assistance, adaptive cruise control, premium comfort, efficient hybrid technology and smooth e-CVT transmission.",78
2024,3,Model 3,V301,"Executive sedan with 1.8L petrol engine, premium cabin, manual transmission, projector LED headlamps and elegant styling.",75
2024,3,Model 3,V302,"Executive automatic sedan with leather upholstery, dual-zone climate control, connected infotainment and refined ride quality.",141
2024,3,Model 3,V303,"Performance sedan featuring a 2.0L petrol engine, paddle shifters, sport suspension, 18-inch alloy wheels and responsive handling.",158
2024,3,Model 3,V304,"Luxury hybrid sedan with intelligent safety systems, premium interior, exceptional fuel efficiency and smooth e-CVT performance.",114
2024,3,Model 3,V305,"Performance edition sedan powered by a turbo petrol engine with premium infotainment, sport exhaust, wireless charging and athletic design.",71
2024,3,Model 3,V306,"Executive diesel sedan offering automatic transmission, spacious rear seating, superior ride comfort and long-distance efficiency.",89
2024,3,Model 3,V307,"Luxury petrol sedan with panoramic sunroof, premium leather interior, ten airbags, connected technology and refined driving dynamics.",49
2024,3,Model 3,V308,"Luxury hybrid sedan equipped with adaptive cruise control, ventilated seats, premium sound system and intelligent safety features.",150
2024,3,Model 3,V309,"Electric luxury sedan delivering approximately 550 km range, fast charging capability, connected vehicle platform and premium comfort.",64
2024,3,Model 3,V310,"High-performance dual-motor electric sedan capable of rapid acceleration, all-wheel drive, advanced driver assistance and cutting-edge technology.",78
2024,3,Model 4,V401,"Luxury seven-seat SUV with 2.5L petrol engine, AWD, panoramic sunroof, leather seats, premium infotainment and exceptional comfort.",16
2024,3,Model 4,V402,"Luxury diesel SUV with terrain management system, electronic parking brake, connected technology and spacious premium cabin.",55
2024,3,Model 4,V403,"Performance SUV featuring a 3.0L turbo petrol engine, adaptive suspension, AWD system and 20-inch alloy wheels.",44
2024,3,Model 4,V404,"Flagship luxury SUV powered by a 3.0L V6 petrol engine, ventilated seats, 360-degree camera, ADAS Level 2 and premium craftsmanship.",53
2024,3,Model 4,V405,"Flagship diesel SUV with air suspension, intelligent AWD, premium leather interior, advanced infotainment and executive comfort.",28
2024,3,Model 4,V406,"Dual-motor electric luxury SUV producing 300 kW, approximately 600 km driving range, ultra-fast charging, autonomous driving features and premium technology.",52
2024,3,Model 4,V407,"Performance electric SUV with dual-motor AWD, sports interior, rapid acceleration, intelligent safety systems and dynamic driving experience.",78
2024,3,Model 4,V408,"Flagship hybrid SUV powered by a 3.5L V6 hybrid engine, captain seats, panoramic glass roof, premium surround audio and comprehensive driver assistance.",33
2024,4,Model 1,V101,"Premium hatchback with a 1.2L petrol engine, 5-speed manual transmission, seating for five, dual airbags, ABS with EBD, LED DRLs, touchscreen infotainment, Apple CarPlay & Android Auto, excellent fuel efficiency and smooth city driving.",30
2024,4,Model 1,V102,"Premium hatchback powered by a 1.2L petrol engine with automatic transmission, reverse camera, cruise control, alloy wheels, automatic climate control and advanced infotainment for comfortable urban travel.",34
2024,4,Model 1,V103,"Mid-size sedan featuring a 1.5L petrol engine, manual transmission, spacious cabin, LED headlamps, rear AC vents, smart key access and balanced performance for everyday driving.",39
2024,4,Model 1,V104,"Premium sedan equipped with a 1.5L petrol engine and CVT automatic transmission, sunroof, wireless charging, connected car technology, six airbags and refined ride comfort.",33
2024,4,Model 2,V201,"Compact SUV powered by a 1.5L turbo diesel engine with manual gearbox, hill hold assist, rear parking sensors, 17-inch alloy wheels and practical family-oriented features.",54
2024,4,Model 2,V202,"Compact diesel SUV with automatic transmission, premium interior, electronic stability control, rear camera, ABS, spacious cabin and comfortable long-distance performance.",69
2024,4,Model 2,V203,"Sporty compact SUV featuring a 1.5L turbo petrol engine, manual transmission, LED lighting, touchscreen navigation and dynamic styling for enthusiastic drivers.",140
2024,4,Model 2,V204,"Compact SUV with turbo petrol engine and automatic transmission, push-button start, automatic climate control, connected vehicle technology and premium comfort.",82
2024,4,Model 2,V205,"Hybrid compact SUV with 1.5L petrol hybrid engine, e-CVT transmission, regenerative braking, outstanding fuel economy, advanced safety systems and intelligent driving assistance.",148
2024,4,Model 2,V206,"All-electric compact SUV producing 150 kW, fast charging support, approximately 450 km driving range, regenerative braking and connected smart mobility features.",104
2024,4,Model 2,V207,"Premium AWD SUV with 2.0L turbo petrol engine, panoramic sunroof, leather upholstery, 360-degree camera, ADAS safety features and luxury interior.",132
2024,4,Model 2,V208,"Premium diesel SUV equipped with AWD, terrain response modes, seven-seat configuration, premium audio system and excellent highway capability.",141
2024,4,Model 2,V209,"Family SUV powered by a 2.0L turbo petrol engine, automatic transmission, digital instrument cluster, connected navigation and spacious seven-seat layout.",113
2024,4,Model 2,V210,"Hybrid family SUV offering advanced driver assistance, adaptive cruise control, premium comfort, efficient hybrid technology and smooth e-CVT transmission.",102
2024,4,Model 3,V301,"Executive sedan with 1.8L petrol engine, premium cabin, manual transmission, projector LED headlamps and elegant styling.",54
2024,4,Model 3,V302,"Executive automatic sedan with leather upholstery, dual-zone climate control, connected infotainment and refined ride quality.",69
2024,4,Model 3,V303,"Performance sedan featuring a 2.0L petrol engine, paddle shifters, sport suspension, 18-inch alloy wheels and responsive handling.",140
2024,4,Model 3,V304,"Luxury hybrid sedan with intelligent safety systems, premium interior, exceptional fuel efficiency and smooth e-CVT performance.",82
2024,4,Model 3,V305,"Performance edition sedan powered by a turbo petrol engine with premium infotainment, sport exhaust, wireless charging and athletic design.",148
2024,4,Model 3,V306,"Executive diesel sedan offering automatic transmission, spacious rear seating, superior ride comfort and long-distance efficiency.",104
2024,4,Model 3,V307,"Luxury petrol sedan with panoramic sunroof, premium leather interior, ten airbags, connected technology and refined driving dynamics.",132
2024,4,Model 3,V308,"Luxury hybrid sedan equipped with adaptive cruise control, ventilated seats, premium sound system and intelligent safety features.",141
2024,4,Model 3,V309,"Electric luxury sedan delivering approximately 550 km range, fast charging capability, connected vehicle platform and premium comfort.",113
2024,4,Model 3,V310,"High-performance dual-motor electric sedan capable of rapid acceleration, all-wheel drive, advanced driver assistance and cutting-edge technology.",102
2024,4,Model 4,V401,"Luxury seven-seat SUV with 2.5L petrol engine, AWD, panoramic sunroof, leather seats, premium infotainment and exceptional comfort.",31
2024,4,Model 4,V402,"Luxury diesel SUV with terrain management system, electronic parking brake, connected technology and spacious premium cabin.",57
2024,4,Model 4,V403,"Performance SUV featuring a 3.0L turbo petrol engine, adaptive suspension, AWD system and 20-inch alloy wheels.",64
2024,4,Model 4,V404,"Flagship luxury SUV powered by a 3.0L V6 petrol engine, ventilated seats, 360-degree camera, ADAS Level 2 and premium craftsmanship.",46
2024,4,Model 4,V405,"Flagship diesel SUV with air suspension, intelligent AWD, premium leather interior, advanced infotainment and executive comfort.",65
2024,4,Model 4,V406,"Dual-motor electric luxury SUV producing 300 kW, approximately 600 km driving range, ultra-fast charging, autonomous driving features and premium technology.",47
2024,4,Model 4,V407,"Performance electric SUV with dual-motor AWD, sports interior, rapid acceleration, intelligent safety systems and dynamic driving experience.",77
2024,4,Model 4,V408,"Flagship hybrid SUV powered by a 3.5L V6 hybrid engine, captain seats, panoramic glass roof, premium surround audio and comprehensive driver assistance.",86
2024,5,Model 1,V101,"Premium hatchback with a 1.2L petrol engine, 5-speed manual transmission, seating for five, dual airbags, ABS with EBD, LED DRLs, touchscreen infotainment, Apple CarPlay & Android Auto, excellent fuel efficiency and smooth city driving.",42
2024,5,Model 1,V102,"Premium hatchback powered by a 1.2L petrol engine with automatic transmission, reverse camera, cruise control, alloy wheels, automatic climate control and advanced infotainment for comfortable urban travel.",41
2024,5,Model 1,V103,"Mid-size sedan featuring a 1.5L petrol engine, manual transmission, spacious cabin, LED headlamps, rear AC vents, smart key access and balanced performance for everyday driving.",43
2024,5,Model 1,V104,"Premium sedan equipped with a 1.5L petrol engine and CVT automatic transmission, sunroof, wireless charging, connected car technology, six airbags and refined ride comfort.",23
2024,5,Model 2,V201,"Compact SUV powered by a 1.5L turbo diesel engine with manual gearbox, hill hold assist, rear parking sensors, 17-inch alloy wheels and practical family-oriented features.",157
2024,5,Model 2,V202,"Compact diesel SUV with automatic transmission, premium interior, electronic stability control, rear camera, ABS, spacious cabin and comfortable long-distance performance.",133
2024,5,Model 2,V203,"Sporty compact SUV featuring a 1.5L turbo petrol engine, manual transmission, LED lighting, touchscreen navigation and dynamic styling for enthusiastic drivers.",79
2024,5,Model 2,V204,"Compact SUV with turbo petrol engine and automatic transmission, push-button start, automatic climate control, connected vehicle technology and premium comfort.",89
2024,5,Model 2,V205,"Hybrid compact SUV with 1.5L petrol hybrid engine, e-CVT transmission, regenerative braking, outstanding fuel economy, advanced safety systems and intelligent driving assistance.",95
2024,5,Model 2,V206,"All-electric compact SUV producing 150 kW, fast charging support, approximately 450 km driving range, regenerative braking and connected smart mobility features.",147
2024,5,Model 2,V207,"Premium AWD SUV with 2.0L turbo petrol engine, panoramic sunroof, leather upholstery, 360-degree camera, ADAS safety features and luxury interior.",99
2024,5,Model 2,V208,"Premium diesel SUV equipped with AWD, terrain response modes, seven-seat configuration, premium audio system and excellent highway capability.",85
2024,5,Model 2,V209,"Family SUV powered by a 2.0L turbo petrol engine, automatic transmission, digital instrument cluster, connected navigation and spacious seven-seat layout.",99
2024,5,Model 2,V210,"Hybrid family SUV offering advanced driver assistance, adaptive cruise control, premium comfort, efficient hybrid technology and smooth e-CVT transmission.",97
2024,5,Model 3,V301,"Executive sedan with 1.8L petrol engine, premium cabin, manual transmission, projector LED headlamps and elegant styling.",157
2024,5,Model 3,V302,"Executive automatic sedan with leather upholstery, dual-zone climate control, connected infotainment and refined ride quality.",133
2024,5,Model 3,V303,"Performance sedan featuring a 2.0L petrol engine, paddle shifters, sport suspension, 18-inch alloy wheels and responsive handling.",79
2024,5,Model 3,V304,"Luxury hybrid sedan with intelligent safety systems, premium interior, exceptional fuel efficiency and smooth e-CVT performance.",89
2024,5,Model 3,V305,"Performance edition sedan powered by a turbo petrol engine with premium infotainment, sport exhaust, wireless charging and athletic design.",95
2024,5,Model 3,V306,"Executive diesel sedan offering automatic transmission, spacious rear seating, superior ride comfort and long-distance efficiency.",147
2024,5,Model 3,V307,"Luxury petrol sedan with panoramic sunroof, premium leather interior, ten airbags, connected technology and refined driving dynamics.",99
2024,5,Model 3,V308,"Luxury hybrid sedan equipped with adaptive cruise control, ventilated seats, premium sound system and intelligent safety features.",85
2024,5,Model 3,V309,"Electric luxury sedan delivering approximately 550 km range, fast charging capability, connected vehicle platform and premium comfort.",99
2024,5,Model 3,V310,"High-performance dual-motor electric sedan capable of rapid acceleration, all-wheel drive, advanced driver assistance and cutting-edge technology.",97
2024,5,Model 4,V401,"Luxury seven-seat SUV with 2.5L petrol engine, AWD, panoramic sunroof, leather seats, premium infotainment and exceptional comfort.",80
2024,5,Model 4,V402,"Luxury diesel SUV with terrain management system, electronic parking brake, connected technology and spacious premium cabin.",33
2024,5,Model 4,V403,"Performance SUV featuring a 3.0L turbo petrol engine, adaptive suspension, AWD system and 20-inch alloy wheels.",78
2024,5,Model 4,V404,"Flagship luxury SUV powered by a 3.0L V6 petrol engine, ventilated seats, 360-degree camera, ADAS Level 2 and premium craftsmanship.",80
2024,5,Model 4,V405,"Flagship diesel SUV with air suspension, intelligent AWD, premium leather interior, advanced infotainment and executive comfort.",60
2024,5,Model 4,V406,"Dual-motor electric luxury SUV producing 300 kW, approximately 600 km driving range, ultra-fast charging, autonomous driving features and premium technology.",44
2024,5,Model 4,V407,"Performance electric SUV with dual-motor AWD, sports interior, rapid acceleration, intelligent safety systems and dynamic driving experience.",59
2024,5,Model 4,V408,"Flagship hybrid SUV powered by a 3.5L V6 hybrid engine, captain seats, panoramic glass roof, premium surround audio and comprehensive driver assistance.",46
2024,6,Model 1,V101,"Premium hatchback with a 1.2L petrol engine, 5-speed manual transmission, seating for five, dual airbags, ABS with EBD, LED DRLs, touchscreen infotainment, Apple CarPlay & Android Auto, excellent fuel efficiency and smooth city driving.",29
2024,6,Model 1,V102,"Premium hatchback powered by a 1.2L petrol engine with automatic transmission, reverse camera, cruise control, alloy wheels, automatic climate control and advanced infotainment for comfortable urban travel.",19
2024,6,Model 1,V103,"Mid-size sedan featuring a 1.5L petrol engine, manual transmission, spacious cabin, LED headlamps, rear AC vents, smart key access and balanced performance for everyday driving.",19
2024,6,Model 1,V104,"Premium sedan equipped with a 1.5L petrol engine and CVT automatic transmission, sunroof, wireless charging, connected car technology, six airbags and refined ride comfort.",13
2024,6,Model 2,V201,"Compact SUV powered by a 1.5L turbo diesel engine with manual gearbox, hill hold assist, rear parking sensors, 17-inch alloy wheels and practical family-oriented features.",120
2024,6,Model 2,V202,"Compact diesel SUV with automatic transmission, premium interior, electronic stability control, rear camera, ABS, spacious cabin and comfortable long-distance performance.",116
2024,6,Model 2,V203,"Sporty compact SUV featuring a 1.5L turbo petrol engine, manual transmission, LED lighting, touchscreen navigation and dynamic styling for enthusiastic drivers.",91
2024,6,Model 2,V204,"Compact SUV with turbo petrol engine and automatic transmission, push-button start, automatic climate control, connected vehicle technology and premium comfort.",94
2024,6,Model 2,V205,"Hybrid compact SUV with 1.5L petrol hybrid engine, e-CVT transmission, regenerative braking, outstanding fuel economy, advanced safety systems and intelligent driving assistance.",86
2024,6,Model 2,V206,"All-electric compact SUV producing 150 kW, fast charging support, approximately 450 km driving range, regenerative braking and connected smart mobility features.",57
2024,6,Model 2,V207,"Premium AWD SUV with 2.0L turbo petrol engine, panoramic sunroof, leather upholstery, 360-degree camera, ADAS safety features and luxury interior.",78
2024,6,Model 2,V208,"Premium diesel SUV equipped with AWD, terrain response modes, seven-seat configuration, premium audio system and excellent highway capability.",41
2024,6,Model 2,V209,"Family SUV powered by a 2.0L turbo petrol engine, automatic transmission, digital instrument cluster, connected navigation and spacious seven-seat layout.",77
2024,6,Model 2,V210,"Hybrid family SUV offering advanced driver assistance, adaptive cruise control, premium comfort, efficient hybrid technology and smooth e-CVT transmission.",46
2024,6,Model 3,V301,"Executive sedan with 1.8L petrol engine, premium cabin, manual transmission, projector LED headlamps and elegant styling.",120
2024,6,Model 3,V302,"Executive automatic sedan with leather upholstery, dual-zone climate control, connected infotainment and refined ride quality.",116
2024,6,Model 3,V303,"Performance sedan featuring a 2.0L petrol engine, paddle shifters, sport suspension, 18-inch alloy wheels and responsive handling.",91
2024,6,Model 3,V304,"Luxury hybrid sedan with intelligent safety systems, premium interior, exceptional fuel efficiency and smooth e-CVT performance.",94
2024,6,Model 3,V305,"Performance edition sedan powered by a turbo petrol engine with premium infotainment, sport exhaust, wireless charging and athletic design.",86
2024,6,Model 3,V306,"Executive diesel sedan offering automatic transmission, spacious rear seating, superior ride comfort and long-distance efficiency.",57
2024,6,Model 3,V307,"Luxury petrol sedan with panoramic sunroof, premium leather interior, ten airbags, connected technology and refined driving dynamics.",78
2024,6,Model 3,V308,"Luxury hybrid sedan equipped with adaptive cruise control, ventilated seats, premium sound system and intelligent safety features.",41
2024,6,Model 3,V309,"Electric luxury sedan delivering approximately 550 km range, fast charging capability, connected vehicle platform and premium comfort.",77
2024,6,Model 3,V310,"High-performance dual-motor electric sedan capable of rapid acceleration, all-wheel drive, advanced driver assistance and cutting-edge technology.",46
2024,6,Model 4,V401,"Luxury seven-seat SUV with 2.5L petrol engine, AWD, panoramic sunroof, leather seats, premium infotainment and exceptional comfort.",37
2024,6,Model 4,V402,"Luxury diesel SUV with terrain management system, electronic parking brake, connected technology and spacious premium cabin.",44
2024,6,Model 4,V403,"Performance SUV featuring a 3.0L turbo petrol engine, adaptive suspension, AWD system and 20-inch alloy wheels.",60
2024,6,Model 4,V404,"Flagship luxury SUV powered by a 3.0L V6 petrol engine, ventilated seats, 360-degree camera, ADAS Level 2 and premium craftsmanship.",30
2024,6,Model 4,V405,"Flagship diesel SUV with air suspension, intelligent AWD, premium leather interior, advanced infotainment and executive comfort.",67
2024,6,Model 4,V406,"Dual-motor electric luxury SUV producing 300 kW, approximately 600 km driving range, ultra-fast charging, autonomous driving features and premium technology.",47
2024,6,Model 4,V407,"Performance electric SUV with dual-motor AWD, sports interior, rapid acceleration, intelligent safety systems and dynamic driving experience.",27
2024,6,Model 4,V408,"Flagship hybrid SUV powered by a 3.5L V6 hybrid engine, captain seats, panoramic glass roof, premium surround audio and comprehensive driver assistance.",26
2024,7,Model 1,V101,"Premium hatchback with a 1.2L petrol engine, 5-speed manual transmission, seating for five, dual airbags, ABS with EBD, LED DRLs, touchscreen infotainment, Apple CarPlay & Android Auto, excellent fuel efficiency and smooth city driving.",23
2024,7,Model 1,V102,"Premium hatchback powered by a 1.2L petrol engine with automatic transmission, reverse camera, cruise control, alloy wheels, automatic climate control and advanced infotainment for comfortable urban travel.",15
2024,7,Model 1,V103,"Mid-size sedan featuring a 1.5L petrol engine, manual transmission, spacious cabin, LED headlamps, rear AC vents, smart key access and balanced performance for everyday driving.",23
2024,7,Model 1,V104,"Premium sedan equipped with a 1.5L petrol engine and CVT automatic transmission, sunroof, wireless charging, connected car technology, six airbags and refined ride comfort.",27
2024,7,Model 2,V201,"Compact SUV powered by a 1.5L turbo diesel engine with manual gearbox, hill hold assist, rear parking sensors, 17-inch alloy wheels and practical family-oriented features.",60
2024,7,Model 2,V202,"Compact diesel SUV with automatic transmission, premium interior, electronic stability control, rear camera, ABS, spacious cabin and comfortable long-distance performance.",44
2024,7,Model 2,V203,"Sporty compact SUV featuring a 1.5L turbo petrol engine, manual transmission, LED lighting, touchscreen navigation and dynamic styling for enthusiastic drivers.",40
2024,7,Model 2,V204,"Compact SUV with turbo petrol engine and automatic transmission, push-button start, automatic climate control, connected vehicle technology and premium comfort.",101
2024,7,Model 2,V205,"Hybrid compact SUV with 1.5L petrol hybrid engine, e-CVT transmission, regenerative braking, outstanding fuel economy, advanced safety systems and intelligent driving assistance.",98
2024,7,Model 2,V206,"All-electric compact SUV producing 150 kW, fast charging support, approximately 450 km driving range, regenerative braking and connected smart mobility features.",56
2024,7,Model 2,V207,"Premium AWD SUV with 2.0L turbo petrol engine, panoramic sunroof, leather upholstery, 360-degree camera, ADAS safety features and luxury interior.",57
2024,7,Model 2,V208,"Premium diesel SUV equipped with AWD, terrain response modes, seven-seat configuration, premium audio system and excellent highway capability.",33
2024,7,Model 2,V209,"Family SUV powered by a 2.0L turbo petrol engine, automatic transmission, digital instrument cluster, connected navigation and spacious seven-seat layout.",91
2024,7,Model 2,V210,"Hybrid family SUV offering advanced driver assistance, adaptive cruise control, premium comfort, efficient hybrid technology and smooth e-CVT transmission.",54
2024,7,Model 3,V301,"Executive sedan with 1.8L petrol engine, premium cabin, manual transmission, projector LED headlamps and elegant styling.",60
2024,7,Model 3,V302,"Executive automatic sedan with leather upholstery, dual-zone climate control, connected infotainment and refined ride quality.",44
2024,7,Model 3,V303,"Performance sedan featuring a 2.0L petrol engine, paddle shifters, sport suspension, 18-inch alloy wheels and responsive handling.",40
2024,7,Model 3,V304,"Luxury hybrid sedan with intelligent safety systems, premium interior, exceptional fuel efficiency and smooth e-CVT performance.",101
2024,7,Model 3,V305,"Performance edition sedan powered by a turbo petrol engine with premium infotainment, sport exhaust, wireless charging and athletic design.",98
2024,7,Model 3,V306,"Executive diesel sedan offering automatic transmission, spacious rear seating, superior ride comfort and long-distance efficiency.",56
2024,7,Model 3,V307,"Luxury petrol sedan with panoramic sunroof, premium leather interior, ten airbags, connected technology and refined driving dynamics.",57
2024,7,Model 3,V308,"Luxury hybrid sedan equipped with adaptive cruise control, ventilated seats, premium sound system and intelligent safety features.",33
2024,7,Model 3,V309,"Electric luxury sedan delivering approximately 550 km range, fast charging capability, connected vehicle platform and premium comfort.",91
2024,7,Model 3,V310,"High-performance dual-motor electric sedan capable of rapid acceleration, all-wheel drive, advanced driver assistance and cutting-edge technology.",54
2024,7,Model 4,V401,"Luxury seven-seat SUV with 2.5L petrol engine, AWD, panoramic sunroof, leather seats, premium infotainment and exceptional comfort.",47
2024,7,Model 4,V402,"Luxury diesel SUV with terrain management system, electronic parking brake, connected technology and spacious premium cabin.",23
2024,7,Model 4,V403,"Performance SUV featuring a 3.0L turbo petrol engine, adaptive suspension, AWD system and 20-inch alloy wheels.",12
2024,7,Model 4,V404,"Flagship luxury SUV powered by a 3.0L V6 petrol engine, ventilated seats, 360-degree camera, ADAS Level 2 and premium craftsmanship.",15
2024,7,Model 4,V405,"Flagship diesel SUV with air suspension, intelligent AWD, premium leather interior, advanced infotainment and executive comfort.",33
2024,7,Model 4,V406,"Dual-motor electric luxury SUV producing 300 kW, approximately 600 km driving range, ultra-fast charging, autonomous driving features and premium technology.",29
2024,7,Model 4,V407,"Performance electric SUV with dual-motor AWD, sports interior, rapid acceleration, intelligent safety systems and dynamic driving experience.",51
2024,7,Model 4,V408,"Flagship hybrid SUV powered by a 3.5L V6 hybrid engine, captain seats, panoramic glass roof, premium surround audio and comprehensive driver assistance.",37
2024,8,Model 1,V101,"Premium hatchback with a 1.2L petrol engine, 5-speed manual transmission, seating for five, dual airbags, ABS with EBD, LED DRLs, touchscreen infotainment, Apple CarPlay & Android Auto, excellent fuel efficiency and smooth city driving.",10
2024,8,Model 1,V102,"Premium hatchback powered by a 1.2L petrol engine with automatic transmission, reverse camera, cruise control, alloy wheels, automatic climate control and advanced infotainment for comfortable urban travel.",27
2024,8,Model 1,V103,"Mid-size sedan featuring a 1.5L petrol engine, manual transmission, spacious cabin, LED headlamps, rear AC vents, smart key access and balanced performance for everyday driving.",11
2024,8,Model 1,V104,"Premium sedan equipped with a 1.5L petrol engine and CVT automatic transmission, sunroof, wireless charging, connected car technology, six airbags and refined ride comfort.",7
2024,8,Model 2,V201,"Compact SUV powered by a 1.5L turbo diesel engine with manual gearbox, hill hold assist, rear parking sensors, 17-inch alloy wheels and practical family-oriented features.",93
2024,8,Model 2,V202,"Compact diesel SUV with automatic transmission, premium interior, electronic stability control, rear camera, ABS, spacious cabin and comfortable long-distance performance.",46
2024,8,Model 2,V203,"Sporty compact SUV featuring a 1.5L turbo petrol engine, manual transmission, LED lighting, touchscreen navigation and dynamic styling for enthusiastic drivers.",76
2024,8,Model 2,V204,"Compact SUV with turbo petrol engine and automatic transmission, push-button start, automatic climate control, connected vehicle technology and premium comfort.",84
2024,8,Model 2,V205,"Hybrid compact SUV with 1.5L petrol hybrid engine, e-CVT transmission, regenerative braking, outstanding fuel economy, advanced safety systems and intelligent driving assistance.",85
2024,8,Model 2,V206,"All-electric compact SUV producing 150 kW, fast charging support, approximately 450 km driving range, regenerative braking and connected smart mobility features.",51
2024,8,Model 2,V207,"Premium AWD SUV with 2.0L turbo petrol engine, panoramic sunroof, leather upholstery, 360-degree camera, ADAS safety features and luxury interior.",62
2024,8,Model 2,V208,"Premium diesel SUV equipped with AWD, terrain response modes, seven-seat configuration, premium audio system and excellent highway capability.",66
2024,8,Model 2,V209,"Family SUV powered by a 2.0L turbo petrol engine, automatic transmission, digital instrument cluster, connected navigation and spacious seven-seat layout.",62
2024,8,Model 2,V210,"Hybrid family SUV offering advanced driver assistance, adaptive cruise control, premium comfort, efficient hybrid technology and smooth e-CVT transmission.",35
2024,8,Model 3,V301,"Executive sedan with 1.8L petrol engine, premium cabin, manual transmission, projector LED headlamps and elegant styling.",93
2024,8,Model 3,V302,"Executive automatic sedan with leather upholstery, dual-zone climate control, connected infotainment and refined ride quality.",46
2024,8,Model 3,V303,"Performance sedan featuring a 2.0L petrol engine, paddle shifters, sport suspension, 18-inch alloy wheels and responsive handling.",76
2024,8,Model 3,V304,"Luxury hybrid sedan with intelligent safety systems, premium interior, exceptional fuel efficiency and smooth e-CVT performance.",84
2024,8,Model 3,V305,"Performance edition sedan powered by a turbo petrol engine with premium infotainment, sport exhaust, wireless charging and athletic design.",85
2024,8,Model 3,V306,"Executive diesel sedan offering automatic transmission, spacious rear seating, superior ride comfort and long-distance efficiency.",51
2024,8,Model 3,V307,"Luxury petrol sedan with panoramic sunroof, premium leather interior, ten airbags, connected technology and refined driving dynamics.",62
2024,8,Model 3,V308,"Luxury hybrid sedan equipped with adaptive cruise control, ventilated seats, premium sound system and intelligent safety features.",66
2024,8,Model 3,V309,"Electric luxury sedan delivering approximately 550 km range, fast charging capability, connected vehicle platform and premium comfort.",62
2024,8,Model 3,V310,"High-performance dual-motor electric sedan capable of rapid acceleration, all-wheel drive, advanced driver assistance and cutting-edge technology.",35
2024,8,Model 4,V401,"Luxury seven-seat SUV with 2.5L petrol engine, AWD, panoramic sunroof, leather seats, premium infotainment and exceptional comfort.",55
2024,8,Model 4,V402,"Luxury diesel SUV with terrain management system, electronic parking brake, connected technology and spacious premium cabin.",14
2024,8,Model 4,V403,"Performance SUV featuring a 3.0L turbo petrol engine, adaptive suspension, AWD system and 20-inch alloy wheels.",48
2024,8,Model 4,V404,"Flagship luxury SUV powered by a 3.0L V6 petrol engine, ventilated seats, 360-degree camera, ADAS Level 2 and premium craftsmanship.",43
2024,8,Model 4,V405,"Flagship diesel SUV with air suspension, intelligent AWD, premium leather interior, advanced infotainment and executive comfort.",23
2024,8,Model 4,V406,"Dual-motor electric luxury SUV producing 300 kW, approximately 600 km driving range, ultra-fast charging, autonomous driving features and premium technology.",41
2024,8,Model 4,V407,"Performance electric SUV with dual-motor AWD, sports interior, rapid acceleration, intelligent safety systems and dynamic driving experience.",53
2024,8,Model 4,V408,"Flagship hybrid SUV powered by a 3.5L V6 hybrid engine, captain seats, panoramic glass roof, premium surround audio and comprehensive driver assistance.",52
2024,9,Model 1,V101,"Premium hatchback with a 1.2L petrol engine, 5-speed manual transmission, seating for five, dual airbags, ABS with EBD, LED DRLs, touchscreen infotainment, Apple CarPlay & Android Auto, excellent fuel efficiency and smooth city driving.",10
2024,9,Model 1,V102,"Premium hatchback powered by a 1.2L petrol engine with automatic transmission, reverse camera, cruise control, alloy wheels, automatic climate control and advanced infotainment for comfortable urban travel.",15
2024,9,Model 1,V103,"Mid-size sedan featuring a 1.5L petrol engine, manual transmission, spacious cabin, LED headlamps, rear AC vents, smart key access and balanced performance for everyday driving.",24
2024,9,Model 1,V104,"Premium sedan equipped with a 1.5L petrol engine and CVT automatic transmission, sunroof, wireless charging, connected car technology, six airbags and refined ride comfort.",15
2024,9,Model 2,V201,"Compact SUV powered by a 1.5L turbo diesel engine with manual gearbox, hill hold assist, rear parking sensors, 17-inch alloy wheels and practical family-oriented features.",40
2024,9,Model 2,V202,"Compact diesel SUV with automatic transmission, premium interior, electronic stability control, rear camera, ABS, spacious cabin and comfortable long-distance performance.",94
2024,9,Model 2,V203,"Sporty compact SUV featuring a 1.5L turbo petrol engine, manual transmission, LED lighting, touchscreen navigation and dynamic styling for enthusiastic drivers.",108
2024,9,Model 2,V204,"Compact SUV with turbo petrol engine and automatic transmission, push-button start, automatic climate control, connected vehicle technology and premium comfort.",62
2024,9,Model 2,V205,"Hybrid compact SUV with 1.5L petrol hybrid engine, e-CVT transmission, regenerative braking, outstanding fuel economy, advanced safety systems and intelligent driving assistance.",78
2024,9,Model 2,V206,"All-electric compact SUV producing 150 kW, fast charging support, approximately 450 km driving range, regenerative braking and connected smart mobility features.",40
2024,9,Model 2,V207,"Premium AWD SUV with 2.0L turbo petrol engine, panoramic sunroof, leather upholstery, 360-degree camera, ADAS safety features and luxury interior.",36
2024,9,Model 2,V208,"Premium diesel SUV equipped with AWD, terrain response modes, seven-seat configuration, premium audio system and excellent highway capability.",79
2024,9,Model 2,V209,"Family SUV powered by a 2.0L turbo petrol engine, automatic transmission, digital instrument cluster, connected navigation and spacious seven-seat layout.",119
2024,9,Model 2,V210,"Hybrid family SUV offering advanced driver assistance, adaptive cruise control, premium comfort, efficient hybrid technology and smooth e-CVT transmission.",125
2024,9,Model 3,V301,"Executive sedan with 1.8L petrol engine, premium cabin, manual transmission, projector LED headlamps and elegant styling.",40
2024,9,Model 3,V302,"Executive automatic sedan with leather upholstery, dual-zone climate control, connected infotainment and refined ride quality.",94
2024,9,Model 3,V303,"Performance sedan featuring a 2.0L petrol engine, paddle shifters, sport suspension, 18-inch alloy wheels and responsive handling.",108
2024,9,Model 3,V304,"Luxury hybrid sedan with intelligent safety systems, premium interior, exceptional fuel efficiency and smooth e-CVT performance.",62
2024,9,Model 3,V305,"Performance edition sedan powered by a turbo petrol engine with premium infotainment, sport exhaust, wireless charging and athletic design.",78
2024,9,Model 3,V306,"Executive diesel sedan offering automatic transmission, spacious rear seating, superior ride comfort and long-distance efficiency.",40
2024,9,Model 3,V307,"Luxury petrol sedan with panoramic sunroof, premium leather interior, ten airbags, connected technology and refined driving dynamics.",36
2024,9,Model 3,V308,"Luxury hybrid sedan equipped with adaptive cruise control, ventilated seats, premium sound system and intelligent safety features.",79
2024,9,Model 3,V309,"Electric luxury sedan delivering approximately 550 km range, fast charging capability, connected vehicle platform and premium comfort.",119
2024,9,Model 3,V310,"High-performance dual-motor electric sedan capable of rapid acceleration, all-wheel drive, advanced driver assistance and cutting-edge technology.",125
2024,9,Model 4,V401,"Luxury seven-seat SUV with 2.5L petrol engine, AWD, panoramic sunroof, leather seats, premium infotainment and exceptional comfort.",19
2024,9,Model 4,V402,"Luxury diesel SUV with terrain management system, electronic parking brake, connected technology and spacious premium cabin.",36
2024,9,Model 4,V403,"Performance SUV featuring a 3.0L turbo petrol engine, adaptive suspension, AWD system and 20-inch alloy wheels.",32
2024,9,Model 4,V404,"Flagship luxury SUV powered by a 3.0L V6 petrol engine, ventilated seats, 360-degree camera, ADAS Level 2 and premium craftsmanship.",45
2024,9,Model 4,V405,"Flagship diesel SUV with air suspension, intelligent AWD, premium leather interior, advanced infotainment and executive comfort.",59
2024,9,Model 4,V406,"Dual-motor electric luxury SUV producing 300 kW, approximately 600 km driving range, ultra-fast charging, autonomous driving features and premium technology.",52
2024,9,Model 4,V407,"Performance electric SUV with dual-motor AWD, sports interior, rapid acceleration, intelligent safety systems and dynamic driving experience.",51
2024,9,Model 4,V408,"Flagship hybrid SUV powered by a 3.5L V6 hybrid engine, captain seats, panoramic glass roof, premium surround audio and comprehensive driver assistance.",48
2024,10,Model 1,V101,"Premium hatchback with a 1.2L petrol engine, 5-speed manual transmission, seating for five, dual airbags, ABS with EBD, LED DRLs, touchscreen infotainment, Apple CarPlay & Android Auto, excellent fuel efficiency and smooth city driving.",17
2024,10,Model 1,V102,"Premium hatchback powered by a 1.2L petrol engine with automatic transmission, reverse camera, cruise control, alloy wheels, automatic climate control and advanced infotainment for comfortable urban travel.",34
2024,10,Model 1,V103,"Mid-size sedan featuring a 1.5L petrol engine, manual transmission, spacious cabin, LED headlamps, rear AC vents, smart key access and balanced performance for everyday driving.",32
2024,10,Model 1,V104,"Premium sedan equipped with a 1.5L petrol engine and CVT automatic transmission, sunroof, wireless charging, connected car technology, six airbags and refined ride comfort.",23
2024,10,Model 2,V201,"Compact SUV powered by a 1.5L turbo diesel engine with manual gearbox, hill hold assist, rear parking sensors, 17-inch alloy wheels and practical family-oriented features.",79
2024,10,Model 2,V202,"Compact diesel SUV with automatic transmission, premium interior, electronic stability control, rear camera, ABS, spacious cabin and comfortable long-distance performance.",64
2024,10,Model 2,V203,"Sporty compact SUV featuring a 1.5L turbo petrol engine, manual transmission, LED lighting, touchscreen navigation and dynamic styling for enthusiastic drivers.",105
2024,10,Model 2,V204,"Compact SUV with turbo petrol engine and automatic transmission, push-button start, automatic climate control, connected vehicle technology and premium comfort.",73
2024,10,Model 2,V205,"Hybrid compact SUV with 1.5L petrol hybrid engine, e-CVT transmission, regenerative braking, outstanding fuel economy, advanced safety systems and intelligent driving assistance.",129
2024,10,Model 2,V206,"All-electric compact SUV producing 150 kW, fast charging support, approximately 450 km driving range, regenerative braking and connected smart mobility features.",91
2024,10,Model 2,V207,"Premium AWD SUV with 2.0L turbo petrol engine, panoramic sunroof, leather upholstery, 360-degree camera, ADAS safety features and luxury interior.",78
2024,10,Model 2,V208,"Premium diesel SUV equipped with AWD, terrain response modes, seven-seat configuration, premium audio system and excellent highway capability.",46
2024,10,Model 2,V209,"Family SUV powered by a 2.0L turbo petrol engine, automatic transmission, digital instrument cluster, connected navigation and spacious seven-seat layout.",106
2024,10,Model 2,V210,"Hybrid family SUV offering advanced driver assistance, adaptive cruise control, premium comfort, efficient hybrid technology and smooth e-CVT transmission.",98
2024,10,Model 3,V301,"Executive sedan with 1.8L petrol engine, premium cabin, manual transmission, projector LED headlamps and elegant styling.",79
2024,10,Model 3,V302,"Executive automatic sedan with leather upholstery, dual-zone climate control, connected infotainment and refined ride quality.",64
2024,10,Model 3,V303,"Performance sedan featuring a 2.0L petrol engine, paddle shifters, sport suspension, 18-inch alloy wheels and responsive handling.",105
2024,10,Model 3,V304,"Luxury hybrid sedan with intelligent safety systems, premium interior, exceptional fuel efficiency and smooth e-CVT performance.",73
2024,10,Model 3,V305,"Performance edition sedan powered by a turbo petrol engine with premium infotainment, sport exhaust, wireless charging and athletic design.",129
2024,10,Model 3,V306,"Executive diesel sedan offering automatic transmission, spacious rear seating, superior ride comfort and long-distance efficiency.",91
2024,10,Model 3,V307,"Luxury petrol sedan with panoramic sunroof, premium leather interior, ten airbags, connected technology and refined driving dynamics.",78
2024,10,Model 3,V308,"Luxury hybrid sedan equipped with adaptive cruise control, ventilated seats, premium sound system and intelligent safety features.",46
2024,10,Model 3,V309,"Electric luxury sedan delivering approximately 550 km range, fast charging capability, connected vehicle platform and premium comfort.",106
2024,10,Model 3,V310,"High-performance dual-motor electric sedan capable of rapid acceleration, all-wheel drive, advanced driver assistance and cutting-edge technology.",98
2024,10,Model 4,V401,"Luxury seven-seat SUV with 2.5L petrol engine, AWD, panoramic sunroof, leather seats, premium infotainment and exceptional comfort.",67
2024,10,Model 4,V402,"Luxury diesel SUV with terrain management system, electronic parking brake, connected technology and spacious premium cabin.",77
2024,10,Model 4,V403,"Performance SUV featuring a 3.0L turbo petrol engine, adaptive suspension, AWD system and 20-inch alloy wheels.",84
2024,10,Model 4,V404,"Flagship luxury SUV powered by a 3.0L V6 petrol engine, ventilated seats, 360-degree camera, ADAS Level 2 and premium craftsmanship.",32
2024,10,Model 4,V405,"Flagship diesel SUV with air suspension, intelligent AWD, premium leather interior, advanced infotainment and executive comfort.",31
2024,10,Model 4,V406,"Dual-motor electric luxury SUV producing 300 kW, approximately 600 km driving range, ultra-fast charging, autonomous driving features and premium technology.",71
2024,10,Model 4,V407,"Performance electric SUV with dual-motor AWD, sports interior, rapid acceleration, intelligent safety systems and dynamic driving experience.",73
2024,10,Model 4,V408,"Flagship hybrid SUV powered by a 3.5L V6 hybrid engine, captain seats, panoramic glass roof, premium surround audio and comprehensive driver assistance.",51
2024,11,Model 1,V101,"Premium hatchback with a 1.2L petrol engine, 5-speed manual transmission, seating for five, dual airbags, ABS with EBD, LED DRLs, touchscreen infotainment, Apple CarPlay & Android Auto, excellent fuel efficiency and smooth city driving.",31
2024,11,Model 1,V102,"Premium hatchback powered by a 1.2L petrol engine with automatic transmission, reverse camera, cruise control, alloy wheels, automatic climate control and advanced infotainment for comfortable urban travel.",34
2024,11,Model 1,V103,"Mid-size sedan featuring a 1.5L petrol engine, manual transmission, spacious cabin, LED headlamps, rear AC vents, smart key access and balanced performance for everyday driving.",26
2024,11,Model 1,V104,"Premium sedan equipped with a 1.5L petrol engine and CVT automatic transmission, sunroof, wireless charging, connected car technology, six airbags and refined ride comfort.",14
2024,11,Model 2,V201,"Compact SUV powered by a 1.5L turbo diesel engine with manual gearbox, hill hold assist, rear parking sensors, 17-inch alloy wheels and practical family-oriented features.",118
2024,11,Model 2,V202,"Compact diesel SUV with automatic transmission, premium interior, electronic stability control, rear camera, ABS, spacious cabin and comfortable long-distance performance.",61
2024,11,Model 2,V203,"Sporty compact SUV featuring a 1.5L turbo petrol engine, manual transmission, LED lighting, touchscreen navigation and dynamic styling for enthusiastic drivers.",78
2024,11,Model 2,V204,"Compact SUV with turbo petrol engine and automatic transmission, push-button start, automatic climate control, connected vehicle technology and premium comfort.",69
2024,11,Model 2,V205,"Hybrid compact SUV with 1.5L petrol hybrid engine, e-CVT transmission, regenerative braking, outstanding fuel economy, advanced safety systems and intelligent driving assistance.",132
2024,11,Model 2,V206,"All-electric compact SUV producing 150 kW, fast charging support, approximately 450 km driving range, regenerative braking and connected smart mobility features.",103
2024,11,Model 2,V207,"Premium AWD SUV with 2.0L turbo petrol engine, panoramic sunroof, leather upholstery, 360-degree camera, ADAS safety features and luxury interior.",89
2024,11,Model 2,V208,"Premium diesel SUV equipped with AWD, terrain response modes, seven-seat configuration, premium audio system and excellent highway capability.",44
2024,11,Model 2,V209,"Family SUV powered by a 2.0L turbo petrol engine, automatic transmission, digital instrument cluster, connected navigation and spacious seven-seat layout.",91
2024,11,Model 2,V210,"Hybrid family SUV offering advanced driver assistance, adaptive cruise control, premium comfort, efficient hybrid technology and smooth e-CVT transmission.",115
2024,11,Model 3,V301,"Executive sedan with 1.8L petrol engine, premium cabin, manual transmission, projector LED headlamps and elegant styling.",118
2024,11,Model 3,V302,"Executive automatic sedan with leather upholstery, dual-zone climate control, connected infotainment and refined ride quality.",61
2024,11,Model 3,V303,"Performance sedan featuring a 2.0L petrol engine, paddle shifters, sport suspension, 18-inch alloy wheels and responsive handling.",78
2024,11,Model 3,V304,"Luxury hybrid sedan with intelligent safety systems, premium interior, exceptional fuel efficiency and smooth e-CVT performance.",69
2024,11,Model 3,V305,"Performance edition sedan powered by a turbo petrol engine with premium infotainment, sport exhaust, wireless charging and athletic design.",132
2024,11,Model 3,V306,"Executive diesel sedan offering automatic transmission, spacious rear seating, superior ride comfort and long-distance efficiency.",103
2024,11,Model 3,V307,"Luxury petrol sedan with panoramic sunroof, premium leather interior, ten airbags, connected technology and refined driving dynamics.",89
2024,11,Model 3,V308,"Luxury hybrid sedan equipped with adaptive cruise control, ventilated seats, premium sound system and intelligent safety features.",44
2024,11,Model 3,V309,"Electric luxury sedan delivering approximately 550 km range, fast charging capability, connected vehicle platform and premium comfort.",91
2024,11,Model 3,V310,"High-performance dual-motor electric sedan capable of rapid acceleration, all-wheel drive, advanced driver assistance and cutting-edge technology.",115
2024,11,Model 4,V401,"Luxury seven-seat SUV with 2.5L petrol engine, AWD, panoramic sunroof, leather seats, premium infotainment and exceptional comfort.",36
2024,11,Model 4,V402,"Luxury diesel SUV with terrain management system, electronic parking brake, connected technology and spacious premium cabin.",56
2024,11,Model 4,V403,"Performance SUV featuring a 3.0L turbo petrol engine, adaptive suspension, AWD system and 20-inch alloy wheels.",84
2024,11,Model 4,V404,"Flagship luxury SUV powered by a 3.0L V6 petrol engine, ventilated seats, 360-degree camera, ADAS Level 2 and premium craftsmanship.",39
2024,11,Model 4,V405,"Flagship diesel SUV with air suspension, intelligent AWD, premium leather interior, advanced infotainment and executive comfort.",45
2024,11,Model 4,V406,"Dual-motor electric luxury SUV producing 300 kW, approximately 600 km driving range, ultra-fast charging, autonomous driving features and premium technology.",42
2024,11,Model 4,V407,"Performance electric SUV with dual-motor AWD, sports interior, rapid acceleration, intelligent safety systems and dynamic driving experience.",68
2024,11,Model 4,V408,"Flagship hybrid SUV powered by a 3.5L V6 hybrid engine, captain seats, panoramic glass roof, premium surround audio and comprehensive driver assistance.",81
2024,12,Model 1,V101,"Premium hatchback with a 1.2L petrol engine, 5-speed manual transmission, seating for five, dual airbags, ABS with EBD, LED DRLs, touchscreen infotainment, Apple CarPlay & Android Auto, excellent fuel efficiency and smooth city driving.",37
2024,12,Model 1,V102,"Premium hatchback powered by a 1.2L petrol engine with automatic transmission, reverse camera, cruise control, alloy wheels, automatic climate control and advanced infotainment for comfortable urban travel.",11
2024,12,Model 1,V103,"Mid-size sedan featuring a 1.5L petrol engine, manual transmission, spacious cabin, LED headlamps, rear AC vents, smart key access and balanced performance for everyday driving.",23
2024,12,Model 1,V104,"Premium sedan equipped with a 1.5L petrol engine and CVT automatic transmission, sunroof, wireless charging, connected car technology, six airbags and refined ride comfort.",41
2024,12,Model 2,V201,"Compact SUV powered by a 1.5L turbo diesel engine with manual gearbox, hill hold assist, rear parking sensors, 17-inch alloy wheels and practical family-oriented features.",111
2024,12,Model 2,V202,"Compact diesel SUV with automatic transmission, premium interior, electronic stability control, rear camera, ABS, spacious cabin and comfortable long-distance performance.",87
2024,12,Model 2,V203,"Sporty compact SUV featuring a 1.5L turbo petrol engine, manual transmission, LED lighting, touchscreen navigation and dynamic styling for enthusiastic drivers.",54
2024,12,Model 2,V204,"Compact SUV with turbo petrol engine and automatic transmission, push-button start, automatic climate control, connected vehicle technology and premium comfort.",66
2024,12,Model 2,V205,"Hybrid compact SUV with 1.5L petrol hybrid engine, e-CVT transmission, regenerative braking, outstanding fuel economy, advanced safety systems and intelligent driving assistance.",130
2024,12,Model 2,V206,"All-electric compact SUV producing 150 kW, fast charging support, approximately 450 km driving range, regenerative braking and connected smart mobility features.",100
2024,12,Model 2,V207,"Premium AWD SUV with 2.0L turbo petrol engine, panoramic sunroof, leather upholstery, 360-degree camera, ADAS safety features and luxury interior.",73
2024,12,Model 2,V208,"Premium diesel SUV equipped with AWD, terrain response modes, seven-seat configuration, premium audio system and excellent highway capability.",118
2024,12,Model 2,V209,"Family SUV powered by a 2.0L turbo petrol engine, automatic transmission, digital instrument cluster, connected navigation and spacious seven-seat layout.",137
2024,12,Model 2,V210,"Hybrid family SUV offering advanced driver assistance, adaptive cruise control, premium comfort, efficient hybrid technology and smooth e-CVT transmission.",101
2024,12,Model 3,V301,"Executive sedan with 1.8L petrol engine, premium cabin, manual transmission, projector LED headlamps and elegant styling.",111
2024,12,Model 3,V302,"Executive automatic sedan with leather upholstery, dual-zone climate control, connected infotainment and refined ride quality.",87
2024,12,Model 3,V303,"Performance sedan featuring a 2.0L petrol engine, paddle shifters, sport suspension, 18-inch alloy wheels and responsive handling.",54
2024,12,Model 3,V304,"Luxury hybrid sedan with intelligent safety systems, premium interior, exceptional fuel efficiency and smooth e-CVT performance.",66
2024,12,Model 3,V305,"Performance edition sedan powered by a turbo petrol engine with premium infotainment, sport exhaust, wireless charging and athletic design.",130
2024,12,Model 3,V306,"Executive diesel sedan offering automatic transmission, spacious rear seating, superior ride comfort and long-distance efficiency.",100
2024,12,Model 3,V307,"Luxury petrol sedan with panoramic sunroof, premium leather interior, ten airbags, connected technology and refined driving dynamics.",73
2024,12,Model 3,V308,"Luxury hybrid sedan equipped with adaptive cruise control, ventilated seats, premium sound system and intelligent safety features.",118
2024,12,Model 3,V309,"Electric luxury sedan delivering approximately 550 km range, fast charging capability, connected vehicle platform and premium comfort.",137
2024,12,Model 3,V310,"High-performance dual-motor electric sedan capable of rapid acceleration, all-wheel drive, advanced driver assistance and cutting-edge technology.",101
2024,12,Model 4,V401,"Luxury seven-seat SUV with 2.5L petrol engine, AWD, panoramic sunroof, leather seats, premium infotainment and exceptional comfort.",78
2024,12,Model 4,V402,"Luxury diesel SUV with terrain management system, electronic parking brake, connected technology and spacious premium cabin.",26
2024,12,Model 4,V403,"Performance SUV featuring a 3.0L turbo petrol engine, adaptive suspension, AWD system and 20-inch alloy wheels.",73
2024,12,Model 4,V404,"Flagship luxury SUV powered by a 3.0L V6 petrol engine, ventilated seats, 360-degree camera, ADAS Level 2 and premium craftsmanship.",41
2024,12,Model 4,V405,"Flagship diesel SUV with air suspension, intelligent AWD, premium leather interior, advanced infotainment and executive comfort.",49
2024,12,Model 4,V406,"Dual-motor electric luxury SUV producing 300 kW, approximately 600 km driving range, ultra-fast charging, autonomous driving features and premium technology.",71
2024,12,Model 4,V407,"Performance electric SUV with dual-motor AWD, sports interior, rapid acceleration, intelligent safety systems and dynamic driving experience.",35
2024,12,Model 4,V408,"Flagship hybrid SUV powered by a 3.5L V6 hybrid engine, captain seats, panoramic glass roof, premium surround audio and comprehensive driver assistance.",35
2025,1,Model 1,V101,"Premium hatchback with a 1.2L petrol engine, 5-speed manual transmission, seating for five, dual airbags, ABS with EBD, LED DRLs, touchscreen infotainment, Apple CarPlay & Android Auto, excellent fuel efficiency and smooth city driving.",14
2025,1,Model 1,V102,"Premium hatchback powered by a 1.2L petrol engine with automatic transmission, reverse camera, cruise control, alloy wheels, automatic climate control and advanced infotainment for comfortable urban travel.",27
2025,1,Model 1,V103,"Mid-size sedan featuring a 1.5L petrol engine, manual transmission, spacious cabin, LED headlamps, rear AC vents, smart key access and balanced performance for everyday driving.",14
2025,1,Model 1,V104,"Premium sedan equipped with a 1.5L petrol engine and CVT automatic transmission, sunroof, wireless charging, connected car technology, six airbags and refined ride comfort.",26
2025,1,Model 2,V201,"Compact SUV powered by a 1.5L turbo diesel engine with manual gearbox, hill hold assist, rear parking sensors, 17-inch alloy wheels and practical family-oriented features.",129
2025,1,Model 2,V202,"Compact diesel SUV with automatic transmission, premium interior, electronic stability control, rear camera, ABS, spacious cabin and comfortable long-distance performance.",93
2025,1,Model 2,V203,"Sporty compact SUV featuring a 1.5L turbo petrol engine, manual transmission, LED lighting, touchscreen navigation and dynamic styling for enthusiastic drivers.",100
2025,1,Model 2,V204,"Compact SUV with turbo petrol engine and automatic transmission, push-button start, automatic climate control, connected vehicle technology and premium comfort.",120
2025,1,Model 2,V205,"Hybrid compact SUV with 1.5L petrol hybrid engine, e-CVT transmission, regenerative braking, outstanding fuel economy, advanced safety systems and intelligent driving assistance.",108
2025,1,Model 2,V206,"All-electric compact SUV producing 150 kW, fast charging support, approximately 450 km driving range, regenerative braking and connected smart mobility features.",118
2025,1,Model 2,V207,"Premium AWD SUV with 2.0L turbo petrol engine, panoramic sunroof, leather upholstery, 360-degree camera, ADAS safety features and luxury interior.",69
2025,1,Model 2,V208,"Premium diesel SUV equipped with AWD, terrain response modes, seven-seat configuration, premium audio system and excellent highway capability.",74
2025,1,Model 2,V209,"Family SUV powered by a 2.0L turbo petrol engine, automatic transmission, digital instrument cluster, connected navigation and spacious seven-seat layout.",127
2025,1,Model 2,V210,"Hybrid family SUV offering advanced driver assistance, adaptive cruise control, premium comfort, efficient hybrid technology and smooth e-CVT transmission.",48
2025,1,Model 3,V301,"Executive sedan with 1.8L petrol engine, premium cabin, manual transmission, projector LED headlamps and elegant styling.",129
2025,1,Model 3,V302,"Executive automatic sedan with leather upholstery, dual-zone climate control, connected infotainment and refined ride quality.",93
2025,1,Model 3,V303,"Performance sedan featuring a 2.0L petrol engine, paddle shifters, sport suspension, 18-inch alloy wheels and responsive handling.",100
2025,1,Model 3,V304,"Luxury hybrid sedan with intelligent safety systems, premium interior, exceptional fuel efficiency and smooth e-CVT performance.",120
2025,1,Model 3,V305,"Performance edition sedan powered by a turbo petrol engine with premium infotainment, sport exhaust, wireless charging and athletic design.",108
2025,1,Model 3,V306,"Executive diesel sedan offering automatic transmission, spacious rear seating, superior ride comfort and long-distance efficiency.",118
2025,1,Model 3,V307,"Luxury petrol sedan with panoramic sunroof, premium leather interior, ten airbags, connected technology and refined driving dynamics.",69
2025,1,Model 3,V308,"Luxury hybrid sedan equipped with adaptive cruise control, ventilated seats, premium sound system and intelligent safety features.",74
2025,1,Model 3,V309,"Electric luxury sedan delivering approximately 550 km range, fast charging capability, connected vehicle platform and premium comfort.",127
2025,1,Model 3,V310,"High-performance dual-motor electric sedan capable of rapid acceleration, all-wheel drive, advanced driver assistance and cutting-edge technology.",48
2025,1,Model 4,V401,"Luxury seven-seat SUV with 2.5L petrol engine, AWD, panoramic sunroof, leather seats, premium infotainment and exceptional comfort.",52
2025,1,Model 4,V402,"Luxury diesel SUV with terrain management system, electronic parking brake, connected technology and spacious premium cabin.",46
2025,1,Model 4,V403,"Performance SUV featuring a 3.0L turbo petrol engine, adaptive suspension, AWD system and 20-inch alloy wheels.",52
2025,1,Model 4,V404,"Flagship luxury SUV powered by a 3.0L V6 petrol engine, ventilated seats, 360-degree camera, ADAS Level 2 and premium craftsmanship.",66
2025,1,Model 4,V405,"Flagship diesel SUV with air suspension, intelligent AWD, premium leather interior, advanced infotainment and executive comfort.",40
2025,1,Model 4,V406,"Dual-motor electric luxury SUV producing 300 kW, approximately 600 km driving range, ultra-fast charging, autonomous driving features and premium technology.",17
2025,1,Model 4,V407,"Performance electric SUV with dual-motor AWD, sports interior, rapid acceleration, intelligent safety systems and dynamic driving experience.",55
2025,1,Model 4,V408,"Flagship hybrid SUV powered by a 3.5L V6 hybrid engine, captain seats, panoramic glass roof, premium surround audio and comprehensive driver assistance.",21
2025,2,Model 1,V101,"Premium hatchback with a 1.2L petrol engine, 5-speed manual transmission, seating for five, dual airbags, ABS with EBD, LED DRLs, touchscreen infotainment, Apple CarPlay & Android Auto, excellent fuel efficiency and smooth city driving.",11
2025,2,Model 1,V102,"Premium hatchback powered by a 1.2L petrol engine with automatic transmission, reverse camera, cruise control, alloy wheels, automatic climate control and advanced infotainment for comfortable urban travel.",30
2025,2,Model 1,V103,"Mid-size sedan featuring a 1.5L petrol engine, manual transmission, spacious cabin, LED headlamps, rear AC vents, smart key access and balanced performance for everyday driving.",28
2025,2,Model 1,V104,"Premium sedan equipped with a 1.5L petrol engine and CVT automatic transmission, sunroof, wireless charging, connected car technology, six airbags and refined ride comfort.",16
2025,2,Model 2,V201,"Compact SUV powered by a 1.5L turbo diesel engine with manual gearbox, hill hold assist, rear parking sensors, 17-inch alloy wheels and practical family-oriented features.",124
2025,2,Model 2,V202,"Compact diesel SUV with automatic transmission, premium interior, electronic stability control, rear camera, ABS, spacious cabin and comfortable long-distance performance.",118
2025,2,Model 2,V203,"Sporty compact SUV featuring a 1.5L turbo petrol engine, manual transmission, LED lighting, touchscreen navigation and dynamic styling for enthusiastic drivers.",59
2025,2,Model 2,V204,"Compact SUV with turbo petrol engine and automatic transmission, push-button start, automatic climate control, connected vehicle technology and premium comfort.",61
2025,2,Model 2,V205,"Hybrid compact SUV with 1.5L petrol hybrid engine, e-CVT transmission, regenerative braking, outstanding fuel economy, advanced safety systems and intelligent driving assistance.",86
2025,2,Model 2,V206,"All-electric compact SUV producing 150 kW, fast charging support, approximately 450 km driving range, regenerative braking and connected smart mobility features.",116
2025,2,Model 2,V207,"Premium AWD SUV with 2.0L turbo petrol engine, panoramic sunroof, leather upholstery, 360-degree camera, ADAS safety features and luxury interior.",104
2025,2,Model 2,V208,"Premium diesel SUV equipped with AWD, terrain response modes, seven-seat configuration, premium audio system and excellent highway capability.",53
2025,2,Model 2,V209,"Family SUV powered by a 2.0L turbo petrol engine, automatic transmission, digital instrument cluster, connected navigation and spacious seven-seat layout.",67
2025,2,Model 2,V210,"Hybrid family SUV offering advanced driver assistance, adaptive cruise control, premium comfort, efficient hybrid technology and smooth e-CVT transmission.",126
2025,2,Model 3,V301,"Executive sedan with 1.8L petrol engine, premium cabin, manual transmission, projector LED headlamps and elegant styling.",124
2025,2,Model 3,V302,"Executive automatic sedan with leather upholstery, dual-zone climate control, connected infotainment and refined ride quality.",118
2025,2,Model 3,V303,"Performance sedan featuring a 2.0L petrol engine, paddle shifters, sport suspension, 18-inch alloy wheels and responsive handling.",59
2025,2,Model 3,V304,"Luxury hybrid sedan with intelligent safety systems, premium interior, exceptional fuel efficiency and smooth e-CVT performance.",61
2025,2,Model 3,V305,"Performance edition sedan powered by a turbo petrol engine with premium infotainment, sport exhaust, wireless charging and athletic design.",86
2025,2,Model 3,V306,"Executive diesel sedan offering automatic transmission, spacious rear seating, superior ride comfort and long-distance efficiency.",116
2025,2,Model 3,V307,"Luxury petrol sedan with panoramic sunroof, premium leather interior, ten airbags, connected technology and refined driving dynamics.",104
2025,2,Model 3,V308,"Luxury hybrid sedan equipped with adaptive cruise control, ventilated seats, premium sound system and intelligent safety features.",53
2025,2,Model 3,V309,"Electric luxury sedan delivering approximately 550 km range, fast charging capability, connected vehicle platform and premium comfort.",67
2025,2,Model 3,V310,"High-performance dual-motor electric sedan capable of rapid acceleration, all-wheel drive, advanced driver assistance and cutting-edge technology.",126
2025,2,Model 4,V401,"Luxury seven-seat SUV with 2.5L petrol engine, AWD, panoramic sunroof, leather seats, premium infotainment and exceptional comfort.",49
2025,2,Model 4,V402,"Luxury diesel SUV with terrain management system, electronic parking brake, connected technology and spacious premium cabin.",19
2025,2,Model 4,V403,"Performance SUV featuring a 3.0L turbo petrol engine, adaptive suspension, AWD system and 20-inch alloy wheels.",51
2025,2,Model 4,V404,"Flagship luxury SUV powered by a 3.0L V6 petrol engine, ventilated seats, 360-degree camera, ADAS Level 2 and premium craftsmanship.",46
2025,2,Model 4,V405,"Flagship diesel SUV with air suspension, intelligent AWD, premium leather interior, advanced infotainment and executive comfort.",16
2025,2,Model 4,V406,"Dual-motor electric luxury SUV producing 300 kW, approximately 600 km driving range, ultra-fast charging, autonomous driving features and premium technology.",47
2025,2,Model 4,V407,"Performance electric SUV with dual-motor AWD, sports interior, rapid acceleration, intelligent safety systems and dynamic driving experience.",22
2025,2,Model 4,V408,"Flagship hybrid SUV powered by a 3.5L V6 hybrid engine, captain seats, panoramic glass roof, premium surround audio and comprehensive driver assistance.",51
2025,3,Model 1,V101,"Premium hatchback with a 1.2L petrol engine, 5-speed manual transmission, seating for five, dual airbags, ABS with EBD, LED DRLs, touchscreen infotainment, Apple CarPlay & Android Auto, excellent fuel efficiency and smooth city driving.",31
2025,3,Model 1,V102,"Premium hatchback powered by a 1.2L petrol engine with automatic transmission, reverse camera, cruise control, alloy wheels, automatic climate control and advanced infotainment for comfortable urban travel.",33
2025,3,Model 1,V103,"Mid-size sedan featuring a 1.5L petrol engine, manual transmission, spacious cabin, LED headlamps, rear AC vents, smart key access and balanced performance for everyday driving.",38
2025,3,Model 1,V104,"Premium sedan equipped with a 1.5L petrol engine and CVT automatic transmission, sunroof, wireless charging, connected car technology, six airbags and refined ride comfort.",14
2025,3,Model 2,V201,"Compact SUV powered by a 1.5L turbo diesel engine with manual gearbox, hill hold assist, rear parking sensors, 17-inch alloy wheels and practical family-oriented features.",152
2025,3,Model 2,V202,"Compact diesel SUV with automatic transmission, premium interior, electronic stability control, rear camera, ABS, spacious cabin and comfortable long-distance performance.",134
2025,3,Model 2,V203,"Sporty compact SUV featuring a 1.5L turbo petrol engine, manual transmission, LED lighting, touchscreen navigation and dynamic styling for enthusiastic drivers.",104
2025,3,Model 2,V204,"Compact SUV with turbo petrol engine and automatic transmission, push-button start, automatic climate control, connected vehicle technology and premium comfort.",49
2025,3,Model 2,V205,"Hybrid compact SUV with 1.5L petrol hybrid engine, e-CVT transmission, regenerative braking, outstanding fuel economy, advanced safety systems and intelligent driving assistance.",121
2025,3,Model 2,V206,"All-electric compact SUV producing 150 kW, fast charging support, approximately 450 km driving range, regenerative braking and connected smart mobility features.",94
2025,3,Model 2,V207,"Premium AWD SUV with 2.0L turbo petrol engine, panoramic sunroof, leather upholstery, 360-degree camera, ADAS safety features and luxury interior.",45
2025,3,Model 2,V208,"Premium diesel SUV equipped with AWD, terrain response modes, seven-seat configuration, premium audio system and excellent highway capability.",86
2025,3,Model 2,V209,"Family SUV powered by a 2.0L turbo petrol engine, automatic transmission, digital instrument cluster, connected navigation and spacious seven-seat layout.",156
2025,3,Model 2,V210,"Hybrid family SUV offering advanced driver assistance, adaptive cruise control, premium comfort, efficient hybrid technology and smooth e-CVT transmission.",59
2025,3,Model 3,V301,"Executive sedan with 1.8L petrol engine, premium cabin, manual transmission, projector LED headlamps and elegant styling.",152
2025,3,Model 3,V302,"Executive automatic sedan with leather upholstery, dual-zone climate control, connected infotainment and refined ride quality.",134
2025,3,Model 3,V303,"Performance sedan featuring a 2.0L petrol engine, paddle shifters, sport suspension, 18-inch alloy wheels and responsive handling.",104
2025,3,Model 3,V304,"Luxury hybrid sedan with intelligent safety systems, premium interior, exceptional fuel efficiency and smooth e-CVT performance.",49
2025,3,Model 3,V305,"Performance edition sedan powered by a turbo petrol engine with premium infotainment, sport exhaust, wireless charging and athletic design.",121
2025,3,Model 3,V306,"Executive diesel sedan offering automatic transmission, spacious rear seating, superior ride comfort and long-distance efficiency.",94
2025,3,Model 3,V307,"Luxury petrol sedan with panoramic sunroof, premium leather interior, ten airbags, connected technology and refined driving dynamics.",45
2025,3,Model 3,V308,"Luxury hybrid sedan equipped with adaptive cruise control, ventilated seats, premium sound system and intelligent safety features.",86
2025,3,Model 3,V309,"Electric luxury sedan delivering approximately 550 km range, fast charging capability, connected vehicle platform and premium comfort.",156
2025,3,Model 3,V310,"High-performance dual-motor electric sedan capable of rapid acceleration, all-wheel drive, advanced driver assistance and cutting-edge technology.",59
2025,3,Model 4,V401,"Luxury seven-seat SUV with 2.5L petrol engine, AWD, panoramic sunroof, leather seats, premium infotainment and exceptional comfort.",19
2025,3,Model 4,V402,"Luxury diesel SUV with terrain management system, electronic parking brake, connected technology and spacious premium cabin.",55
2025,3,Model 4,V403,"Performance SUV featuring a 3.0L turbo petrol engine, adaptive suspension, AWD system and 20-inch alloy wheels.",48
2025,3,Model 4,V404,"Flagship luxury SUV powered by a 3.0L V6 petrol engine, ventilated seats, 360-degree camera, ADAS Level 2 and premium craftsmanship.",82
2025,3,Model 4,V405,"Flagship diesel SUV with air suspension, intelligent AWD, premium leather interior, advanced infotainment and executive comfort.",21
2025,3,Model 4,V406,"Dual-motor electric luxury SUV producing 300 kW, approximately 600 km driving range, ultra-fast charging, autonomous driving features and premium technology.",67
2025,3,Model 4,V407,"Performance electric SUV with dual-motor AWD, sports interior, rapid acceleration, intelligent safety systems and dynamic driving experience.",20
2025,3,Model 4,V408,"Flagship hybrid SUV powered by a 3.5L V6 hybrid engine, captain seats, panoramic glass roof, premium surround audio and comprehensive driver assistance.",21
2025,4,Model 1,V101,"Premium hatchback with a 1.2L petrol engine, 5-speed manual transmission, seating for five, dual airbags, ABS with EBD, LED DRLs, touchscreen infotainment, Apple CarPlay & Android Auto, excellent fuel efficiency and smooth city driving.",34
2025,4,Model 1,V102,"Premium hatchback powered by a 1.2L petrol engine with automatic transmission, reverse camera, cruise control, alloy wheels, automatic climate control and advanced infotainment for comfortable urban travel.",13
2025,4,Model 1,V103,"Mid-size sedan featuring a 1.5L petrol engine, manual transmission, spacious cabin, LED headlamps, rear AC vents, smart key access and balanced performance for everyday driving.",25
2025,4,Model 1,V104,"Premium sedan equipped with a 1.5L petrol engine and CVT automatic transmission, sunroof, wireless charging, connected car technology, six airbags and refined ride comfort.",31
2025,4,Model 2,V201,"Compact SUV powered by a 1.5L turbo diesel engine with manual gearbox, hill hold assist, rear parking sensors, 17-inch alloy wheels and practical family-oriented features.",80
2025,4,Model 2,V202,"Compact diesel SUV with automatic transmission, premium interior, electronic stability control, rear camera, ABS, spacious cabin and comfortable long-distance performance.",71
2025,4,Model 2,V203,"Sporty compact SUV featuring a 1.5L turbo petrol engine, manual transmission, LED lighting, touchscreen navigation and dynamic styling for enthusiastic drivers.",125
2025,4,Model 2,V204,"Compact SUV with turbo petrol engine and automatic transmission, push-button start, automatic climate control, connected vehicle technology and premium comfort.",116
2025,4,Model 2,V205,"Hybrid compact SUV with 1.5L petrol hybrid engine, e-CVT transmission, regenerative braking, outstanding fuel economy, advanced safety systems and intelligent driving assistance.",118
2025,4,Model 2,V206,"All-electric compact SUV producing 150 kW, fast charging support, approximately 450 km driving range, regenerative braking and connected smart mobility features.",131
2025,4,Model 2,V207,"Premium AWD SUV with 2.0L turbo petrol engine, panoramic sunroof, leather upholstery, 360-degree camera, ADAS safety features and luxury interior.",117
2025,4,Model 2,V208,"Premium diesel SUV equipped with AWD, terrain response modes, seven-seat configuration, premium audio system and excellent highway capability.",117
2025,4,Model 2,V209,"Family SUV powered by a 2.0L turbo petrol engine, automatic transmission, digital instrument cluster, connected navigation and spacious seven-seat layout.",60
2025,4,Model 2,V210,"Hybrid family SUV offering advanced driver assistance, adaptive cruise control, premium comfort, efficient hybrid technology and smooth e-CVT transmission.",149
2025,4,Model 3,V301,"Executive sedan with 1.8L petrol engine, premium cabin, manual transmission, projector LED headlamps and elegant styling.",80
2025,4,Model 3,V302,"Executive automatic sedan with leather upholstery, dual-zone climate control, connected infotainment and refined ride quality.",71
2025,4,Model 3,V303,"Performance sedan featuring a 2.0L petrol engine, paddle shifters, sport suspension, 18-inch alloy wheels and responsive handling.",125
2025,4,Model 3,V304,"Luxury hybrid sedan with intelligent safety systems, premium interior, exceptional fuel efficiency and smooth e-CVT performance.",116
2025,4,Model 3,V305,"Performance edition sedan powered by a turbo petrol engine with premium infotainment, sport exhaust, wireless charging and athletic design.",118
2025,4,Model 3,V306,"Executive diesel sedan offering automatic transmission, spacious rear seating, superior ride comfort and long-distance efficiency.",131
2025,4,Model 3,V307,"Luxury petrol sedan with panoramic sunroof, premium leather interior, ten airbags, connected technology and refined driving dynamics.",117
2025,4,Model 3,V308,"Luxury hybrid sedan equipped with adaptive cruise control, ventilated seats, premium sound system and intelligent safety features.",117
2025,4,Model 3,V309,"Electric luxury sedan delivering approximately 550 km range, fast charging capability, connected vehicle platform and premium comfort.",60
2025,4,Model 3,V310,"High-performance dual-motor electric sedan capable of rapid acceleration, all-wheel drive, advanced driver assistance and cutting-edge technology.",149
2025,4,Model 4,V401,"Luxury seven-seat SUV with 2.5L petrol engine, AWD, panoramic sunroof, leather seats, premium infotainment and exceptional comfort.",28
2025,4,Model 4,V402,"Luxury diesel SUV with terrain management system, electronic parking brake, connected technology and spacious premium cabin.",77
2025,4,Model 4,V403,"Performance SUV featuring a 3.0L turbo petrol engine, adaptive suspension, AWD system and 20-inch alloy wheels.",48
2025,4,Model 4,V404,"Flagship luxury SUV powered by a 3.0L V6 petrol engine, ventilated seats, 360-degree camera, ADAS Level 2 and premium craftsmanship.",26
2025,4,Model 4,V405,"Flagship diesel SUV with air suspension, intelligent AWD, premium leather interior, advanced infotainment and executive comfort.",32
2025,4,Model 4,V406,"Dual-motor electric luxury SUV producing 300 kW, approximately 600 km driving range, ultra-fast charging, autonomous driving features and premium technology.",66
2025,4,Model 4,V407,"Performance electric SUV with dual-motor AWD, sports interior, rapid acceleration, intelligent safety systems and dynamic driving experience.",53
2025,4,Model 4,V408,"Flagship hybrid SUV powered by a 3.5L V6 hybrid engine, captain seats, panoramic glass roof, premium surround audio and comprehensive driver assistance.",65
2025,5,Model 1,V101,"Premium hatchback with a 1.2L petrol engine, 5-speed manual transmission, seating for five, dual airbags, ABS with EBD, LED DRLs, touchscreen infotainment, Apple CarPlay & Android Auto, excellent fuel efficiency and smooth city driving.",17
2025,5,Model 1,V102,"Premium hatchback powered by a 1.2L petrol engine with automatic transmission, reverse camera, cruise control, alloy wheels, automatic climate control and advanced infotainment for comfortable urban travel.",22
2025,5,Model 1,V103,"Mid-size sedan featuring a 1.5L petrol engine, manual transmission, spacious cabin, LED headlamps, rear AC vents, smart key access and balanced performance for everyday driving.",11
2025,5,Model 1,V104,"Premium sedan equipped with a 1.5L petrol engine and CVT automatic transmission, sunroof, wireless charging, connected car technology, six airbags and refined ride comfort.",12
2025,5,Model 2,V201,"Compact SUV powered by a 1.5L turbo diesel engine with manual gearbox, hill hold assist, rear parking sensors, 17-inch alloy wheels and practical family-oriented features.",102
2025,5,Model 2,V202,"Compact diesel SUV with automatic transmission, premium interior, electronic stability control, rear camera, ABS, spacious cabin and comfortable long-distance performance.",134
2025,5,Model 2,V203,"Sporty compact SUV featuring a 1.5L turbo petrol engine, manual transmission, LED lighting, touchscreen navigation and dynamic styling for enthusiastic drivers.",149
2025,5,Model 2,V204,"Compact SUV with turbo petrol engine and automatic transmission, push-button start, automatic climate control, connected vehicle technology and premium comfort.",126
2025,5,Model 2,V205,"Hybrid compact SUV with 1.5L petrol hybrid engine, e-CVT transmission, regenerative braking, outstanding fuel economy, advanced safety systems and intelligent driving assistance.",147
2025,5,Model 2,V206,"All-electric compact SUV producing 150 kW, fast charging support, approximately 450 km driving range, regenerative braking and connected smart mobility features.",118
2025,5,Model 2,V207,"Premium AWD SUV with 2.0L turbo petrol engine, panoramic sunroof, leather upholstery, 360-degree camera, ADAS safety features and luxury interior.",89
2025,5,Model 2,V208,"Premium diesel SUV equipped with AWD, terrain response modes, seven-seat configuration, premium audio system and excellent highway capability.",92
2025,5,Model 2,V209,"Family SUV powered by a 2.0L turbo petrol engine, automatic transmission, digital instrument cluster, connected navigation and spacious seven-seat layout.",133
2025,5,Model 2,V210,"Hybrid family SUV offering advanced driver assistance, adaptive cruise control, premium comfort, efficient hybrid technology and smooth e-CVT transmission.",111
2025,5,Model 3,V301,"Executive sedan with 1.8L petrol engine, premium cabin, manual transmission, projector LED headlamps and elegant styling.",102
2025,5,Model 3,V302,"Executive automatic sedan with leather upholstery, dual-zone climate control, connected infotainment and refined ride quality.",134
2025,5,Model 3,V303,"Performance sedan featuring a 2.0L petrol engine, paddle shifters, sport suspension, 18-inch alloy wheels and responsive handling.",149
2025,5,Model 3,V304,"Luxury hybrid sedan with intelligent safety systems, premium interior, exceptional fuel efficiency and smooth e-CVT performance.",126
2025,5,Model 3,V305,"Performance edition sedan powered by a turbo petrol engine with premium infotainment, sport exhaust, wireless charging and athletic design.",147
2025,5,Model 3,V306,"Executive diesel sedan offering automatic transmission, spacious rear seating, superior ride comfort and long-distance efficiency.",118
2025,5,Model 3,V307,"Luxury petrol sedan with panoramic sunroof, premium leather interior, ten airbags, connected technology and refined driving dynamics.",89
2025,5,Model 3,V308,"Luxury hybrid sedan equipped with adaptive cruise control, ventilated seats, premium sound system and intelligent safety features.",92
2025,5,Model 3,V309,"Electric luxury sedan delivering approximately 550 km range, fast charging capability, connected vehicle platform and premium comfort.",133
2025,5,Model 3,V310,"High-performance dual-motor electric sedan capable of rapid acceleration, all-wheel drive, advanced driver assistance and cutting-edge technology.",111
2025,5,Model 4,V401,"Luxury seven-seat SUV with 2.5L petrol engine, AWD, panoramic sunroof, leather seats, premium infotainment and exceptional comfort.",29
2025,5,Model 4,V402,"Luxury diesel SUV with terrain management system, electronic parking brake, connected technology and spacious premium cabin.",41
2025,5,Model 4,V403,"Performance SUV featuring a 3.0L turbo petrol engine, adaptive suspension, AWD system and 20-inch alloy wheels.",33
2025,5,Model 4,V404,"Flagship luxury SUV powered by a 3.0L V6 petrol engine, ventilated seats, 360-degree camera, ADAS Level 2 and premium craftsmanship.",84
2025,5,Model 4,V405,"Flagship diesel SUV with air suspension, intelligent AWD, premium leather interior, advanced infotainment and executive comfort.",88
2025,5,Model 4,V406,"Dual-motor electric luxury SUV producing 300 kW, approximately 600 km driving range, ultra-fast charging, autonomous driving features and premium technology.",26
2025,5,Model 4,V407,"Performance electric SUV with dual-motor AWD, sports interior, rapid acceleration, intelligent safety systems and dynamic driving experience.",18
2025,5,Model 4,V408,"Flagship hybrid SUV powered by a 3.5L V6 hybrid engine, captain seats, panoramic glass roof, premium surround audio and comprehensive driver assistance.",78
2025,6,Model 1,V101,"Premium hatchback with a 1.2L petrol engine, 5-speed manual transmission, seating for five, dual airbags, ABS with EBD, LED DRLs, touchscreen infotainment, Apple CarPlay & Android Auto, excellent fuel efficiency and smooth city driving.",24
2025,6,Model 1,V102,"Premium hatchback powered by a 1.2L petrol engine with automatic transmission, reverse camera, cruise control, alloy wheels, automatic climate control and advanced infotainment for comfortable urban travel.",32
2025,6,Model 1,V103,"Mid-size sedan featuring a 1.5L petrol engine, manual transmission, spacious cabin, LED headlamps, rear AC vents, smart key access and balanced performance for everyday driving.",10
2025,6,Model 1,V104,"Premium sedan equipped with a 1.5L petrol engine and CVT automatic transmission, sunroof, wireless charging, connected car technology, six airbags and refined ride comfort.",18
2025,6,Model 2,V201,"Compact SUV powered by a 1.5L turbo diesel engine with manual gearbox, hill hold assist, rear parking sensors, 17-inch alloy wheels and practical family-oriented features.",67
2025,6,Model 2,V202,"Compact diesel SUV with automatic transmission, premium interior, electronic stability control, rear camera, ABS, spacious cabin and comfortable long-distance performance.",46
2025,6,Model 2,V203,"Sporty compact SUV featuring a 1.5L turbo petrol engine, manual transmission, LED lighting, touchscreen navigation and dynamic styling for enthusiastic drivers.",51
2025,6,Model 2,V204,"Compact SUV with turbo petrol engine and automatic transmission, push-button start, automatic climate control, connected vehicle technology and premium comfort.",127
2025,6,Model 2,V205,"Hybrid compact SUV with 1.5L petrol hybrid engine, e-CVT transmission, regenerative braking, outstanding fuel economy, advanced safety systems and intelligent driving assistance.",41
2025,6,Model 2,V206,"All-electric compact SUV producing 150 kW, fast charging support, approximately 450 km driving range, regenerative braking and connected smart mobility features.",104
2025,6,Model 2,V207,"Premium AWD SUV with 2.0L turbo petrol engine, panoramic sunroof, leather upholstery, 360-degree camera, ADAS safety features and luxury interior.",128
2025,6,Model 2,V208,"Premium diesel SUV equipped with AWD, terrain response modes, seven-seat configuration, premium audio system and excellent highway capability.",43
2025,6,Model 2,V209,"Family SUV powered by a 2.0L turbo petrol engine, automatic transmission, digital instrument cluster, connected navigation and spacious seven-seat layout.",73
2025,6,Model 2,V210,"Hybrid family SUV offering advanced driver assistance, adaptive cruise control, premium comfort, efficient hybrid technology and smooth e-CVT transmission.",42
2025,6,Model 3,V301,"Executive sedan with 1.8L petrol engine, premium cabin, manual transmission, projector LED headlamps and elegant styling.",67
2025,6,Model 3,V302,"Executive automatic sedan with leather upholstery, dual-zone climate control, connected infotainment and refined ride quality.",46
2025,6,Model 3,V303,"Performance sedan featuring a 2.0L petrol engine, paddle shifters, sport suspension, 18-inch alloy wheels and responsive handling.",51
2025,6,Model 3,V304,"Luxury hybrid sedan with intelligent safety systems, premium interior, exceptional fuel efficiency and smooth e-CVT performance.",127
2025,6,Model 3,V305,"Performance edition sedan powered by a turbo petrol engine with premium infotainment, sport exhaust, wireless charging and athletic design.",41
2025,6,Model 3,V306,"Executive diesel sedan offering automatic transmission, spacious rear seating, superior ride comfort and long-distance efficiency.",104
2025,6,Model 3,V307,"Luxury petrol sedan with panoramic sunroof, premium leather interior, ten airbags, connected technology and refined driving dynamics.",128
2025,6,Model 3,V308,"Luxury hybrid sedan equipped with adaptive cruise control, ventilated seats, premium sound system and intelligent safety features.",43
2025,6,Model 3,V309,"Electric luxury sedan delivering approximately 550 km range, fast charging capability, connected vehicle platform and premium comfort.",73
2025,6,Model 3,V310,"High-performance dual-motor electric sedan capable of rapid acceleration, all-wheel drive, advanced driver assistance and cutting-edge technology.",42
2025,6,Model 4,V401,"Luxury seven-seat SUV with 2.5L petrol engine, AWD, panoramic sunroof, leather seats, premium infotainment and exceptional comfort.",42
2025,6,Model 4,V402,"Luxury diesel SUV with terrain management system, electronic parking brake, connected technology and spacious premium cabin.",46
2025,6,Model 4,V403,"Performance SUV featuring a 3.0L turbo petrol engine, adaptive suspension, AWD system and 20-inch alloy wheels.",30
2025,6,Model 4,V404,"Flagship luxury SUV powered by a 3.0L V6 petrol engine, ventilated seats, 360-degree camera, ADAS Level 2 and premium craftsmanship.",53
2025,6,Model 4,V405,"Flagship diesel SUV with air suspension, intelligent AWD, premium leather interior, advanced infotainment and executive comfort.",28
2025,6,Model 4,V406,"Dual-motor electric luxury SUV producing 300 kW, approximately 600 km driving range, ultra-fast charging, autonomous driving features and premium technology.",69
2025,6,Model 4,V407,"Performance electric SUV with dual-motor AWD, sports interior, rapid acceleration, intelligent safety systems and dynamic driving experience.",71
2025,6,Model 4,V408,"Flagship hybrid SUV powered by a 3.5L V6 hybrid engine, captain seats, panoramic glass roof, premium surround audio and comprehensive driver assistance.",16
2025,7,Model 1,V101,"Premium hatchback with a 1.2L petrol engine, 5-speed manual transmission, seating for five, dual airbags, ABS with EBD, LED DRLs, touchscreen infotainment, Apple CarPlay & Android Auto, excellent fuel efficiency and smooth city driving.",11
2025,7,Model 1,V102,"Premium hatchback powered by a 1.2L petrol engine with automatic transmission, reverse camera, cruise control, alloy wheels, automatic climate control and advanced infotainment for comfortable urban travel.",23
2025,7,Model 1,V103,"Mid-size sedan featuring a 1.5L petrol engine, manual transmission, spacious cabin, LED headlamps, rear AC vents, smart key access and balanced performance for everyday driving.",16
2025,7,Model 1,V104,"Premium sedan equipped with a 1.5L petrol engine and CVT automatic transmission, sunroof, wireless charging, connected car technology, six airbags and refined ride comfort.",14
2025,7,Model 2,V201,"Compact SUV powered by a 1.5L turbo diesel engine with manual gearbox, hill hold assist, rear parking sensors, 17-inch alloy wheels and practical family-oriented features.",99
2025,7,Model 2,V202,"Compact diesel SUV with automatic transmission, premium interior, electronic stability control, rear camera, ABS, spacious cabin and comfortable long-distance performance.",68
2025,7,Model 2,V203,"Sporty compact SUV featuring a 1.5L turbo petrol engine, manual transmission, LED lighting, touchscreen navigation and dynamic styling for enthusiastic drivers.",99
2025,7,Model 2,V204,"Compact SUV with turbo petrol engine and automatic transmission, push-button start, automatic climate control, connected vehicle technology and premium comfort.",102
2025,7,Model 2,V205,"Hybrid compact SUV with 1.5L petrol hybrid engine, e-CVT transmission, regenerative braking, outstanding fuel economy, advanced safety systems and intelligent driving assistance.",68
2025,7,Model 2,V206,"All-electric compact SUV producing 150 kW, fast charging support, approximately 450 km driving range, regenerative braking and connected smart mobility features.",58
2025,7,Model 2,V207,"Premium AWD SUV with 2.0L turbo petrol engine, panoramic sunroof, leather upholstery, 360-degree camera, ADAS safety features and luxury interior.",66
2025,7,Model 2,V208,"Premium diesel SUV equipped with AWD, terrain response modes, seven-seat configuration, premium audio system and excellent highway capability.",46
2025,7,Model 2,V209,"Family SUV powered by a 2.0L turbo petrol engine, automatic transmission, digital instrument cluster, connected navigation and spacious seven-seat layout.",93
2025,7,Model 2,V210,"Hybrid family SUV offering advanced driver assistance, adaptive cruise control, premium comfort, efficient hybrid technology and smooth e-CVT transmission.",56
2025,7,Model 3,V301,"Executive sedan with 1.8L petrol engine, premium cabin, manual transmission, projector LED headlamps and elegant styling.",99
2025,7,Model 3,V302,"Executive automatic sedan with leather upholstery, dual-zone climate control, connected infotainment and refined ride quality.",68
2025,7,Model 3,V303,"Performance sedan featuring a 2.0L petrol engine, paddle shifters, sport suspension, 18-inch alloy wheels and responsive handling.",99
2025,7,Model 3,V304,"Luxury hybrid sedan with intelligent safety systems, premium interior, exceptional fuel efficiency and smooth e-CVT performance.",102
2025,7,Model 3,V305,"Performance edition sedan powered by a turbo petrol engine with premium infotainment, sport exhaust, wireless charging and athletic design.",68
2025,7,Model 3,V306,"Executive diesel sedan offering automatic transmission, spacious rear seating, superior ride comfort and long-distance efficiency.",58
2025,7,Model 3,V307,"Luxury petrol sedan with panoramic sunroof, premium leather interior, ten airbags, connected technology and refined driving dynamics.",66
2025,7,Model 3,V308,"Luxury hybrid sedan equipped with adaptive cruise control, ventilated seats, premium sound system and intelligent safety features.",46
2025,7,Model 3,V309,"Electric luxury sedan delivering approximately 550 km range, fast charging capability, connected vehicle platform and premium comfort.",93
2025,7,Model 3,V310,"High-performance dual-motor electric sedan capable of rapid acceleration, all-wheel drive, advanced driver assistance and cutting-edge technology.",56
2025,7,Model 4,V401,"Luxury seven-seat SUV with 2.5L petrol engine, AWD, panoramic sunroof, leather seats, premium infotainment and exceptional comfort.",35
2025,7,Model 4,V402,"Luxury diesel SUV with terrain management system, electronic parking brake, connected technology and spacious premium cabin.",28
2025,7,Model 4,V403,"Performance SUV featuring a 3.0L turbo petrol engine, adaptive suspension, AWD system and 20-inch alloy wheels.",26
2025,7,Model 4,V404,"Flagship luxury SUV powered by a 3.0L V6 petrol engine, ventilated seats, 360-degree camera, ADAS Level 2 and premium craftsmanship.",13
2025,7,Model 4,V405,"Flagship diesel SUV with air suspension, intelligent AWD, premium leather interior, advanced infotainment and executive comfort.",44
2025,7,Model 4,V406,"Dual-motor electric luxury SUV producing 300 kW, approximately 600 km driving range, ultra-fast charging, autonomous driving features and premium technology.",46
2025,7,Model 4,V407,"Performance electric SUV with dual-motor AWD, sports interior, rapid acceleration, intelligent safety systems and dynamic driving experience.",55
2025,7,Model 4,V408,"Flagship hybrid SUV powered by a 3.5L V6 hybrid engine, captain seats, panoramic glass roof, premium surround audio and comprehensive driver assistance.",20
2025,8,Model 1,V101,"Premium hatchback with a 1.2L petrol engine, 5-speed manual transmission, seating for five, dual airbags, ABS with EBD, LED DRLs, touchscreen infotainment, Apple CarPlay & Android Auto, excellent fuel efficiency and smooth city driving.",26
2025,8,Model 1,V102,"Premium hatchback powered by a 1.2L petrol engine with automatic transmission, reverse camera, cruise control, alloy wheels, automatic climate control and advanced infotainment for comfortable urban travel.",28
2025,8,Model 1,V103,"Mid-size sedan featuring a 1.5L petrol engine, manual transmission, spacious cabin, LED headlamps, rear AC vents, smart key access and balanced performance for everyday driving.",20
2025,8,Model 1,V104,"Premium sedan equipped with a 1.5L petrol engine and CVT automatic transmission, sunroof, wireless charging, connected car technology, six airbags and refined ride comfort.",24
2025,8,Model 2,V201,"Compact SUV powered by a 1.5L turbo diesel engine with manual gearbox, hill hold assist, rear parking sensors, 17-inch alloy wheels and practical family-oriented features.",89
2025,8,Model 2,V202,"Compact diesel SUV with automatic transmission, premium interior, electronic stability control, rear camera, ABS, spacious cabin and comfortable long-distance performance.",35
2025,8,Model 2,V203,"Sporty compact SUV featuring a 1.5L turbo petrol engine, manual transmission, LED lighting, touchscreen navigation and dynamic styling for enthusiastic drivers.",71
2025,8,Model 2,V204,"Compact SUV with turbo petrol engine and automatic transmission, push-button start, automatic climate control, connected vehicle technology and premium comfort.",75
2025,8,Model 2,V205,"Hybrid compact SUV with 1.5L petrol hybrid engine, e-CVT transmission, regenerative braking, outstanding fuel economy, advanced safety systems and intelligent driving assistance.",93
2025,8,Model 2,V206,"All-electric compact SUV producing 150 kW, fast charging support, approximately 450 km driving range, regenerative braking and connected smart mobility features.",68
2025,8,Model 2,V207,"Premium AWD SUV with 2.0L turbo petrol engine, panoramic sunroof, leather upholstery, 360-degree camera, ADAS safety features and luxury interior.",80
2025,8,Model 2,V208,"Premium diesel SUV equipped with AWD, terrain response modes, seven-seat configuration, premium audio system and excellent highway capability.",79
2025,8,Model 2,V209,"Family SUV powered by a 2.0L turbo petrol engine, automatic transmission, digital instrument cluster, connected navigation and spacious seven-seat layout.",47
2025,8,Model 2,V210,"Hybrid family SUV offering advanced driver assistance, adaptive cruise control, premium comfort, efficient hybrid technology and smooth e-CVT transmission.",65
2025,8,Model 3,V301,"Executive sedan with 1.8L petrol engine, premium cabin, manual transmission, projector LED headlamps and elegant styling.",89
2025,8,Model 3,V302,"Executive automatic sedan with leather upholstery, dual-zone climate control, connected infotainment and refined ride quality.",35
2025,8,Model 3,V303,"Performance sedan featuring a 2.0L petrol engine, paddle shifters, sport suspension, 18-inch alloy wheels and responsive handling.",71
2025,8,Model 3,V304,"Luxury hybrid sedan with intelligent safety systems, premium interior, exceptional fuel efficiency and smooth e-CVT performance.",75
2025,8,Model 3,V305,"Performance edition sedan powered by a turbo petrol engine with premium infotainment, sport exhaust, wireless charging and athletic design.",93
2025,8,Model 3,V306,"Executive diesel sedan offering automatic transmission, spacious rear seating, superior ride comfort and long-distance efficiency.",68
2025,8,Model 3,V307,"Luxury petrol sedan with panoramic sunroof, premium leather interior, ten airbags, connected technology and refined driving dynamics.",80
2025,8,Model 3,V308,"Luxury hybrid sedan equipped with adaptive cruise control, ventilated seats, premium sound system and intelligent safety features.",79
2025,8,Model 3,V309,"Electric luxury sedan delivering approximately 550 km range, fast charging capability, connected vehicle platform and premium comfort.",47
2025,8,Model 3,V310,"High-performance dual-motor electric sedan capable of rapid acceleration, all-wheel drive, advanced driver assistance and cutting-edge technology.",65
2025,8,Model 4,V401,"Luxury seven-seat SUV with 2.5L petrol engine, AWD, panoramic sunroof, leather seats, premium infotainment and exceptional comfort.",33
2025,8,Model 4,V402,"Luxury diesel SUV with terrain management system, electronic parking brake, connected technology and spacious premium cabin.",21
2025,8,Model 4,V403,"Performance SUV featuring a 3.0L turbo petrol engine, adaptive suspension, AWD system and 20-inch alloy wheels.",56
2025,8,Model 4,V404,"Flagship luxury SUV powered by a 3.0L V6 petrol engine, ventilated seats, 360-degree camera, ADAS Level 2 and premium craftsmanship.",42
2025,8,Model 4,V405,"Flagship diesel SUV with air suspension, intelligent AWD, premium leather interior, advanced infotainment and executive comfort.",39
2025,8,Model 4,V406,"Dual-motor electric luxury SUV producing 300 kW, approximately 600 km driving range, ultra-fast charging, autonomous driving features and premium technology.",24
2025,8,Model 4,V407,"Performance electric SUV with dual-motor AWD, sports interior, rapid acceleration, intelligent safety systems and dynamic driving experience.",23
2025,8,Model 4,V408,"Flagship hybrid SUV powered by a 3.5L V6 hybrid engine, captain seats, panoramic glass roof, premium surround audio and comprehensive driver assistance.",28
2025,9,Model 1,V101,"Premium hatchback with a 1.2L petrol engine, 5-speed manual transmission, seating for five, dual airbags, ABS with EBD, LED DRLs, touchscreen infotainment, Apple CarPlay & Android Auto, excellent fuel efficiency and smooth city driving.",36
2025,9,Model 1,V102,"Premium hatchback powered by a 1.2L petrol engine with automatic transmission, reverse camera, cruise control, alloy wheels, automatic climate control and advanced infotainment for comfortable urban travel.",14
2025,9,Model 1,V103,"Mid-size sedan featuring a 1.5L petrol engine, manual transmission, spacious cabin, LED headlamps, rear AC vents, smart key access and balanced performance for everyday driving.",26
2025,9,Model 1,V104,"Premium sedan equipped with a 1.5L petrol engine and CVT automatic transmission, sunroof, wireless charging, connected car technology, six airbags and refined ride comfort.",11
2025,9,Model 2,V201,"Compact SUV powered by a 1.5L turbo diesel engine with manual gearbox, hill hold assist, rear parking sensors, 17-inch alloy wheels and practical family-oriented features.",122
2025,9,Model 2,V202,"Compact diesel SUV with automatic transmission, premium interior, electronic stability control, rear camera, ABS, spacious cabin and comfortable long-distance performance.",99
2025,9,Model 2,V203,"Sporty compact SUV featuring a 1.5L turbo petrol engine, manual transmission, LED lighting, touchscreen navigation and dynamic styling for enthusiastic drivers.",100
2025,9,Model 2,V204,"Compact SUV with turbo petrol engine and automatic transmission, push-button start, automatic climate control, connected vehicle technology and premium comfort.",121
2025,9,Model 2,V205,"Hybrid compact SUV with 1.5L petrol hybrid engine, e-CVT transmission, regenerative braking, outstanding fuel economy, advanced safety systems and intelligent driving assistance.",117
2025,9,Model 2,V206,"All-electric compact SUV producing 150 kW, fast charging support, approximately 450 km driving range, regenerative braking and connected smart mobility features.",57
2025,9,Model 2,V207,"Premium AWD SUV with 2.0L turbo petrol engine, panoramic sunroof, leather upholstery, 360-degree camera, ADAS safety features and luxury interior.",95
2025,9,Model 2,V208,"Premium diesel SUV equipped with AWD, terrain response modes, seven-seat configuration, premium audio system and excellent highway capability.",73
2025,9,Model 2,V209,"Family SUV powered by a 2.0L turbo petrol engine, automatic transmission, digital instrument cluster, connected navigation and spacious seven-seat layout.",75
2025,9,Model 2,V210,"Hybrid family SUV offering advanced driver assistance, adaptive cruise control, premium comfort, efficient hybrid technology and smooth e-CVT transmission.",67
2025,9,Model 3,V301,"Executive sedan with 1.8L petrol engine, premium cabin, manual transmission, projector LED headlamps and elegant styling.",122
2025,9,Model 3,V302,"Executive automatic sedan with leather upholstery, dual-zone climate control, connected infotainment and refined ride quality.",99
2025,9,Model 3,V303,"Performance sedan featuring a 2.0L petrol engine, paddle shifters, sport suspension, 18-inch alloy wheels and responsive handling.",100
2025,9,Model 3,V304,"Luxury hybrid sedan with intelligent safety systems, premium interior, exceptional fuel efficiency and smooth e-CVT performance.",121
2025,9,Model 3,V305,"Performance edition sedan powered by a turbo petrol engine with premium infotainment, sport exhaust, wireless charging and athletic design.",117
2025,9,Model 3,V306,"Executive diesel sedan offering automatic transmission, spacious rear seating, superior ride comfort and long-distance efficiency.",57
2025,9,Model 3,V307,"Luxury petrol sedan with panoramic sunroof, premium leather interior, ten airbags, connected technology and refined driving dynamics.",95
2025,9,Model 3,V308,"Luxury hybrid sedan equipped with adaptive cruise control, ventilated seats, premium sound system and intelligent safety features.",73
2025,9,Model 3,V309,"Electric luxury sedan delivering approximately 550 km range, fast charging capability, connected vehicle platform and premium comfort.",75
2025,9,Model 3,V310,"High-performance dual-motor electric sedan capable of rapid acceleration, all-wheel drive, advanced driver assistance and cutting-edge technology.",67
2025,9,Model 4,V401,"Luxury seven-seat SUV with 2.5L petrol engine, AWD, panoramic sunroof, leather seats, premium infotainment and exceptional comfort.",37
2025,9,Model 4,V402,"Luxury diesel SUV with terrain management system, electronic parking brake, connected technology and spacious premium cabin.",61
2025,9,Model 4,V403,"Performance SUV featuring a 3.0L turbo petrol engine, adaptive suspension, AWD system and 20-inch alloy wheels.",18
2025,9,Model 4,V404,"Flagship luxury SUV powered by a 3.0L V6 petrol engine, ventilated seats, 360-degree camera, ADAS Level 2 and premium craftsmanship.",46
2025,9,Model 4,V405,"Flagship diesel SUV with air suspension, intelligent AWD, premium leather interior, advanced infotainment and executive comfort.",40
2025,9,Model 4,V406,"Dual-motor electric luxury SUV producing 300 kW, approximately 600 km driving range, ultra-fast charging, autonomous driving features and premium technology.",19
2025,9,Model 4,V407,"Performance electric SUV with dual-motor AWD, sports interior, rapid acceleration, intelligent safety systems and dynamic driving experience.",53
2025,9,Model 4,V408,"Flagship hybrid SUV powered by a 3.5L V6 hybrid engine, captain seats, panoramic glass roof, premium surround audio and comprehensive driver assistance.",67
2025,10,Model 1,V101,"Premium hatchback with a 1.2L petrol engine, 5-speed manual transmission, seating for five, dual airbags, ABS with EBD, LED DRLs, touchscreen infotainment, Apple CarPlay & Android Auto, excellent fuel efficiency and smooth city driving.",20
2025,10,Model 1,V102,"Premium hatchback powered by a 1.2L petrol engine with automatic transmission, reverse camera, cruise control, alloy wheels, automatic climate control and advanced infotainment for comfortable urban travel.",14
2025,10,Model 1,V103,"Mid-size sedan featuring a 1.5L petrol engine, manual transmission, spacious cabin, LED headlamps, rear AC vents, smart key access and balanced performance for everyday driving.",24
2025,10,Model 1,V104,"Premium sedan equipped with a 1.5L petrol engine and CVT automatic transmission, sunroof, wireless charging, connected car technology, six airbags and refined ride comfort.",29
2025,10,Model 2,V201,"Compact SUV powered by a 1.5L turbo diesel engine with manual gearbox, hill hold assist, rear parking sensors, 17-inch alloy wheels and practical family-oriented features.",161
2025,10,Model 2,V202,"Compact diesel SUV with automatic transmission, premium interior, electronic stability control, rear camera, ABS, spacious cabin and comfortable long-distance performance.",161
2025,10,Model 2,V203,"Sporty compact SUV featuring a 1.5L turbo petrol engine, manual transmission, LED lighting, touchscreen navigation and dynamic styling for enthusiastic drivers.",53
2025,10,Model 2,V204,"Compact SUV with turbo petrol engine and automatic transmission, push-button start, automatic climate control, connected vehicle technology and premium comfort.",59
2025,10,Model 2,V205,"Hybrid compact SUV with 1.5L petrol hybrid engine, e-CVT transmission, regenerative braking, outstanding fuel economy, advanced safety systems and intelligent driving assistance.",81
2025,10,Model 2,V206,"All-electric compact SUV producing 150 kW, fast charging support, approximately 450 km driving range, regenerative braking and connected smart mobility features.",158
2025,10,Model 2,V207,"Premium AWD SUV with 2.0L turbo petrol engine, panoramic sunroof, leather upholstery, 360-degree camera, ADAS safety features and luxury interior.",152
2025,10,Model 2,V208,"Premium diesel SUV equipped with AWD, terrain response modes, seven-seat configuration, premium audio system and excellent highway capability.",86
2025,10,Model 2,V209,"Family SUV powered by a 2.0L turbo petrol engine, automatic transmission, digital instrument cluster, connected navigation and spacious seven-seat layout.",136
2025,10,Model 2,V210,"Hybrid family SUV offering advanced driver assistance, adaptive cruise control, premium comfort, efficient hybrid technology and smooth e-CVT transmission.",85
2025,10,Model 3,V301,"Executive sedan with 1.8L petrol engine, premium cabin, manual transmission, projector LED headlamps and elegant styling.",161
2025,10,Model 3,V302,"Executive automatic sedan with leather upholstery, dual-zone climate control, connected infotainment and refined ride quality.",161
2025,10,Model 3,V303,"Performance sedan featuring a 2.0L petrol engine, paddle shifters, sport suspension, 18-inch alloy wheels and responsive handling.",53
2025,10,Model 3,V304,"Luxury hybrid sedan with intelligent safety systems, premium interior, exceptional fuel efficiency and smooth e-CVT performance.",59
2025,10,Model 3,V305,"Performance edition sedan powered by a turbo petrol engine with premium infotainment, sport exhaust, wireless charging and athletic design.",81
2025,10,Model 3,V306,"Executive diesel sedan offering automatic transmission, spacious rear seating, superior ride comfort and long-distance efficiency.",158
2025,10,Model 3,V307,"Luxury petrol sedan with panoramic sunroof, premium leather interior, ten airbags, connected technology and refined driving dynamics.",152
2025,10,Model 3,V308,"Luxury hybrid sedan equipped with adaptive cruise control, ventilated seats, premium sound system and intelligent safety features.",86
2025,10,Model 3,V309,"Electric luxury sedan delivering approximately 550 km range, fast charging capability, connected vehicle platform and premium comfort.",136
2025,10,Model 3,V310,"High-performance dual-motor electric sedan capable of rapid acceleration, all-wheel drive, advanced driver assistance and cutting-edge technology.",85
2025,10,Model 4,V401,"Luxury seven-seat SUV with 2.5L petrol engine, AWD, panoramic sunroof, leather seats, premium infotainment and exceptional comfort.",46
2025,10,Model 4,V402,"Luxury diesel SUV with terrain management system, electronic parking brake, connected technology and spacious premium cabin.",44
2025,10,Model 4,V403,"Performance SUV featuring a 3.0L turbo petrol engine, adaptive suspension, AWD system and 20-inch alloy wheels.",16
2025,10,Model 4,V404,"Flagship luxury SUV powered by a 3.0L V6 petrol engine, ventilated seats, 360-degree camera, ADAS Level 2 and premium craftsmanship.",35
2025,10,Model 4,V405,"Flagship diesel SUV with air suspension, intelligent AWD, premium leather interior, advanced infotainment and executive comfort.",33
2025,10,Model 4,V406,"Dual-motor electric luxury SUV producing 300 kW, approximately 600 km driving range, ultra-fast charging, autonomous driving features and premium technology.",86
2025,10,Model 4,V407,"Performance electric SUV with dual-motor AWD, sports interior, rapid acceleration, intelligent safety systems and dynamic driving experience.",26
2025,10,Model 4,V408,"Flagship hybrid SUV powered by a 3.5L V6 hybrid engine, captain seats, panoramic glass roof, premium surround audio and comprehensive driver assistance.",86
2025,11,Model 1,V101,"Premium hatchback with a 1.2L petrol engine, 5-speed manual transmission, seating for five, dual airbags, ABS with EBD, LED DRLs, touchscreen infotainment, Apple CarPlay & Android Auto, excellent fuel efficiency and smooth city driving.",34
2025,11,Model 1,V102,"Premium hatchback powered by a 1.2L petrol engine with automatic transmission, reverse camera, cruise control, alloy wheels, automatic climate control and advanced infotainment for comfortable urban travel.",23
2025,11,Model 1,V103,"Mid-size sedan featuring a 1.5L petrol engine, manual transmission, spacious cabin, LED headlamps, rear AC vents, smart key access and balanced performance for everyday driving.",44
2025,11,Model 1,V104,"Premium sedan equipped with a 1.5L petrol engine and CVT automatic transmission, sunroof, wireless charging, connected car technology, six airbags and refined ride comfort.",40
2025,11,Model 2,V201,"Compact SUV powered by a 1.5L turbo diesel engine with manual gearbox, hill hold assist, rear parking sensors, 17-inch alloy wheels and practical family-oriented features.",84
2025,11,Model 2,V202,"Compact diesel SUV with automatic transmission, premium interior, electronic stability control, rear camera, ABS, spacious cabin and comfortable long-distance performance.",121
2025,11,Model 2,V203,"Sporty compact SUV featuring a 1.5L turbo petrol engine, manual transmission, LED lighting, touchscreen navigation and dynamic styling for enthusiastic drivers.",91
2025,11,Model 2,V204,"Compact SUV with turbo petrol engine and automatic transmission, push-button start, automatic climate control, connected vehicle technology and premium comfort.",151
2025,11,Model 2,V205,"Hybrid compact SUV with 1.5L petrol hybrid engine, e-CVT transmission, regenerative braking, outstanding fuel economy, advanced safety systems and intelligent driving assistance.",107
2025,11,Model 2,V206,"All-electric compact SUV producing 150 kW, fast charging support, approximately 450 km driving range, regenerative braking and connected smart mobility features.",99
2025,11,Model 2,V207,"Premium AWD SUV with 2.0L turbo petrol engine, panoramic sunroof, leather upholstery, 360-degree camera, ADAS safety features and luxury interior.",118
2025,11,Model 2,V208,"Premium diesel SUV equipped with AWD, terrain response modes, seven-seat configuration, premium audio system and excellent highway capability.",134
2025,11,Model 2,V209,"Family SUV powered by a 2.0L turbo petrol engine, automatic transmission, digital instrument cluster, connected navigation and spacious seven-seat layout.",147
2025,11,Model 2,V210,"Hybrid family SUV offering advanced driver assistance, adaptive cruise control, premium comfort, efficient hybrid technology and smooth e-CVT transmission.",113
2025,11,Model 3,V301,"Executive sedan with 1.8L petrol engine, premium cabin, manual transmission, projector LED headlamps and elegant styling.",84
2025,11,Model 3,V302,"Executive automatic sedan with leather upholstery, dual-zone climate control, connected infotainment and refined ride quality.",121
2025,11,Model 3,V303,"Performance sedan featuring a 2.0L petrol engine, paddle shifters, sport suspension, 18-inch alloy wheels and responsive handling.",91
2025,11,Model 3,V304,"Luxury hybrid sedan with intelligent safety systems, premium interior, exceptional fuel efficiency and smooth e-CVT performance.",151
2025,11,Model 3,V305,"Performance edition sedan powered by a turbo petrol engine with premium infotainment, sport exhaust, wireless charging and athletic design.",107
2025,11,Model 3,V306,"Executive diesel sedan offering automatic transmission, spacious rear seating, superior ride comfort and long-distance efficiency.",99
2025,11,Model 3,V307,"Luxury petrol sedan with panoramic sunroof, premium leather interior, ten airbags, connected technology and refined driving dynamics.",118
2025,11,Model 3,V308,"Luxury hybrid sedan equipped with adaptive cruise control, ventilated seats, premium sound system and intelligent safety features.",134
2025,11,Model 3,V309,"Electric luxury sedan delivering approximately 550 km range, fast charging capability, connected vehicle platform and premium comfort.",147
2025,11,Model 3,V310,"High-performance dual-motor electric sedan capable of rapid acceleration, all-wheel drive, advanced driver assistance and cutting-edge technology.",113
2025,11,Model 4,V401,"Luxury seven-seat SUV with 2.5L petrol engine, AWD, panoramic sunroof, leather seats, premium infotainment and exceptional comfort.",44
2025,11,Model 4,V402,"Luxury diesel SUV with terrain management system, electronic parking brake, connected technology and spacious premium cabin.",40
2025,11,Model 4,V403,"Performance SUV featuring a 3.0L turbo petrol engine, adaptive suspension, AWD system and 20-inch alloy wheels.",50
2025,11,Model 4,V404,"Flagship luxury SUV powered by a 3.0L V6 petrol engine, ventilated seats, 360-degree camera, ADAS Level 2 and premium craftsmanship.",64
2025,11,Model 4,V405,"Flagship diesel SUV with air suspension, intelligent AWD, premium leather interior, advanced infotainment and executive comfort.",62
2025,11,Model 4,V406,"Dual-motor electric luxury SUV producing 300 kW, approximately 600 km driving range, ultra-fast charging, autonomous driving features and premium technology.",59
2025,11,Model 4,V407,"Performance electric SUV with dual-motor AWD, sports interior, rapid acceleration, intelligent safety systems and dynamic driving experience.",24
2025,11,Model 4,V408,"Flagship hybrid SUV powered by a 3.5L V6 hybrid engine, captain seats, panoramic glass roof, premium surround audio and comprehensive driver assistance.",84
2025,12,Model 1,V101,"Premium hatchback with a 1.2L petrol engine, 5-speed manual transmission, seating for five, dual airbags, ABS with EBD, LED DRLs, touchscreen infotainment, Apple CarPlay & Android Auto, excellent fuel efficiency and smooth city driving.",34
2025,12,Model 1,V102,"Premium hatchback powered by a 1.2L petrol engine with automatic transmission, reverse camera, cruise control, alloy wheels, automatic climate control and advanced infotainment for comfortable urban travel.",26
2025,12,Model 1,V103,"Mid-size sedan featuring a 1.5L petrol engine, manual transmission, spacious cabin, LED headlamps, rear AC vents, smart key access and balanced performance for everyday driving.",21
2025,12,Model 1,V104,"Premium sedan equipped with a 1.5L petrol engine and CVT automatic transmission, sunroof, wireless charging, connected car technology, six airbags and refined ride comfort.",28
2025,12,Model 2,V201,"Compact SUV powered by a 1.5L turbo diesel engine with manual gearbox, hill hold assist, rear parking sensors, 17-inch alloy wheels and practical family-oriented features.",105
2025,12,Model 2,V202,"Compact diesel SUV with automatic transmission, premium interior, electronic stability control, rear camera, ABS, spacious cabin and comfortable long-distance performance.",124
2025,12,Model 2,V203,"Sporty compact SUV featuring a 1.5L turbo petrol engine, manual transmission, LED lighting, touchscreen navigation and dynamic styling for enthusiastic drivers.",53
2025,12,Model 2,V204,"Compact SUV with turbo petrol engine and automatic transmission, push-button start, automatic climate control, connected vehicle technology and premium comfort.",153
2025,12,Model 2,V205,"Hybrid compact SUV with 1.5L petrol hybrid engine, e-CVT transmission, regenerative braking, outstanding fuel economy, advanced safety systems and intelligent driving assistance.",87
2025,12,Model 2,V206,"All-electric compact SUV producing 150 kW, fast charging support, approximately 450 km driving range, regenerative braking and connected smart mobility features.",73
2025,12,Model 2,V207,"Premium AWD SUV with 2.0L turbo petrol engine, panoramic sunroof, leather upholstery, 360-degree camera, ADAS safety features and luxury interior.",48
2025,12,Model 2,V208,"Premium diesel SUV equipped with AWD, terrain response modes, seven-seat configuration, premium audio system and excellent highway capability.",95
2025,12,Model 2,V209,"Family SUV powered by a 2.0L turbo petrol engine, automatic transmission, digital instrument cluster, connected navigation and spacious seven-seat layout.",151
2025,12,Model 2,V210,"Hybrid family SUV offering advanced driver assistance, adaptive cruise control, premium comfort, efficient hybrid technology and smooth e-CVT transmission.",157
2025,12,Model 3,V301,"Executive sedan with 1.8L petrol engine, premium cabin, manual transmission, projector LED headlamps and elegant styling.",105
2025,12,Model 3,V302,"Executive automatic sedan with leather upholstery, dual-zone climate control, connected infotainment and refined ride quality.",124
2025,12,Model 3,V303,"Performance sedan featuring a 2.0L petrol engine, paddle shifters, sport suspension, 18-inch alloy wheels and responsive handling.",53
2025,12,Model 3,V304,"Luxury hybrid sedan with intelligent safety systems, premium interior, exceptional fuel efficiency and smooth e-CVT performance.",153
2025,12,Model 3,V305,"Performance edition sedan powered by a turbo petrol engine with premium infotainment, sport exhaust, wireless charging and athletic design.",87
2025,12,Model 3,V306,"Executive diesel sedan offering automatic transmission, spacious rear seating, superior ride comfort and long-distance efficiency.",73
2025,12,Model 3,V307,"Luxury petrol sedan with panoramic sunroof, premium leather interior, ten airbags, connected technology and refined driving dynamics.",48
2025,12,Model 3,V308,"Luxury hybrid sedan equipped with adaptive cruise control, ventilated seats, premium sound system and intelligent safety features.",95
2025,12,Model 3,V309,"Electric luxury sedan delivering approximately 550 km range, fast charging capability, connected vehicle platform and premium comfort.",151
2025,12,Model 3,V310,"High-performance dual-motor electric sedan capable of rapid acceleration, all-wheel drive, advanced driver assistance and cutting-edge technology.",157
2025,12,Model 4,V401,"Luxury seven-seat SUV with 2.5L petrol engine, AWD, panoramic sunroof, leather seats, premium infotainment and exceptional comfort.",71
2025,12,Model 4,V402,"Luxury diesel SUV with terrain management system, electronic parking brake, connected technology and spacious premium cabin.",84
2025,12,Model 4,V403,"Performance SUV featuring a 3.0L turbo petrol engine, adaptive suspension, AWD system and 20-inch alloy wheels.",55
2025,12,Model 4,V404,"Flagship luxury SUV powered by a 3.0L V6 petrol engine, ventilated seats, 360-degree camera, ADAS Level 2 and premium craftsmanship.",43
2025,12,Model 4,V405,"Flagship diesel SUV with air suspension, intelligent AWD, premium leather interior, advanced infotainment and executive comfort.",29
2025,12,Model 4,V406,"Dual-motor electric luxury SUV producing 300 kW, approximately 600 km driving range, ultra-fast charging, autonomous driving features and premium technology.",34
2025,12,Model 4,V407,"Performance electric SUV with dual-motor AWD, sports interior, rapid acceleration, intelligent safety systems and dynamic driving experience.",46
2025,12,Model 4,V408,"Flagship hybrid SUV powered by a 3.5L V6 hybrid engine, captain seats, panoramic glass roof, premium surround audio and comprehensive driver assistance.",37
